id,name,email,city,phone,age
1,Madeline Stark,Cedric45@example.net,East Eileenport,1-729-840-8669 x72331,59
2,Winston Olson,Jakob_Heller16@example.com,Port Nealstead,796-522-5962 x7528,58
3,Dominick Kuphal,Juana37@example.org,Lake Virgil,(519) 297-3848 x5145,46
4,Lauren Heller,Gwendolyn_Legros18@example.com,Schillerside,587.894.1764 x86679,42
5,Miller Lehner,Arturo45@example.net,Clevechester,(219) 618-6941 x60386,41
6,Dr. Garfield Reinger-Waters,Mason34@example.org,Lake Grant,(414) 972-5752,43
7,Katharina Schmeler,Aiyana_Mraz16@example.com,Fort Antonetta,243-913-4794,36
8,Bridget Gerlach,Dave_Cartwright@example.net,Daisyboro,(674) 527-8167 x59267,55
9,Jake O'Connell,Dorthy84@example.com,Fort Charlotteboro,(458) 950-6747 x002,54
10,Mrs. Connie Marvin,Alfonzo.Pacocha35@example.com,Margieborough,(996) 523-5163 x890,21
11,Michale Schuster,Nelson_McCullough36@example.net,Fort Jairostead,871-721-8339,57
12,Melba Littel III,Jeannie_Kuvalis53@example.org,Killeen,649-334-9209 x6565,59
13,Ralph MacGyver V,Joey.Bashirian@example.net,Port Berenice,1-497-496-9622 x8876,56
14,Theodore Marvin,Nicholas_Doyle@example.com,West Angieview,1-787-529-6408 x553,49
15,Demario Koelpin,Margaret58@example.com,Corona,(316) 332-4073,27
16,Mrs. Phyllis Hahn,Omar46@example.net,East Kellenview,1-523-642-0805 x1927,18
17,Eunice Christiansen,Sandrine_Wintheiser64@example.net,West Aiyana,(958) 310-6182,59
18,Mr. Robert Rempel PhD,Vernice.Olson82@example.com,Haltom City,1-592-310-0999,25
19,Renee Hoppe,Abigail.Botsford-Hermann@example.org,Darrionport,810-494-2542 x821,51
20,Clifford Little,Tim14@example.org,South Unique,241.406.7772 x114,22
21,Allen Christiansen,Diane81@example.org,Cummings-Jacobsonfort,(469) 561-0702,48
22,Alexys Thompson,Emile.Rolfson@example.net,Farmington,(275) 325-6074,29
23,Osbaldo Langosh,Willis_Satterfield@example.com,Marcelleton,(909) 798-5765 x3311,33
24,Phillip Turner,Oscar_Kreiger@example.net,Stephenton,(588) 827-1098 x49986,19
25,Lynne Bosco,Ora_Witting98@example.org,Huelsland,(888) 735-8407,41
26,Mrs. Lula Von,Andy_Stanton63@example.org,Port Demetrishaven,660.536.9178,45
27,Jenifer Brakus,Emil.Rice@example.net,Las Vegas,(744) 934-8542 x301,37
28,Dustin Carroll,Enoch.Bartell@example.com,Shawnee,(628) 746-4571 x0699,62
29,Noel Abernathy,Edmund_Skiles@example.org,Bertshire,514-291-2608,20
30,Gust Prohaska,Erna76@example.net,North Vernaview,822-733-7232 x89650,42
31,Eileen Schmeler,Ralph.Marquardt@example.net,Bradberg,1-315-383-6651,44
32,Emily Aufderhar-Rempel,June.Effertz@example.net,Port Christine,1-893-739-0729 x6064,23
33,Mabel Davis,Breanne14@example.net,Garrettborough,313-780-4085 x311,41
34,Sibyl Dickens,Kianna_Harber@example.com,North Yesseniashire,(204) 847-9210,34
35,Adan Ruecker,Santos_Beatty71@example.com,Judgeberg,(220) 850-8441 x906,62
36,Kevin Berge,Teri_Schaefer39@example.net,Port Edgarbury,331-836-9958 x090,43
37,Jo Klein,Hilda53@example.net,Florissant,428.295.4480 x38944,20
38,Summer Heidenreich,Domenica.Pollich-Zboncak@example.com,East Pamelaland,1-900-734-3899 x24735,32
39,Kelvin Larkin,Lillian_Hudson@example.org,Fort Jewell,(633) 452-1944 x9180,26
40,Mr. Raymond Kerluke,Mildred.Hagenes@example.org,Lompoc,1-988-583-4647 x949,53
41,Dayne Conroy,Lilyan_OHara52@example.com,North Bradfordside,514.345.9990 x1488,31
42,Anjali Haag-Lebsack,Sarah41@example.net,West Araceliport,263-587-1756 x4258,35
43,Clyde Douglas,Maggie.Cruickshank26@example.net,Watsicastead,1-436-730-7860 x76742,32
44,Ann Lynch,Jennie.Lueilwitz39@example.com,Eladiotown,373.428.0191 x49139,50
45,Gage Shields,Clayton.Stokes@example.net,East Judsonland,1-859-824-3350 x13219,65
46,Mia Pfannerstill DVM,Jackie_Hand99@example.org,Lake Mitchellboro,436-815-4483 x79274,25
47,Tessie White,Estelle50@example.org,Veumtown,1-951-478-8740,24
48,Mr. Emory Kuvalis,Gerardo78@example.com,East Russelcester,496.453.9439,38
49,Susanna McGlynn,Tara_Von24@example.net,West Katieton,389.621.0166 x59934,27
50,Evalyn Windler,Bernice88@example.org,Smithhaven,823.643.7556,27
51,Jennifer Ernser-Harris,Winston_Batz45@example.com,Port Nathan,211-716-0590 x626,39
52,Stella Kshlerin,Patty.Raynor@example.org,Port St. Lucie,265-967-7704,39
53,Dr. Eunice Aufderhar II,Sherri.Volkman@example.net,West Charity,245-335-2496 x70671,27
54,Terrence Schroeder Sr.,Glenda_Hagenes@example.com,Bennyhaven,437-883-7622 x29119,41
55,Anna Dibbert,Viola.Cummings84@example.org,East Simon,(641) 754-8817 x66068,23
56,Jessie Zemlak,Lynette_Kiehn@example.net,West Sethside,533.319.3874 x94057,53
57,Hector Schroeder,Dorris_Ruecker@example.com,Lincoln,885-317-7884 x6364,23
58,Owen Tromp,Isidro_MacGyver98@example.org,New Taya,(347) 384-7924 x9144,48
59,Mr. Ronnie Cruickshank,Angel_Lowe@example.net,Jaskolskiworth,1-399-948-8612 x81324,48
60,Maritza Thiel,Chelsey.Collier0@example.net,Ramonachester,868.678.9688,32
61,Mr. Douglas Deckow,Perry.Buckridge-Nolan94@example.com,Fort Jaquan,808-641-3172 x1869,45
62,Laurence Weber,Damon78@example.org,Port Gayleboro,328.387.2139,25
63,Tyshawn Funk MD,Jackson_Kovacek45@example.org,Margate,355-793-8814,47
64,Nicolas Reichert-Mraz,Ernest.Fay@example.com,Cindyfurt,1-399-334-1105,63
65,Luciano Flatley,Joshuah27@example.org,Rosiestead,(786) 607-2650 x63417,40
66,Neal Goodwin,Elena.Bailey41@example.net,South Isaacstead,653.252.7256 x9462,60
67,Dr. Joy Sanford,Barton.Kerluke@example.net,Riverview,840.340.1817 x772,60
68,Quinten Mayert,Johnny_Hintz61@example.net,West Clairemouth,1-429-652-4013,28
69,Arlene Hansen,Dwight.Fisher@example.net,Ramonashire,(261) 617-5401,42
70,Trinity Mohr,Keith83@example.net,South Max,710-758-4973 x76475,24
71,Luther Schmitt,Graham.Price@example.net,Sunnyvale,573-662-9466 x786,34
72,Watson Rippin,Tom63@example.com,North Clovis,658.497.0707 x85159,65
73,Raymond Bradtke,Eino_Bayer65@example.net,Braunberg,(487) 775-0718,56
74,Emmy Kertzmann,Bryan6@example.com,North Joeview,614.353.3948 x316,26
75,Lenna Mitchell Sr.,Jimmy_Rice81@example.org,Pensacola,1-944-471-7411 x08438,19
76,Dr. Essie Dickinson,Jermain.Collier@example.net,Perris,(467) 438-2046 x34974,22
77,Marina Reinger PhD,Laverne_Emmerich@example.org,West Lula,1-632-718-4300 x5634,26
78,Trever Nader,Geovanny49@example.net,Streichtown,1-245-511-6164,63
79,Miss Natasha Emard-Dicki,Pasquale.Jaskolski0@example.org,Fort Adrien,909.495.6683,55
80,Mr. Dudley Hammes Jr.,Christy17@example.net,Pollichbury,969-357-2384 x5875,47
81,Al Windler,Patsy_Konopelski@example.com,Kozeymouth,1-786-614-0750 x5666,59
82,Frederic Spinka,Delbert18@example.org,Janboro,758-679-5071 x67261,52
83,Kattie Breitenberg,Ashlynn_Beer74@example.com,East Gradyburgh,310-847-6377,43
84,Yolanda Crist-Vandervort,Reginald.Bradtke96@example.com,West Hartford,650.375.2232,59
85,Wellington Hyatt,Keanu_Donnelly@example.net,Thompsonchester,(550) 342-1960 x9558,28
86,Brendon Mueller,Earline_Abshire43@example.net,Simi Valley,516.760.1414 x150,50
87,Lori Klocko,Gordon_Lockman46@example.com,Lake Nathanielchester,1-537-263-5930 x1572,31
88,Carla Kuhn,Doreen.Rosenbaum@example.org,Renton,(258) 967-5608 x6304,28
89,Dr. Brent Bosco,Eric.Von@example.org,Nolaport,1-560-740-0902 x44534,54
90,Isac Moen,Allan.Lakin15@example.net,South Jana,(625) 649-8795 x53808,45
91,Ms. Sheryl Zieme-Carroll Jr.,Lana.Larkin64@example.com,Lake Ginaburgh,(282) 751-4225 x432,19
92,Junius Veum,Willard94@example.org,South Jessefurt,1-328-281-0341,58
93,Giovani Corwin,Marvin75@example.com,Estelleside,1-994-218-4049 x466,25
94,Randal Cremin,Veronica_Windler@example.org,Ricefield,394-216-0003 x103,52
95,Ms. Bernadette Hahn,Rosie_Hermiston51@example.com,Centennial,811.743.2178 x7619,50
96,Trever Lebsack,Shelley_Nikolaus@example.org,Port Haroldside,1-312-720-7122 x62356,56
97,Mr. Tommie Ebert,Brad.Renner58@example.org,New Jaleel,885.449.4598 x99701,23
98,Timmothy Crona-Predovic IV,Irma_Zemlak1@example.com,Waukegan,689-927-3289 x44358,59
99,Aric Beer,Mildred59@example.net,North Jayda,841-839-3058 x97591,64
100,Edmond Marks,Adell.Wuckert@example.com,Kelleyfield,(406) 747-3400 x496,52
101,Annie Beahan,Levi.Gleichner@example.org,Port Katherineland,1-713-485-2832 x7208,20
102,Melissa Luettgen-Sawayn,Dolores_Romaguera@example.com,Kuphalstad,988-209-8842,43
103,Keshawn Donnelly,Willard46@example.net,Fort Jermaineport,817.471.9318 x0170,30
104,Clara Kozey,Tabitha.Gutkowski-Sanford48@example.com,Port Rebecca,(604) 844-5148,48
105,Bryce Bernier,Willis.Mante8@example.com,Charlotte,746.417.2083,62
106,Dr. Vicenta Prosacco,Marian_Emard@example.com,Anyaton,1-433-743-3155,22
107,Laurel Grimes,Ralph97@example.com,Lake Leonemouth,(774) 469-7195 x30871,54
108,Willis Aufderhar,Elizabeth_Toy14@example.org,Schaefercester,1-734-926-4279 x211,38
109,Jonatan O'Keefe,Augusta.Welch1@example.net,Killeen,(906) 260-6555,21
110,Mr. Lexi Walter,Roosevelt82@example.com,Elgin,1-475-984-5587 x8754,58
111,Victoria Gerhold,Faye.Douglas30@example.com,Cletatown,962-736-3367 x72427,23
112,Mrs. Dawn Schmitt,Crystel_Blick-Wisozk@example.org,Escondido,502-404-7185 x21955,21
113,Jeannette Gutkowski,Alysa.Herman90@example.com,East Darryl,954.900.1467,60
114,Mrs. Domenick Lindgren DVM,Robyn.Hermann91@example.org,Cedar Rapids,1-854-735-8794 x89730,40
115,Howard Johns,Tyrell17@example.net,Smyrna,440-867-8511 x8402,27
116,Dave Nitzsche,Deanna11@example.net,Sunnyvale,350-337-3106 x2637,64
117,Norbert Heaney,Fatima.Predovic@example.com,Jeannettetown,387-679-6418,57
118,Ebba Rowe,Janice.Glover97@example.net,Schneidertown,854-730-6901 x469,38
119,Mr. Tom Konopelski,Magnolia31@example.net,Weimannberg,275.464.9308,52
120,Yesenia Brekke,Trent.Ledner@example.org,Alpharetta,(247) 937-9611 x17361,45
121,Carroll Murphy,Archibald81@example.net,Kenosha,(387) 950-9841,45
122,Dorothy Keeling DDS,Kim.Jerde82@example.org,Carrollport,1-807-588-1602 x337,24
123,Miss Efren Wisozk,Bob_Becker@example.net,Jeradfort,336-518-4406 x5303,30
124,Dr. Joyce Bartoletti,Marian.Trantow6@example.net,New Dolores,995.940.3573 x1164,42
125,Mrs. Diego Mante,Porter.Ward@example.org,South Bernard,(295) 934-1997 x653,59
126,Ms. Wilma Wuckert,Laurence.Treutel@example.org,Hoppeburgh,1-846-521-0682 x82552,22
127,Louis Jast V,Jaylen_Beatty@example.net,North Miami Beach,712.996.1064 x6323,30
128,Audie Williamson,Stuart_DuBuque@example.net,Amirachester,(877) 517-8887 x71573,26
129,Zachery McClure-Sanford,Roderick.Bins@example.net,Baton Rouge,357.600.3142 x248,63
130,Irvin Dach,Alysson.Rempel94@example.net,Greeley,1-266-882-7271 x720,44
131,Claire Ruecker,Dean87@example.com,Elyssatown,1-248-201-8109 x78213,20
132,Karen Kunde,Kali_Schoen26@example.com,McAllen,508-672-0110 x95947,28
133,Al Welch,Garett49@example.org,Port Lisa,318-616-9463 x247,51
134,Enoch Dietrich,Sabrina.Kilback31@example.org,Rowlett,310-753-6937 x20918,63
135,Olivia Ziemann,Eldridge41@example.net,Lake Shawnamouth,(404) 433-0016 x6185,50
136,Lemuel Bosco,Marilie.Reinger67@example.org,East Trycia,(562) 815-5658,58
137,Sheila Hills,Mariam_Barrows7@example.net,Tommieburgh,624-481-6171 x42403,28
138,Darrin Purdy,Emilio.Tillman@example.org,Josephport,(696) 316-1763 x53873,54
139,Nicholaus VonRueden Jr.,Emie_Stiedemann@example.net,North Doreenside,937-789-8472,53
140,Bryan Effertz,Dovie.Prosacco@example.net,Hammescester,1-581-629-4647 x5780,28
141,Ethel Gusikowski,Sim.Cremin61@example.org,East Kendallborough,286.545.9405 x0782,53
142,Caleb Cummerata,Judith49@example.com,Garryton,719.347.9558 x40293,46
143,Mr. Pedro Terry,Frances58@example.com,Tallahassee,272-573-0523 x8384,63
144,Phillip Kovacek,Violette99@example.org,Fort Loyalstead,554.364.1793 x2856,44
145,Madeline Smith,Phil_Beatty95@example.com,South Horaciochester,683-310-9864 x4196,27
146,Miss Katrina Schmitt,Cecelia26@example.net,East Janice,(688) 936-6493 x6158,32
147,Allen McKenzie,Clint.Willms73@example.net,Gleichnerboro,574-859-0741 x46284,58
148,Glennie Cummerata,Pam43@example.net,North Jonburgh,752-914-4835 x7203,59
149,Quinn Robel,Phil.Heathcote75@example.com,Stehrville,(678) 346-6834 x04460,37
150,Mable Champlin,Lilyan_Kautzer@example.org,Watersville,919.602.9191 x30558,57
151,Cecelia Harris,Cody.Considine26@example.net,West Reneehaven,511-309-6768 x410,43
152,Janie Brekke,Isabell.Marquardt@example.net,Cranston,902.416.7648 x77025,50
153,Serenity Gorczany-Braun,Mittie_Brown-Krajcik76@example.org,Fishers,498-401-6393 x16531,62
154,Mr. Ervin Schumm,Rex_Gusikowski94@example.net,Davisstad,262-249-9147 x814,64
155,Doreen Purdy,Reilly_Hane@example.com,West Nashchester,233-229-9773 x278,36
156,Keely Bauch Jr.,Dale_Grimes47@example.net,Welchfort,648-208-6636 x3617,59
157,Mr. Donny Buckridge,Cesar.Schneider@example.com,North Pollyboro,(505) 825-4479 x02530,43
158,Cecelia Schiller,Christina50@example.com,Buckridgeville,588.574.0795 x8816,45
159,Kathleen Williamson,Gretchen.Kuvalis94@example.org,Jeffreyberg,324.402.3525 x137,20
160,Lydia Willms IV,Roberta.Parisian92@example.org,Willfort,(904) 720-7390 x599,42
161,Agnes Harris,Gloria_Sanford@example.org,Port Michaelfurt,1-945-868-5661 x92726,56
162,Ms. Blanca Wiza,Alex11@example.com,Dominicboro,626.659.3490 x9360,22
163,Alexane Hyatt,Chyna.OConner34@example.net,McLaughlinbury,1-247-871-7994 x804,50
164,Sheryl Labadie-Bartoletti,Randy.Dach@example.com,Port Kristyworth,(703) 978-0343 x78484,23
165,Maureen Cummerata,Cletus_Satterfield36@example.net,Morissettefort,(539) 545-3844 x2317,18
166,Mr. Bettie Bode-Lebsack,Terence44@example.org,South Jermaine,807-364-8711 x541,20
167,Mr. Derek VonRueden,Faye.Ortiz@example.org,North Vickie,323.834.7196 x9925,23
168,Jarret Stiedemann,Carmen_Walter@example.com,Schuppemouth,692.873.8739 x94322,25
169,Mr. Randall Gorczany Sr.,Jody.Considine26@example.net,West Blancaboro,302.897.9726 x0338,22
170,Rickey Doyle,Arjun.Gerlach3@example.org,Francescoside,415.315.9349 x51601,23
171,Jay Beer-Boehm,Emil.Quigley@example.org,Port Rubyefurt,(250) 415-1897,34
172,Jo Durgan,Juvenal.OKon@example.com,North Port,345.551.5141 x8571,36
173,Mrs. Bertha Beatty III,Mathias.Gerhold@example.org,West Jennyworth,264.717.8260,56
174,Howell Johnston,Mathew.Blick11@example.net,Fort Randyburgh,1-323-443-0048 x8391,18
175,Patti Kihn,Desmond.Larkin42@example.com,South Raheemshire,1-696-647-2150 x757,23
176,Judith Ankunding-Reilly,Toni.Armstrong@example.org,North Jacquelynland,314.471.7067 x598,64
177,Virgil Cole,Annetta_Muller88@example.org,Denver,(485) 489-3325 x07734,62
178,Hattie Conroy,Ervin_Rowe50@example.com,Kentwood,705.729.7266 x709,32
179,Glenna Harris,Wade_Hoeger@example.org,Santa Clara,(841) 573-7175 x0609,25
180,Terry Sawayn Jr.,Bernice.Rau@example.net,Fisherfort,(721) 804-6978 x5969,36
181,Ara Herzog,Ford8@example.org,Marybury,1-725-968-8968 x161,26
182,Cecil Cormier,Earl_Wolf35@example.com,East Isaiahhaven,(970) 920-2281 x74742,26
183,Ellis MacGyver,Jeannie_Steuber23@example.net,Schulistport,481-351-0654 x8232,36
184,Jailyn Dach,Alvin_Mayer71@example.com,West Melanie,230-502-6697 x298,60
185,Julia Kozey,Magnus.Zieme61@example.org,Jacobistad,(233) 860-2067 x760,19
186,Jay Keeling,Owen99@example.org,West Tomhaven,444-263-2221,38
187,Deja Bayer,Mossie84@example.org,South Rochelle,911-206-7248,37
188,Fernando O'Connell,Amy_Koss67@example.com,New Benny,1-819-814-6472,60
189,Alek Hartmann,Timothy81@example.org,East Elza,530.346.1602 x3299,25
190,Laura Casper Jr.,Krista_Rice-Bednar8@example.org,Abdullahside,(239) 759-8782 x170,21
191,Andrew Green,Vivian34@example.org,Rempelmouth,1-935-280-5434 x6936,41
192,Candace Zboncak,Mindy_Daugherty@example.com,East Timothy,911-442-7070 x0655,37
193,Jane Rice,Brando43@example.org,Hudsonmouth,(810) 979-0703 x5450,41
194,Ebony Murray DDS,Evert36@example.org,Watsicaton,407.812.1866 x95773,26
195,Arnaldo Hickle,Skylar86@example.com,Pleasanton,1-855-262-1824 x6951,56
196,Lambert Stracke,Cynthia.Grady@example.net,Cathrinestead,429.411.0408,61
197,Harley Boyer Jr.,Edwin_Prosacco94@example.com,Cuyahoga Falls,492-811-7115 x60461,62
198,Caleigh Schmeler,Teresa.Emmerich22@example.org,Powlowskifurt,(984) 286-5596 x398,24
199,Ignacio Marvin,Nora.Mayert@example.org,West Bettiefort,(582) 846-0479 x5576,51
200,Jayde Jerde,Jim_Crona95@example.org,Gordonchester,542.805.2328 x096,32
201,Jackeline Mosciski,Wilfred16@example.org,New Mortonfort,(782) 424-1477 x50685,25
202,Preston Feest,Matthew81@example.org,West Glenn,319.382.1066 x34678,33
203,Connie Wiegand,Michele.Schowalter@example.com,Lisamouth,545-915-5763 x3904,50
204,Jon Haley,Marcia31@example.org,Skilesfort,444.858.8907 x992,25
205,Kobe Upton,Lindsey55@example.com,North Sophiefort,1-231-564-4113 x4540,43
206,Gerard Effertz,Darrin_Hudson11@example.net,South Glendamouth,314.424.9411,34
207,Justin Zieme,Zita_Rath@example.org,Kalamazoo,(791) 645-8831,48
208,Diamond Botsford,Irwin_Fadel@example.org,Port Derick,(622) 586-4327 x3126,37
209,Lucy Blanda,Lizzie_Okuneva71@example.org,Cyrusville,324.311.0425 x389,31
210,Marcia Schiller,Gary71@example.org,Jaskolski-Rosenbaumborough,1-266-272-8793 x13776,61
211,Isobel Christiansen,Jaquelin_Stoltenberg88@example.org,East Ernest,395.708.4074 x2706,27
212,Jolie Parisian,Breana_Schuppe@example.com,Nathanfield,336-452-8891,31
213,Francisco O'Reilly,Ayla_Dibbert@example.org,Georgetown,584-490-0195 x9213,29
214,Lavinia Flatley,Blanche19@example.net,Coltenville,508.805.1054 x312,61
215,Cassandra Skiles,Judge29@example.com,Lorenshire,1-972-738-4956 x0615,49
216,Gail Hirthe,Roy93@example.com,Mirandaborough,913.440.6895 x937,44
217,Jaquelin Johns,Kaia.Prosacco-Reichel15@example.com,Trehaven,1-355-997-0032 x50863,47
218,Bennett Stiedemann,Orin8@example.org,North Emma,366.221.0999,60
219,Terri Hauck,Carmen_Daniel9@example.com,Toyshire,807-487-7050 x863,47
220,Derek Stracke,Marlin.Kulas94@example.org,South Boydmouth,978.926.4236 x3549,64
221,Hudson Lemke,Ferne23@example.com,East Alton,769-726-0958,53
222,Larue Bogisich,Mary_Flatley60@example.org,North Helen,449-513-1504,32
223,Maximillian Kulas,Ervin.Connelly0@example.net,Hackettstead,(900) 583-7038 x18742,36
224,Larue Jacobi,Freddy13@example.org,Lake Suzannemouth,481.928.8213 x18111,20
225,Miss Kathleen Lesch,Eloise93@example.net,Bechtelarbury,(818) 711-0227 x79206,27
226,Nelda O'Hara,Lincoln69@example.org,Aydenburgh,(980) 704-4569 x75214,57
227,Connie Price III,Kayleigh87@example.com,Rosieport,555-482-5820 x9978,19
228,Ms. Reba Leuschke,Iliana.Shields0@example.com,Port Gerard,(211) 942-9858 x3707,56
229,Reta Waelchi,Brad.Towne@example.org,West Stephen,563.587.0283,39
230,Rolando Lubowitz,Marco.Bogan-Bauch69@example.com,Fort Ira,316-359-6816 x831,41
231,Rupert Kozey,Cleta.Witting@example.net,Lake Doris,400-385-8313 x52084,42
232,Gavin Abbott,Tricia85@example.com,New Markus,344.836.4165,24
233,Celestine Langworth,Aiden11@example.net,Reston,1-462-745-2398 x833,22
234,Uriah Rolfson II,Estelle93@example.com,Burnsville,(477) 480-4490 x1050,29
235,Ramiro Osinski,Kristin32@example.com,Nancyboro,719.842.7136 x26449,48
236,Lonzo Wehner,Guy85@example.org,North Jessycester,201.276.3547 x47752,36
237,Trenton Mohr,Frankie91@example.net,East Favianstead,1-712-514-0911 x239,34
238,Sandra Wuckert,Darnell91@example.com,Cordieboro,(850) 574-6926 x8873,22
239,Jacquelyn Cronin-Krajcik,Cecilia.Bernhard@example.com,East Gwendolynchester,(489) 452-5488,57
240,Caesar Tromp,Alma67@example.net,Luismouth,(395) 940-1311 x05919,19
241,Violet Runolfsson,Lilly_Harvey@example.com,Pfefferborough,549.415.9440 x976,33
242,Tristin Emard,Iris.Toy27@example.net,Violetfield,519-420-8897 x50884,53
243,Scot Leffler,Mariano_Kunde@example.net,Port Jamarcus,(675) 930-5106 x0826,34
244,Ms. Dayna Ankunding,Elvira58@example.org,Port Claudiaworth,1-994-896-8674 x1711,19
245,Josh Zieme,Constance_Schinner10@example.com,North Chad,1-777-356-2633 x1195,30
246,Bruce Buckridge,Gilberto.Wisozk1@example.com,Gardena,853.273.1574 x2193,52
247,Rick O'Conner,Jazlyn.Dach@example.net,Fort Coty,(732) 657-6513,21
248,Karen Feeney,Gerardo8@example.net,Fort Ubaldoside,(883) 341-3256 x49391,24
249,Hannah Crooks,Jalyn.Klein@example.com,Swiftville,915.218.5206 x280,25
250,Sue Wuckert,Ben37@example.com,Gwendolynmouth,873-472-8327 x057,62
251,Yasmine Waelchi DVM,Lois76@example.org,South Emilia,(313) 566-2790 x2538,35
252,Mr. Malcolm Watsica,Max87@example.org,Zemlak-Friesenstead,811.965.2604 x2190,57
253,Dora Crona,Karelle22@example.com,West Isabelcester,1-787-353-4793 x2288,31
254,Darren Swaniawski,Alberta51@example.org,South Dixie,1-711-573-7698 x8491,57
255,Mr. Mario Prosacco,Clifton_Doyle@example.net,Plantation,(688) 956-8427 x373,59
256,Rahsaan Roob,Jaden_Torphy22@example.org,Ronaldfurt,(971) 872-9671 x61455,56
257,Noelia Gerhold,Rodolfo.Larson@example.net,Faithburgh,461.251.0163 x381,60
258,Grady Schmeler,Jordan.Kub38@example.org,West Teresa,(989) 730-6829 x650,35
259,Ross Goodwin,Litzy20@example.net,Prestonview,756.319.1051 x73725,65
260,Mr. Roger Ruecker,Myrtie.Ledner@example.org,Deonfield,1-639-540-5589 x405,38
261,Darin Mitchell V,Laisha48@example.org,West Angelina,220.271.1043 x8690,36
262,Myrtle Murphy V,Hailie73@example.org,Roswell,(481) 991-3135 x321,52
263,Eldora Hickle,Jake76@example.org,Krajcikbury,(818) 917-4191 x7974,60
264,Georgianna Dickinson,Jalyn.Kutch45@example.net,Schaefer-Uptonstead,(929) 523-0174 x3313,63
265,Carmelo Shanahan,Regina.Lesch83@example.com,Joefort,1-689-487-7721 x392,21
266,Mr. Tyrone Huels,Anne_Green@example.net,Monicaport,1-245-204-8563 x9908,43
267,Vickie Corwin,Rudy_Mayert64@example.org,Port Hannaton,(636) 918-5555 x774,60
268,Ms. Enid Turner,Jessie.Rice66@example.com,Hyattburgh,324.781.6791 x3680,18
269,Dana Effertz,Matthew_Kemmer78@example.com,Roswell,687-725-3259,61
270,Miss Della Connelly,Willa99@example.org,Turcottecester,1-488-455-6468 x11654,44
271,Magnolia Bartell MD,Pat36@example.net,Tyler,256-287-4213,23
272,Patty Casper,Sam.Upton@example.org,Howeshire,(466) 790-0883 x80682,39
273,Pauline Volkman,Guadalupe_Collier93@example.net,New Terrellmouth,(524) 655-0730 x790,55
274,Raina Leannon,Tomasa.Runolfsdottir28@example.org,Temple,752-655-8196,20
275,Della Monahan-Cartwright Sr.,Alia86@example.org,Gusikowskichester,885-459-6259 x405,59
276,Renee Labadie,Maurine_Collier99@example.net,Port Gustavoworth,(218) 949-0552 x3682,30
277,Rashad Sipes MD,Ashley80@example.net,Country Club,(949) 295-1309 x22506,38
278,Ernesto Quigley,Candida89@example.com,Bogisichfield,(812) 610-3478 x09784,64
279,Heidi Nikolaus,Dave_Moore28@example.com,New Kristineton,818-728-3150,19
280,Dr. Haskell Bailey,Lindsey_Hauck93@example.net,East Darbycester,465-979-1394,18
281,Norbert Cremin,Camilla.Brakus@example.com,Faithburgh,1-534-931-2328,45
282,Donald Bode,Sydni57@example.net,East Jeannetteboro,775.413.1138 x8167,48
283,Karolann Langosh,Samantha.Paucek34@example.org,North Dominicside,513-496-1214 x43137,49
284,Kathryn Hilpert I,Elmo_OConnell70@example.org,Elisaville,1-207-525-6271 x91054,52
285,Will Anderson,Geoffrey_Larson27@example.net,Haneland,813.442.7804 x55619,62
286,Julius Cassin DDS,Willard.Greenfelder70@example.com,Lawrence,(890) 691-3881,59
287,Flora Crooks,Pinkie3@example.org,East Tami,(562) 428-6117 x51745,41
288,Peter Gibson,Lillian.Kris23@example.net,Reynoldshaven,411.976.2261 x422,20
289,Mrs. Clemens Bergstrom,Wilhelm17@example.com,Blue Springs,841.928.5501 x5389,57
290,Nina Wilderman II,Herbert.Hammes@example.org,South Chloe,1-576-894-6607 x11327,50
291,Genesis Ullrich,Michelle.Gleichner22@example.org,Faheyview,(333) 958-1435 x02035,31
292,Johanna Kulas,Julien.Vandervort@example.org,Rolfsonfort,1-472-418-1906,18
293,Reina Kunze DVM,Julien.Bogisich@example.com,Huntersville,1-456-773-8263 x21009,60
294,Jay Champlin,Shelia_Robel80@example.com,Crooksfurt,(421) 698-2857 x94831,54
295,Mr. Misael Schmidt,Ambrose_Murphy2@example.net,Marvinside,(801) 236-4010 x35038,52
296,Lea Kertzmann,Ally25@example.com,North Filiberto,827-388-3731,24
297,Carmela Crona,Jesse67@example.net,Buckridgeview,456.973.0529,48
298,Pearlie Sauer V,Rebeka28@example.net,Hoegerport,(498) 708-8479,59
299,Eileen Keeling,Charlotte_McDermott91@example.net,New Crystalmouth,(884) 240-4436 x31803,26
300,Loren Koss,Katheryn53@example.com,East Makennabury,862.564.6106,65
301,Sheldon Brakus,Deja.Deckow@example.net,West Hayleeworth,646-599-1412 x10765,44
302,Ocie Robel,Lambert_Hoeger73@example.com,Montgomery,432-450-8357 x18552,22
303,Waino Lang,Adolfo.Hand@example.com,Dominickland,(260) 558-8562 x9944,55
304,Jerry Klocko,Allan.Kling@example.com,Port Joannachester,1-296-644-4662 x0094,27
305,Dr. Belinda Hettinger-Nienow,Kareem_Gusikowski@example.net,Treutelbury,998.553.5430 x2375,29
306,Mrs. Vickie Schimmel,Barbara7@example.net,New Ronnystad,1-584-374-9933 x86697,28
307,Miss Annabelle Schroeder,Lilyan52@example.org,Lake Santosworth,397-630-0485,49
308,Meaghan Mohr IV,Victoria.Nader96@example.org,Charlottechester,1-859-832-1619 x12518,29
309,Diamond Reynolds,Tammy76@example.com,Fort Simoneworth,(805) 388-3390,47
310,Vera Kris,Heath36@example.com,New Andrewhaven,507-811-5369,41
311,Katie Emard,Doris_Tillman@example.net,Wilmaborough,698-251-4473 x78275,39
312,Dorthy Feil,Phillip.Ortiz37@example.org,Wuckertfurt,(372) 885-5380 x573,31
313,Carl Murazik-Hane,Yvonne21@example.com,West Silvia,392.476.7110 x673,45
314,Germaine Keeling,Jared_West-McDermott71@example.net,West Babylon,998.404.9778,41
315,Charlotte Schumm,Hilda_Russel10@example.net,Howardton,1-585-855-0166 x172,52
316,Jordyn Hickle,Kristy51@example.com,Fort Shaun,1-626-214-6318 x034,34
317,Calvin Schaden,Loren_Nolan@example.net,Rauside,521.404.4171,37
318,Phillip Ward,Barrett19@example.org,South Sylviacester,813-868-6200 x011,42
319,Elmo Beatty-Mills,Hank_Koepp99@example.net,Port Jerodfort,706-231-1404,22
320,Axel Treutel,Kirsten_Dare63@example.net,Jeromemouth,977.574.7663 x178,45
321,Chris Krajcik,Paulette62@example.org,West Ceasar,840.764.7662 x175,26
322,James O'Conner Jr.,Elian52@example.net,Paxtonstead,429.273.8029 x36856,33
323,Juvenal Swaniawski I,Neil59@example.net,Victoria,(963) 321-0846,52
324,Cary Hoppe,Jennie_Leffler75@example.com,Ardenburgh,632-205-7900,23
325,Mr. Lavonne Kiehn,Lula.Gerhold@example.com,New Celia,322-418-2209,54
326,Hipolito Hilll I,Burdette.Skiles@example.org,North Hailee,313.699.0365 x3538,59
327,Trenton Connelly,Grant_Brown@example.org,Wolfffurt,(545) 941-7766 x660,40
328,Pietro Rodriguez,Scot_Corwin75@example.org,Loveland,398.967.8611 x5463,33
329,Gary Bogisich-Stoltenberg Sr.,Jerome.Gulgowski@example.org,Fort Faeton,(965) 988-7971 x7454,25
330,Daren Jast,Simon.Bruen17@example.net,Jaymeborough,1-762-856-1789 x8752,36
331,Ms. Ora Schaden,Kariane.Lang@example.net,McClureside,(437) 626-6633 x252,53
332,Reba Dibbert,Lexus5@example.com,Rickfield,361.249.6802 x190,40
333,Ernesto Glover,Elsie_Orn93@example.org,North Brittany,514.796.2449 x9079,45
334,Miss Edna Kirlin,Nannie.Turner@example.com,East Gilbertofort,(959) 653-6867,64
335,Miss Susan Kuhn,Evert76@example.net,West Jay,476.568.2771 x85669,31
336,Mr. Vernie Oberbrunner,David21@example.net,North Jane,401.483.0011 x0258,42
337,Kailee Flatley,Kara10@example.org,Arelychester,505-899-3925 x99602,63
338,Cassandra Swift,Molly71@example.net,Dublin,297-996-5661 x940,27
339,Gertrude Streich PhD,Chadrick12@example.net,New Claudeberg,408-438-6317 x54923,46
340,Moshe Bogan,Ayden69@example.com,Geoffreyshire,1-807-730-4448,31
341,Mitchel Brekke,Breana.Runte@example.org,Port Barry,860.930.1024,48
342,Otha Bergnaum,Sara_Hartmann@example.org,Lake Lenahaven,(826) 614-5785,60
343,Teresa Parisian,Zora.Haag@example.net,North Jaysonhaven,664-684-3051 x1391,48
344,Julia McCullough,Sally.Bartell@example.net,East Jimmychester,(370) 569-8783,56
345,Dwayne Corwin,Michael_Miller@example.com,Pawtucket,1-361-990-7465 x75825,20
346,Lowell Hyatt,Caterina_Halvorson@example.com,Fort Sibylstad,988.645.1781,22
347,Jayden Pacocha,Destiney.Gutkowski32@example.net,Maricopa,(745) 286-0959,20
348,Janie Feest,Sylvan40@example.net,Lehnerside,805.611.0479 x92330,57
349,Boyd Wolf,Beth.Bogan31@example.com,Pinkchester,1-293-664-4391 x615,61
350,Brenden Ebert,Tyrone.Oberbrunner@example.org,Satterfieldburgh,(834) 423-5590 x328,53
351,Lora Rohan,Raul_Blick89@example.org,East Eliashaven,440.961.9180 x063,40
352,Ross Rempel,Anabel92@example.com,New Fay,(374) 754-6710 x79047,28
353,Vladimir Baumbach III,Israel.Conn@example.com,Gilroy,1-727-995-5388 x8813,27
354,Octavia Lakin,Elenora33@example.com,New Rahsaan,1-689-922-4995 x03721,65
355,Jorge Casper,Lorraine75@example.net,West Hollie,951.971.9455 x73223,58
356,Ginger Cummings,Bo67@example.org,West Minnie,346-346-9222,33
357,Alta Hintz,Mazie.Kshlerin@example.com,Pico Rivera,(492) 884-5023 x14702,47
358,Jorge Bednar,Brady85@example.net,West Keatonbury,(597) 922-8306 x8362,43
359,Ken Keeling,Claudia_King@example.org,O'Connerfield,326-382-7667,51
360,Lyla Nienow,Mitchell33@example.net,Rosettacester,507-500-8066 x0408,60
361,Craig Walker,Ernest_Cremin@example.net,North Gisselle,1-663-633-6555,20
362,Tomas Huels,Penny.Heathcote@example.org,West Penelope,867-579-8486 x38789,27
363,Payton Kub,Kirstin_Wilkinson34@example.com,East Allentown,(205) 511-7299 x37546,64
364,Richmond Steuber,Damian_Schowalter@example.com,Jacquelinechester,274.720.9715 x882,42
365,Camren Corkery,Manuel52@example.org,Lake Foster,529.806.9618 x310,30
366,Mrs. Sienna Swift,Latoya.Huel73@example.com,Willmsbury,641-435-4515 x58956,40
367,Shania Hagenes,Luciano.Jaskolski@example.org,Kovacekhaven,691-344-3371 x94365,54
368,Gail Brekke,Nelson_Gorczany@example.net,Casperville,(555) 405-9146 x16588,43
369,Maryann Dare,Josue_Lubowitz@example.net,Port Dianne,625-810-3179 x209,25
370,Mrs. Mattie Schumm,Jolie.Ward43@example.org,Port Gillianmouth,1-626-477-4775 x50438,53
371,Camille Bergstrom,Lucie_Torphy22@example.org,East Floydberg,233.424.2551 x2732,64
372,Elizabeth Adams,Columbus.Senger@example.net,Lake Carol,828-640-6838 x352,56
373,Mrs. Jasmine West-Schiller,Kendrick_Tromp65@example.net,East Jermaine,411-732-0040,49
374,Wyatt Kutch,Allen_Lowe@example.com,Moenport,353.936.6827 x4397,29
375,Carl Walker,Manuela_Daniel70@example.net,Anitastad,(880) 408-8671,63
376,Don Hane DDS,Leon50@example.org,East Julie,842.488.8770 x3792,27
377,Mrs. Breana Waelchi,Jocelyn84@example.com,Tommyview,505-668-0169 x87062,46
378,Kristi Kessler,Billy96@example.com,Pattyside,644.306.8045 x5829,63
379,Jim Wiza,Lamar_Kilback@example.net,Gorczanychester,1-596-201-4007 x884,57
380,Sean Balistreri-Towne,Nikita_Hauck3@example.net,New Germaine,1-753-425-3853 x83419,53
381,Eleanor Pfannerstill,Piper29@example.org,South Bella,1-379-484-7110 x67078,24
382,Ezra Willms,Nora.Wisoky@example.org,Torpport,402.401.6768,25
383,Alfreda Gislason-Zemlak I,Chasity.Goyette67@example.com,North Aliyahchester,986-788-2430 x9189,29
384,Ashtyn Franey DDS,Garrett_Strosin19@example.org,South Rudy,896-510-4028 x85463,22
385,Vera Hickle,Kenyon.Stoltenberg@example.com,Joymouth,234.361.7251,28
386,Tremayne Koss,Gilbert26@example.org,San Bernardino,(267) 789-5875 x7157,22
387,Hudson Bartoletti,Lilly.Fahey3@example.net,Royal Oak,645.937.8753 x353,61
388,Terence Shanahan,Melvin.Sawayn19@example.net,West Vinnie,(336) 953-5574 x76216,35
389,Emilio Macejkovic,Ryder46@example.com,Rowenaberg,(303) 792-9780 x282,59
390,Janet Kris,Shari32@example.net,Curtisfurt,473-635-2517 x34882,18
391,Mr. Alexander Casper,Vera.Douglas@example.org,Schusterbury,1-658-604-4823,31
392,Sadie Klein,Axel_OKeefe@example.org,North Jaimestead,325.386.0569 x73315,34
393,Noelia Hessel,Ewell62@example.net,Fort Mae,1-605-268-0539 x7532,31
394,Miss Danielle Hayes Jr.,Katelynn26@example.org,North Miami,376.872.9874 x5616,23
395,Trinity Roberts,Emelia.Beer@example.org,Feeneyview,1-707-280-3494 x9110,63
396,Gordon Kertzmann,Felix.Grady41@example.com,Fort Noble,1-476-214-5529,52
397,Bonnie Larson PhD,Jesus.Zboncak@example.com,Hermanport,1-442-883-9938,58
398,Drew Beier,Andreanne_Bernier@example.net,Lake Arnoboro,443.533.2110 x5675,63
399,Eula Sauer DDS,Clinton1@example.net,South Lynda,(564) 860-9035 x10355,25
400,Hassan Smitham,Eloise_Wintheiser@example.net,North Mathewfield,(257) 687-9075,63
401,Percival Pfeffer PhD,Ottis.Hermann90@example.com,Fort Wilber,(975) 368-6472 x4318,43
402,Herbert Koelpin,Camila37@example.com,Vacaville,(903) 656-3663,57
403,Elyse Wehner,Kristie_Stiedemann52@example.org,Uptonstead,(213) 854-8217 x808,42
404,Shyanne Huel,Corey.Koch@example.net,Lowestad,733.708.6616 x3498,54
405,Brett Baumbach,Garret_Nitzsche@example.org,Port Mandyburgh,(856) 851-6148,27
406,Jerod Howell,Jonathon.Windler@example.net,South Billland,(416) 982-2889,32
407,Tammy Roberts,Paul84@example.net,Berkeley,784-598-9156,60
408,Jennings Reynolds Sr.,Jordi.Paucek45@example.net,East Delores,485-721-4016 x34493,52
409,Carlee Weimann,Jazmyne_Witting@example.net,Lake Eula,1-294-913-2141 x82498,40
410,Sheldon Predovic,Steven81@example.org,South Valley,(687) 447-9522 x1727,59
411,Gladys Rempel,Reymundo.Erdman@example.net,Tillmanfort,1-575-907-2931 x48338,55
412,Mackenzie Lang,Josh.Hettinger13@example.com,Josefinaworth,442.225.3003,50
413,Dr. Jarrett Waelchi,Berta.Lesch@example.com,Charlesport,698.318.3472,45
414,Desmond Heidenreich,Belle44@example.com,Tremblayton,444-300-0246 x0112,43
415,Demetrius Morar,Eugene93@example.com,South Priscilla,515.399.1552 x033,58
416,Kirk Steuber,Jeremy.Ankunding@example.org,Farmington,(676) 656-1560 x8901,26
417,Alex Rosenbaum,Rosemarie.Christiansen42@example.net,Stokesburgh,683.803.0519,65
418,Alejandra Reynolds-Baumbach,America61@example.net,New Luzberg,1-981-695-0066 x932,51
419,Candido Schneider,Sanford59@example.com,Port Wanda,718-985-0747,56
420,Ms. Ramona Bailey,Barbara_Dicki25@example.com,Fort Serenity,823.997.5820 x405,62
421,Louise Schoen,Bernadine_Crona@example.com,Samuelview,(209) 374-1286,37
422,Stuart Schroeder,Melany.Morissette@example.org,South Beth,1-454-438-3181 x7172,23
423,Rhonda Mosciski,Marcelo.Grimes93@example.net,Christinaville,1-641-743-8797 x27911,23
424,Mr. Rhoda Senger,Arturo_Effertz@example.com,New Margaritastad,1-974-603-3582 x311,48
425,Columbus Renner,Arvilla93@example.org,Norfolk,698.664.5156 x537,37
426,Taryn Hegmann,Gayle96@example.org,Lake Alfredside,853-327-4294,23
427,Ocie Emard,Kendra82@example.com,Hodkiewiczboro,1-959-540-1972 x32814,25
428,Christina Kreiger,Dorothy.Dibbert@example.com,Las Cruces,995-323-0902 x9829,64
429,Thomas Halvorson,Jimmy61@example.org,O'Reillycester,679.904.3992 x79287,41
430,Dr. Sonia Turcotte-Moore,Nora.Rippin@example.com,Eileenborough,739-616-9881 x761,23
431,Carolyn Funk,Ollie_Bergstrom38@example.org,Layton,1-499-253-2300 x336,56
432,Kasey Hoeger,Roderick.Robel5@example.org,Lake Gustave,(941) 558-4692 x896,25
433,Dr. Meghan Moen DDS,Dorris.Moen@example.net,West Jaimehaven,1-219-396-8989 x92620,30
434,Okey Aufderhar-Anderson DVM,Paris73@example.com,Leschtown,971.346.2904 x5613,62
435,Afton Will,Tia.Schroeder@example.com,West Brandt,(791) 577-3477 x45079,59
436,Odessa Goodwin,Marquise.Brakus64@example.org,North Bransonborough,(885) 642-3433 x563,65
437,Joy Hilll,Barton.Hermann-Krajcik8@example.com,Naperville,(916) 647-7934 x466,65
438,Kacey Berge,Aylin74@example.net,Ziemannbury,905.527.6363 x62013,33
439,Nash Jast,Ian_Vandervort98@example.com,Marcellafield,1-794-837-7312 x83893,31
440,Sabrina Strosin,Hope84@example.org,Simonehaven,1-366-781-5980 x1949,58
441,Mr. Emanuel Klocko,Martin_Prosacco-Reichel57@example.net,West Travonboro,699-422-8864 x168,42
442,Lina Blanda,Branson.King@example.net,Fontana,898.632.2060,49
443,Dr. Edith Corwin DVM,Mike69@example.net,Surprise,805.996.6119 x07946,64
444,Wilma Bailey,Reina4@example.net,Savannah,539-986-2163 x549,25
445,Royce Gerlach,Lazaro58@example.com,Smith-Schinnerside,845-520-2530,30
446,Blake Nicolas,Edgar.Reichert65@example.com,West Brendaton,717.330.2839,30
447,Max Ward,Olga_Marvin@example.com,Fort Mirandaberg,779.303.4943,57
448,Janet Roberts,Miguel_DAmore@example.net,O'Connell-Goldnerport,980.958.4261 x75745,59
449,Leopold Lubowitz Jr.,Tommie74@example.com,Lakeville,(268) 559-2122 x130,65
450,Felix Cormier,Leah.Johnston@example.net,Fort Rafael,750-217-9333,50
451,Brandt Hayes MD,Belinda_Schimmel72@example.org,Reeceview,215-751-8507,35
452,Olga Morar I,Isobel_Hand44@example.net,Strosinberg,(795) 620-7891 x2848,49
453,Dr. Haley Abbott,Ella49@example.com,Bryceland,1-845-817-2807 x27829,38
454,Asia Waters,Tasha36@example.net,Julienville,546.287.3904 x9267,22
455,Curtis Spencer-Cummerata,Cameron.Smith87@example.net,West Bonitashire,577-736-7760 x77108,45
456,Miss Eva Friesen,Ron.Weimann33@example.org,Mablestad,824.351.7029 x600,21
457,Ulises McKenzie-Erdman,Larry94@example.org,Rachelburgh,(744) 620-4568,42
458,Jennie Kerluke,Helen39@example.net,Beckerfort,(246) 430-5134,65
459,Terence Bashirian,Kristine78@example.net,South Ken,361.875.5884 x68558,21
460,Christy Lubowitz,Johanna.Waelchi79@example.net,Carolton,252-541-1080 x715,22
461,Miss Angeline Hermiston-Gleason I,Nyasia_Raynor92@example.com,Glenview,982.601.0443 x976,63
462,Pearline Gerlach,Wade63@example.com,Vista,(973) 940-9756 x665,44
463,Barney Durgan,Elody_Homenick-Beier47@example.org,Redondo Beach,1-519-821-7978 x94792,55
464,Giovanna Zieme,Valentin_Zboncak@example.net,East Monty,543-637-8656,31
465,Kenny Ullrich,Isaac_Waelchi72@example.com,East Jazminshire,550-683-4438 x93428,48
466,Nadia Mills,Sally.Littel@example.net,Pedrofield,(606) 625-7411 x0076,51
467,Vilma Jast,Marcus50@example.net,Port Taureanstad,(229) 302-6572 x43431,65
468,Alice Pouros,Josefa69@example.net,West Edythe,779.213.8239 x34546,19
469,Jazlyn Fay DDS,Roderick13@example.org,Mariannechester,914.663.2839 x461,32
470,Eladio Spencer,Roman32@example.com,New Pearlie,592.593.6856,48
471,Elias Beatty,Patrick_Prosacco85@example.org,Groverhaven,903.799.5896,47
472,Liza Hessel-Robel,Duane50@example.com,Des Plaines,498.236.3563 x7150,27
473,Sid Huels III,Violet.Cummerata92@example.net,Kuhnfort,(829) 902-0648 x518,32
474,Jane Shields,Laurence_Jerde@example.com,Lee's Summit,1-968-933-1229 x037,31
475,Kristoffer Stamm,Rufus63@example.com,North Mertiestead,350-848-2382 x20182,39
476,Kathryn Kemmer,Tyrese.Murphy@example.org,Port Brionna,(984) 752-3827 x2896,27
477,Franklin Reichert,Vito_Tillman84@example.org,Birmingham,(811) 964-5106 x45435,29
478,Ms. Sim Bartell,Henry_Reichert19@example.org,Okunevashire,627-507-4613 x38783,58
479,Jarrod Bradtke III,Esta_Hahn@example.com,Port Cody,1-883-424-8395 x240,55
480,Emmett Smith,Vivien_OReilly57@example.org,Frisco,1-492-917-2339 x239,27
481,Mr. Todd Steuber-Kris,Jeremy.Considine13@example.net,Olsonbury,460.826.8116 x68887,49
482,Mr. Phillip Shanahan,Bonnie56@example.org,Javierstad,493.707.7381 x50383,57
483,Richard Glover,Sharon.Dickinson52@example.org,Jackieville,894-824-4100 x505,38
484,Wm Wunsch,Libbie_Kutch3@example.com,Pinellas Park,768.912.9877 x8292,47
485,Mara Terry,Pascale32@example.com,East Anitaview,536-517-8989 x421,51
486,Renee Goyette,Calvin67@example.net,Purdyburgh,(530) 904-0184 x25619,24
487,Sylvan Fadel MD,German1@example.com,North Marc,562-504-7721,37
488,Silas Runolfsdottir,Juan_Corwin@example.com,Santa Cruz,(436) 297-6004,42
489,Tanya Anderson,Kelley17@example.net,Fort Giafurt,(711) 428-8297 x3226,55
490,Michele Abbott,Elinor.Deckow20@example.net,New Kaceystad,762-724-2282 x8238,29
491,Keegan Wisoky,Josue_Abshire@example.com,Leschview,(478) 443-2681 x76115,61
492,Abdul Heidenreich,Angie.Miller@example.com,North Daren,(566) 514-1354,30
493,Erin Steuber,Jakob5@example.net,Rathstad,224.722.5005 x503,62
494,Felicity Lesch,Jenna.Kuhn@example.org,South Charlene,987-290-2322 x8153,40
495,Sheri Dibbert,Michale_Hammes@example.com,Fort Linneaburgh,708-441-7051,22
496,Delbert Hayes,Adalberto62@example.net,Murrayborough,622-688-8329 x6469,50
497,Naomi Larkin-Heidenreich,Kolby_Rogahn@example.net,Lewisburgh,956.913.4648 x7178,46
498,Kenneth Rempel,Berenice_Fadel68@example.net,Renton,(351) 472-7837 x200,48
499,Jane Kautzer-Carter,Ida_White67@example.com,Walnut Creek,(741) 792-3534 x084,64
500,Lawrence King,Judy.Mann@example.org,Howellstad,489-513-7726,18
501,Laurence Dietrich-Vandervort II,Roosevelt_Koch36@example.com,Lake Kateside,1-450-442-2607 x35514,29
502,Eliezer Doyle,Mamie.Wilkinson0@example.net,Jaskolskiborough,1-272-300-3025 x78538,31
503,Gunnar Rice,Carol.Murray@example.com,Port Chase,(581) 464-1871,41
504,Lula Cormier,Krista.Gottlieb11@example.net,Cesarfort,429-706-0004 x54446,42
505,Abraham Predovic,Elbert38@example.net,Port Joannie,1-348-923-5478 x06197,64
506,Frida Stracke,Alice_Keebler@example.com,Mekhishire,579-571-1440 x7109,65
507,Oswaldo Fahey,Georgia58@example.net,Rolandside,936.424.4801 x5348,47
508,Micaela Mraz,Floyd.Dooley11@example.org,Poway,580-585-5258 x154,29
509,Melody Bernhard MD,Lemuel7@example.org,Kirlinton,1-587-995-0763 x0752,43
510,Irwin Okuneva,Shannon6@example.com,West Earltown,1-509-787-6297 x726,55
511,Angelina Russel,Alvin_McKenzie@example.net,Port Eldridge,996.841.2415,50
512,Alejandro Rodriguez Jr.,Felicia.Hintz@example.net,Fort Lora,372-432-4879 x79842,56
513,Giuseppe Wisozk Sr.,Felipe_Hintz89@example.com,Luraville,724-360-9880 x49934,39
514,Dr. Bennett Lowe,Natalie.Herzog@example.org,Edmundworth,1-588-214-1135 x570,28
515,Mr. Rickey Kub,Evalyn50@example.net,Swiftview,1-368-540-5470 x0011,44
516,Robert Morar,Verlie0@example.org,West Oscar,551-928-0614 x36535,32
517,Raleigh Blick,Gust72@example.net,Osinskimouth,236-351-0660 x400,40
518,Opal Marvin,Liliana33@example.org,South Sheryl,1-318-355-8572 x252,46
519,Boyd Rowe-Kreiger,Gretchen52@example.net,West Levibury,625-519-1849 x8163,25
520,Telly Kunde,Rosie37@example.net,Grimesstad,(584) 776-0894 x41458,22
521,Kate Huel,Ann_Sauer98@example.com,Port Vincentbury,582-444-2965,27
522,Dwayne Wisoky,Carlos.Rowe-Paucek56@example.net,Mesquite,306-430-1459 x7073,45
523,Mr. Frederick Hickle,Tammy.Mante@example.org,West Cornell,1-489-595-4241 x144,24
524,Ms. Ana Stroman,Sheila_Hoppe@example.net,East Deltaside,(659) 397-0404,47
525,Jeff Muller,Cedric55@example.com,Port Paulineberg,(695) 983-2421 x0492,53
526,Aurore O'Conner-Kunde,Saul.Gorczany@example.net,El Dorado Hills,1-292-424-8223 x95695,57
527,Nyah Lowe,Davion.Gislason89@example.net,Baileyboro,1-422-719-8284 x1776,35
528,Theresia Hahn V,Henry.Kassulke84@example.org,Vernafort,422.571.6018 x057,53
529,Carl Zieme,Christ_Bashirian84@example.org,Dickiside,1-912-347-7792 x309,63
530,Brendon Kemmer,Tommy71@example.net,Port Christianton,(974) 266-0841 x77349,26
531,Arianna Schuppe,Juanita.Bartoletti85@example.org,Natalietown,496-220-6799 x799,36
532,Miss Katherine Schinner I,Kale.Klein16@example.org,Chula Vista,(463) 743-9584 x61208,38
533,Loren Cremin,Norman_Balistreri93@example.com,New Candidaboro,384.404.7086 x4347,22
534,Miss Amy Glover MD,Marty84@example.org,North Magaliland,572-819-2062 x0529,35
535,Kailee Hegmann,Diana.Beier61@example.com,Coleport,973.952.0927,24
536,Vinnie Gleichner,Doyle.Schmitt@example.org,Monahanview,932.526.4838,40
537,Ettie Brakus,Wendy_MacGyver26@example.org,Rutherfordfort,299.458.3809 x443,64
538,Alyce Connelly,Maybelle56@example.com,Woodbury,777-566-2844 x0327,39
539,Miss Darien Brakus,Carlos_Bins48@example.org,South Rachael,1-275-655-7564,33
540,Mia Nolan,Gretchen_Cremin@example.net,Schmidtborough,(935) 205-0400 x11644,42
541,Assunta Pollich,Belinda61@example.org,New Luigi,212.770.8828 x46207,36
542,Mr. Janessa Conn,Lisandro73@example.org,New Clyde,342-736-4120 x1220,19
543,Meghan Flatley,Bernard69@example.net,Lake Angietown,506.388.7396,37
544,Dianna Predovic,Susie.Yundt52@example.com,Lloydchester,(527) 839-5714 x492,61
545,Corrine Schaden,Rosa_Treutel@example.net,Weimannfield,764.327.9913,43
546,Cooper Rodriguez,Henderson_Daugherty4@example.net,Pomona,606-822-7047 x27844,23
547,Monique Wintheiser,Josefina.Graham94@example.com,Alekfield,1-784-579-0961,31
548,Lindsey Nolan,Norberto13@example.org,Franklin,1-517-928-4610 x805,61
549,Elaina Bogisich,Lola.Vandervort92@example.com,Streichfield,1-390-846-3284 x5313,55
550,Sandra Cummerata,Dominick.Towne@example.org,Benjaminport,215-568-5907 x1809,22
551,Dr. Lavina Hirthe-Leannon,Junior.Cronin49@example.org,Lake Nathaniel,1-807-672-6483 x285,21
552,Allen Beahan,Alf_Weimann92@example.net,Haleyport,386-580-9583 x1338,65
553,Rosamond DuBuque,Carter47@example.com,Blockberg,829.241.7091 x661,21
554,Allison Graham-Koelpin,Tara.Kemmer20@example.org,Noahbury,1-710-356-4000 x5402,64
555,Lewis Hartmann,Maci.Baumbach81@example.com,Billyfield,1-403-262-3802 x07726,56
556,Rylan Windler,Cordia.Effertz@example.net,Ramiroberg,365-349-0820 x127,39
557,Claudine Block,Citlalli.Buckridge42@example.com,Cherylbury,1-606-883-9585 x28707,23
558,Phillip Jaskolski,Dwayne_Bernier47@example.org,Alameda,640.308.0564 x795,28
559,Alanna Pouros,Theodore60@example.net,New Saultown,(620) 306-2415 x4105,46
560,Mr. Damien Bode,Cindy_Ryan14@example.org,Abbottworth,1-760-687-9584 x2316,30
561,Jaqueline West,Merritt69@example.com,East Anya,(834) 413-7143,19
562,Ralph Ritchie,Kailey_Casper26@example.net,Rancho Palos Verdes,818.631.7349 x693,24
563,Webster Johns,Kristine_Crona@example.net,Schummside,1-720-363-6753,42
564,Lora Bode,Cassidy.Berge@example.com,Casas Adobes,788-212-3431 x8632,46
565,Earnest Pouros,Ofelia.Gleichner63@example.com,South Woodrow,234-511-7448 x04237,28
566,Josue Raynor,Brenna76@example.com,Charlottesville,(649) 647-4523 x71939,41
567,Mrs. Nichole Larkin,Robert.Lang97@example.net,Lake Carl,929.953.5639,65
568,Shemar Dietrich,Rosa.Corkery@example.com,Cartwrightbury,279-934-5832 x2981,57
569,Dr. Bert Kuhic-Gibson,Beverly_Wunsch@example.org,Jenkinsview,369-490-1448,50
570,Levi Greenfelder,Mauricio_Wiza@example.org,Mannfort,1-888-307-0693,39
571,Nichole Parisian,Ella17@example.org,Fort Modestoport,568.985.6303 x6083,39
572,Mrs. Garret Wiza,Lucia_Hilpert50@example.com,Satterfieldstad,842-493-2107,45
573,Delia Monahan,Josie82@example.org,New Chanelle,(547) 584-5771 x69166,26
574,Brain Oberbrunner,Hosea35@example.org,North Carlobury,(568) 318-7662 x92124,46
575,Jewel Hahn,Clint32@example.org,Appleton,(636) 281-0765,43
576,Miss Rosemary Schuppe,Marc_Barrows@example.net,North Lauderdale,(299) 620-6750 x0216,37
577,Nakia Rohan Sr.,Yessenia32@example.net,Larkinfurt,(579) 331-8689 x7795,44
578,Terrance Pollich,Sigrid79@example.com,Weimann-Wiegandberg,1-331-533-3363 x232,59
579,Irma Fisher,Rhonda.Waelchi@example.org,Strongsville,619-314-3102 x156,24
580,Julio O'Kon MD,Katie.Haley@example.net,North Albertoport,(333) 264-9531,27
581,Verna Leuschke,Florida_Stamm9@example.net,Bryanaborough,838.731.0051 x26041,47
582,Nash Durgan,Jeff55@example.org,Bode-Schultzcester,(926) 555-9984,61
583,Rachelle Douglas,Joesph.Johns17@example.org,Hannahland,(769) 589-5333 x86113,40
584,Sophie Mohr,Reva_Bradtke@example.org,Bashirianshire,361.681.8577,53
585,Fernando Becker,Amely83@example.org,West Elliottchester,(351) 650-1688 x314,58
586,Elena Bogan I,Giovani_Carter53@example.com,North Aidan,871.556.7541 x62624,34
587,Sheryl Schamberger,Magdalena.Stehr7@example.org,West Kobe,919.777.0706 x869,53
588,David Walsh,Ada57@example.com,Toms River,695-953-3272 x37952,46
589,Demond Waelchi,Andre.Ward54@example.com,East Gerardboro,791-242-7725 x643,59
590,Kyle Prosacco,Lynda82@example.net,Heidenreichhaven,394.252.0086 x296,47
591,Shelley Hamill,Art62@example.com,New Julianne,601.719.0874 x941,25
592,Alexane Dare,Catherine.Klein4@example.com,Kaelynborough,1-821-888-2231 x0235,36
593,Alonzo Kemmer,Maria_Hermann14@example.com,Mesa,(731) 887-0345 x1912,53
594,Clint Schulist,Mervin53@example.org,Blacksburg,(886) 390-6163 x07293,63
595,Jared Feeney,Electa89@example.net,South Albertofort,1-378-445-6685 x7994,64
596,Dr. Miguel Frami,Alyssa20@example.org,West Ronald,396.948.8781,19
597,Frank Stracke,Brando17@example.org,New Charles,743-706-5098 x59445,61
598,Irene Ondricka,Della67@example.com,Lake Rory,(900) 594-1888 x045,56
599,William Mann MD,Cecilia_Jacobs3@example.net,West Gordon,356.515.7908 x36385,38
600,Mr. Kristopher Bashirian,Julius63@example.com,East Vidalfield,936-580-7028 x314,56
601,Brendan Bogan,Sergio_Nicolas82@example.org,Port Nellieton,389.972.8860 x8851,44
602,Lourdes Bednar II,Daphnee_Mann82@example.org,Westchester,1-685-585-3504 x49758,21
603,Verna Schneider,Louie_Kuhlman36@example.com,Bayonne,925.704.4485,62
604,Mozelle Schmeler,Maye_Denesik29@example.org,West Pauline,(952) 219-4515,49
605,Rudolph Ernser DDS,Aiden_Reinger@example.net,West Anna,735.378.1061 x747,55
606,Steven Terry,Pamela12@example.net,Fort Randall,1-835-494-2459 x99623,49
607,Erin Jones,Cristina_Halvorson93@example.org,Lake Marshall,1-299-637-4681 x5758,49
608,Ricardo Goyette,Bernardo.Wolf@example.org,New Rossside,(943) 391-4523 x95616,48
609,Maggie Hermann,Margot_Ritchie@example.com,Rathfield,355.363.4290 x8481,33
610,Allen Wolff,Jimmy3@example.net,Gradyburgh,470-705-2594,33
611,Josephine Krajcik,Lonnie79@example.org,Wilson,(914) 614-4812 x48008,19
612,Mr. Santiago Schroeder,Kirk_Bruen@example.net,Ricecester,(228) 310-7714 x75695,22
613,Bianka Schuppe,Bruce_Mraz15@example.net,Youngstown,363-796-9691,46
614,Erwin Powlowski,Hugo20@example.org,Ervinborough,261-474-4802,54
615,Dennis Bosco,Erika13@example.org,Port Alysson,284-301-4364,40
616,Norman Wilderman,Eladio.Ritchie67@example.net,Lake Blake,744.988.0166 x755,39
617,Ryleigh Emard,Margarita_Littel@example.net,East Albertahaven,1-295-573-9079,58
618,Bill Witting,Lorenzo.Carroll@example.org,Robbland,(516) 711-1214 x4290,41
619,Shelia Skiles,Fernando.Gutkowski@example.net,Pharr,(658) 599-4592 x88514,51
620,Wilfred Konopelski DDS,Caitlyn6@example.org,Dubuque,(784) 591-7947 x4018,47
621,Dr. Markus Stokes,Caleb_Goldner@example.com,Maricopa,(218) 307-4624 x2502,55
622,Clifton Dibbert,Vera33@example.net,Jeffrybury,(388) 662-1984 x346,25
623,Winnifred Wehner,Thurman.Parisian73@example.org,Leonieview,678-370-5218 x525,60
624,Rachel Buckridge,Carolyn56@example.org,Fort Wilsonworth,(960) 488-2333,50
625,Bonnie Schroeder Sr.,Brett.Bins20@example.com,West Helmer,452.525.5768 x0865,37
626,Floyd Runolfsson,Gilbert_Blick@example.net,Port Brandynborough,1-207-948-7388 x4334,18
627,Kennedi Lebsack DVM,Teresa_Metz@example.com,Carmel,877-722-5342,25
628,Chester Lockman,Kristin_Carter4@example.net,New Adriel,(700) 606-2628,61
629,Alyson Ondricka,Willow.Fahey@example.com,Lake Hertaberg,1-517-455-6558 x3913,61
630,Bernadette Greenholt,Priscilla_Kerluke2@example.com,Percivalside,(399) 728-1537 x45314,18
631,Karina Frami,Jasper_Klein46@example.org,Lynwood,1-493-556-9180 x9473,20
632,Heather Kshlerin,Nathan.Waters@example.com,Nitzschebury,947.906.5502,24
633,Ida Parker,Moses58@example.org,New Essieview,(909) 587-8259,23
634,Tommy Carroll,Leroy94@example.net,Gresham,1-234-713-0983 x55811,52
635,Clare Morar,Marco.Thiel97@example.org,Gustavoport,1-597-591-8996,46
636,Donnie Lubowitz,Herman_Douglas15@example.com,Racine,788-779-5943 x42555,30
637,Mr. Luis Prosacco,Wilbur_Hilll14@example.org,Port Oceanechester,(300) 888-7277 x3569,65
638,Terrence Jones,Anthony.Goldner@example.com,Lake Solontown,1-991-600-6198 x7958,30
639,Alonzo Gibson,Charlene96@example.com,Elk Grove,(656) 836-7565 x5123,58
640,Shad Keebler,Fermin_Renner@example.net,South Mariahworth,208.715.0662 x88661,54
641,Patrick Bogisich,Kristie.Kiehn27@example.net,Dudleyborough,1-397-791-7613 x68965,22
642,Filiberto Macejkovic,Matt.Champlin0@example.net,Lake Joanny,254-456-2746 x26181,29
643,Jedidiah Kertzmann,Travon.Labadie@example.net,Wehnerville,(773) 224-9256 x068,43
644,Raymond Jacobson,Louie.Bernier@example.net,Lauderhill,(743) 835-3772 x29362,58
645,Mozelle Walter,Kimberly96@example.net,Mount Prospect,785-669-2013,33
646,Annie Hahn,Bridget_Lemke@example.net,South Cameron,548.476.8890 x28957,55
647,Mr. Rodney Maggio,Mathilde.Bernier33@example.org,Elmobury,789.699.7595,55
648,Christina Bogisich,Perry.Kessler21@example.org,Jayview,(668) 215-5215 x24871,31
649,Nicolette Bruen,Kristina58@example.com,Johnsoncester,1-376-969-7454,62
650,Alvin Howe MD,Sylvester84@example.com,Gilbertotown,1-880-999-6651 x9434,38
651,Victor Tromp,Brennon_Hagenes@example.com,Littleton,(675) 897-5590 x4794,58
652,Alfonso Johnson,Brendan4@example.org,Mitchellbury,1-620-516-4672,49
653,Nicklaus Weimann,Ethelyn_Baumbach67@example.com,Lake Makenna,(965) 986-5642 x1647,37
654,Amelie Corwin-O'Kon,Mylene.Johns@example.org,Verastead,(566) 587-9850,56
655,Rudolph Gutmann,Nancy_Prohaska@example.org,North Craig,1-291-613-6639 x74967,59
656,Tasha Gleichner IV,Joey_Wintheiser@example.net,Port Ceceliaworth,1-746-275-4670 x10399,26
657,Marjolaine Ortiz,Summer.Bashirian@example.org,Port Jonathon,342.425.9706,63
658,Diana Veum,Gladys.Lynch26@example.com,South Hubert,796-713-3658 x379,36
659,Miss Leila King,Jacklyn51@example.org,Ebert-Abernathyport,513.924.2815 x8463,28
660,Stuart Marquardt IV,Kelvin87@example.org,Castro Valley,(678) 563-7711,58
661,Mr. Colin Wuckert,Demario3@example.com,New Vicentaberg,943-327-8606 x41773,38
662,Dr. Earl Crist,Olivia.Feil@example.com,East Oliverstead,1-516-417-7667 x3688,61
663,Lisa Franey,Angie34@example.com,Huelchester,202-251-6604 x717,47
664,Brando Luettgen,Bianka_Goldner@example.net,Marietta,(453) 691-3961 x9594,64
665,Vivian McKenzie,Pearl_Quigley45@example.org,Jimmystad,434.404.1647 x250,23
666,May Nicolas DDS,Elias_Mertz7@example.net,Debracester,(887) 528-7811 x935,30
667,Johnathan Schmitt,Jody.Connelly@example.org,Jenkinschester,311.904.2873,32
668,Greg Batz V,Keon.Jones@example.com,Idaho Falls,394.762.0699 x3966,38
669,Letitia McGlynn,Marvin_Marks@example.com,Nicolasstad,1-562-472-3741 x73640,19
670,Dell Quitzon,Edgar.Glover@example.net,Kassulkeberg,1-503-799-5212,27
671,Rosie Dooley,Francesca.Gulgowski24@example.net,North Laura,883.376.1613 x9266,52
672,Rosina Kreiger,Faye92@example.org,West Ethel,(207) 609-4986 x9370,29
673,Dr. Gary Powlowski Sr.,Orville84@example.org,Idaho Falls,636.965.7123 x768,53
674,Kenneth Littel,Angus.Rolfson59@example.org,Schmelerburgh,810-462-9866 x77627,54
675,Kaelyn Ankunding,Terrell66@example.org,East Diana,950-323-0438 x46255,23
676,Miss Ella Hodkiewicz,Byron_Von20@example.org,Madgefurt,314.961.6414 x816,30
677,Mr. Leonor Fahey,Clarence74@example.com,Maricopa,304.897.5638 x335,64
678,Vida Waelchi-Bergnaum,Marietta.Mertz24@example.com,South Ceceliaside,(720) 929-3660 x002,59
679,Dahlia Baumbach,Wendell5@example.org,Nathanaelboro,1-808-894-7781 x4535,23
680,Federico Kautzer,Bethany4@example.org,Lake Emmytown,1-242-570-6936 x712,54
681,Angus Thiel,Cesar.Rice-DuBuque@example.net,Jonesberg,994.432.4597,61
682,Darrell Walter,Yolanda.Upton@example.net,West Hartford,(391) 853-9014 x432,64
683,Susana Hayes,Lavon92@example.com,Lanceworth,360.498.1945 x761,39
684,Darrin Runte-Wilderman,Sylvia.Cassin80@example.org,Chapel Hill,336.893.9981 x6932,62
685,Jacynthe Waters,Arnold.Emard53@example.net,Ivanfurt,1-673-800-3111,57
686,Antonia Jacobi,Mckayla44@example.net,North Kaylincester,793.230.6844 x08590,37
687,Ms. Rosa Boehm,Chelsea2@example.com,South Kristie,(364) 323-0379 x0043,22
688,Duncan Breitenberg,Naomi.Ernser94@example.org,Fort Frank,1-687-809-2455 x06678,27
689,Betty Willms IV,Ricardo.McKenzie16@example.net,New William,856.876.3252 x82932,40
690,Miss Rebecca Schoen,April.Strosin20@example.org,Aylinfort,492.349.2336 x201,46
691,Miss Bernice O'Conner,Sabrina82@example.net,Quitzonchester,1-887-329-8158 x30791,39
692,Ransom Maggio II,Zoe.Ward56@example.com,New Ann,403-829-2326,18
693,Lessie Muller,Jaylin_Hackett3@example.net,Murphycester,1-393-697-9319 x64776,59
694,Cayla Spencer,Andy59@example.com,Ollieport,1-593-969-9974 x14607,42
695,Curt Schaefer,Tomas.Bradtke@example.net,Fort Marcoshaven,1-685-817-9107 x8033,28
696,Woodrow Kunde III,Scarlett_Lehner54@example.com,Barnstable Town,(227) 323-3937,52
697,Elsie Bergstrom,Lyric35@example.com,North Miami,702-782-8107 x0707,53
698,Rebecca McKenzie DVM,Bridget.Volkman@example.com,Renton,1-754-706-2064 x3686,57
699,Betty Rogahn,Levi.Swaniawski98@example.com,Tinley Park,(963) 260-7163 x801,20
700,Ms. Mabel Gottlieb III,Nicolas_Carter92@example.net,Trompstad,827-789-3348 x950,23
701,Paul Franey,Dianna_Kilback3@example.org,South Wendellburgh,(470) 228-7554,34
702,Dayna McClure Sr.,Manuel_Stamm70@example.org,Port Krista,321.328.3342 x24284,59
703,Cary Koepp,Roberta_Hettinger85@example.org,McCulloughstead,(359) 366-2289 x54005,32
704,Dawson Crooks Jr.,Micheal_Emard@example.org,New Reta,782.354.8769,28
705,Kurt Paucek,Moses_McClure26@example.org,New Sylviaburgh,1-550-738-0456 x771,37
706,Tyrese Hartmann,Hanna_Huels@example.net,Dwayneburgh,655-315-8825 x7449,35
707,Gracie Schoen,Vicky_Labadie-Collier@example.com,Boyerstad,650-415-1303 x287,58
708,Thomas Weissnat,Triston43@example.com,West Whitney,853-805-6068 x14338,19
709,Gloria Reinger V,Merle28@example.org,West Lerashire,(876) 385-8311 x8129,40
710,Briana Cummings,Raymundo.Herzog@example.com,West Tabitha,1-735-948-1276 x328,41
711,Easter Swift,Shirley16@example.net,New David,(912) 730-9106 x1126,26
712,Francesca Stokes,Graham.Russel70@example.net,Mirandatown,1-832-610-1350 x062,62
713,Edwin Bashirian,Torrance46@example.net,North Thelma,885.930.0389 x3038,41
714,Maiya Rath,Ann40@example.net,Port Aryanna,(410) 797-4768 x829,65
715,Micheal Littel,Sheri_Yost50@example.com,West Iris,1-522-716-0992 x520,47
716,Patrick Mraz,Rachael16@example.org,Crooksshire,814.252.1099 x63189,40
717,Chad Erdman DVM,Ayana_Bruen2@example.com,Bergnaumburgh,762-987-7441 x727,19
718,Kristie Wilderman,Roland57@example.net,Tacoma,343-635-8067 x3866,42
719,Eden Stark,Charlene_Hermiston@example.net,New Rolando,357.996.1067 x9702,24
720,Pearline Jenkins-Boyle,Everett_Kuhlman@example.com,Durham,277-545-9687 x14905,54
721,Frederik Cole,Kristi_Kautzer91@example.org,Jalenview,1-554-750-0230 x8141,22
722,Javonte Powlowski,Brandi29@example.net,VonRueden-Rogahnfort,207.743.1014 x54595,44
723,Dr. Jared Stoltenberg,Alexandra.Glover@example.net,North Myra,429-631-3059 x38183,59
724,Miss Ora Stracke,Rudy_Heaney9@example.net,Jimburgh,636.585.9457,43
725,Tommie Johns,Harvey_Beahan96@example.org,New Rosemaryhaven,1-551-455-5554 x192,49
726,Dan Stiedemann,Felicity81@example.org,Luettgenstead,381.623.0513 x031,45
727,Timmy Shields,Alycia.Erdman62@example.org,Stuartshire,570.537.9236 x6388,22
728,Alek Prosacco,Raina.Morissette67@example.com,Port Michealmouth,205.474.4116 x4465,60
729,Orion Brown,Leonel3@example.net,South Ellentown,478-611-7463 x88985,28
730,Stacy Rath,Olive_Prohaska@example.org,Colehaven,1-338-745-4939 x2272,60
731,Pearline Koepp Sr.,Ruthie11@example.net,St. Charles,235-671-8577,18
732,Diana Altenwerth,Nicole48@example.com,Satterfieldtown,789.323.7230 x290,63
733,Kenny Hauck II,Ron19@example.org,Thielstad,428-561-6965 x71695,18
734,Dr. Edwin Schumm,Diego98@example.net,South Hughchester,620-259-0738 x495,59
735,Sandy Simonis,Duncan46@example.com,East Sidview,1-439-990-8660 x618,19
736,Victor Cummerata,Faustino.Stokes3@example.com,Sisterhaven,893-347-6655 x055,39
737,Traci Marquardt,Giuseppe_Will22@example.net,Amberport,(499) 738-6186 x670,55
738,Gaston Pfannerstill,Debbie_Simonis70@example.net,North Joanne,(267) 417-1184 x943,39
739,Adaline Farrell III,Alfredo19@example.com,Shannyside,1-520-749-7700 x5570,24
740,Jovany Langworth,Vanessa_Keeling31@example.org,Salt Lake City,(540) 962-8815 x3083,57
741,Leroy Schmidt DVM,Durward_Hahn38@example.com,Port Brandynchester,297-414-1857 x5190,25
742,Erma Grant,Joyce7@example.com,Port Monserrat,468-583-8377 x204,61
743,Joanne Greenholt PhD,Tiffany_Mills@example.net,New Keatonburgh,447-502-2252 x283,63
744,Dr. Luke Sawayn-O'Conner,Jarrett73@example.net,Hintzberg,(849) 327-1497 x1094,33
745,Friedrich Casper,Gerardo_Schmitt@example.net,Melbourne,924.412.9799 x7169,32
746,Mr. Wilson Daugherty,Levi16@example.org,Huelsburgh,758.877.3762 x14716,22
747,Sallie Gutmann,Mitchell.Feil-Corwin45@example.net,Leschchester,216-733-9014,51
748,Jena Ortiz,Claude21@example.com,Cyrustown,(202) 640-9453 x259,28
749,Christa Heathcote,Deangelo.Sanford17@example.com,Manteport,(328) 983-6480 x3060,33
750,Mr. Annamae Kirlin,Ubaldo12@example.org,New Carlofurt,(466) 256-4122,24
751,Hester Rowe,Cierra_Abernathy39@example.net,Dublin,(384) 352-6406,44
752,Dr. Paolo Wyman,Domingo.Friesen@example.org,Langfield,603.975.6618 x405,39
753,Beulah Tromp,Judy.Kohler60@example.net,Rosaliemouth,958-549-0199,37
754,Patti Heidenreich,Lori8@example.org,Bayerburgh,856.685.5977 x9034,52
755,Marcus Langosh,Phil17@example.com,Mannborough,(780) 741-3059 x80552,30
756,Marianne Konopelski,Elaina52@example.org,Yostfield,1-523-396-4665,43
757,Ms. Pearl Hodkiewicz,Edgar78@example.net,Chino Hills,417.296.0278,48
758,Felicia Brakus PhD,Bruce74@example.com,Framiland,916-945-1496,33
759,Ramon Goodwin,Lesly_Kutch6@example.org,Conroychester,747.682.3371 x407,33
760,Tina Ruecker,Kathleen.Nienow@example.org,Laguna Niguel,931.838.4069,51
761,Shaun Johnston,Susana.Ankunding95@example.net,Estrellaburgh,(428) 836-4614 x71528,59
762,Erick Glover,Adan_Yost90@example.org,South Winifredberg,294.922.2347,46
763,Cathrine Macejkovic,Terrence26@example.net,Geneberg,(314) 855-9656,39
764,Forest O'Keefe,Alia.Hagenes81@example.org,Helenafort,394-486-7793,44
765,Miss Maya Buckridge-Krajcik,Lily_Denesik40@example.net,Lodi,700.919.1011 x95154,61
766,Jenny Kuvalis,Tammy4@example.com,Kihnstead,1-762-755-5927 x54526,33
767,Gertrude Haag,Barbara35@example.org,Kiehnborough,632-623-7481 x8316,29
768,Aleen Nicolas,Rudolph41@example.org,Lavernetown,434.565.6126 x32674,27
769,Stephanie Auer,Timothy_Runte22@example.net,West Antoniaburgh,(620) 762-9502 x1103,53
770,Mrs. Joannie Dare,Jerald51@example.net,Lake Raphael,992.700.5681 x6607,53
771,Mildred Bahringer,Horace_Stamm-Schulist@example.net,Bradenton,310-412-8597 x6220,62
772,Adrain Runte V,Sonny31@example.net,Lake Heath,(612) 633-4570,61
773,Kody Adams,Estelle.Ledner@example.org,Kurtisfurt,1-218-850-4728 x3348,60
774,Brayan Howe,Tierra_Greenholt99@example.com,Lake Berniece,764-292-0194 x1788,31
775,Mr. Sheldon Rodriguez IV,Paul_Anderson@example.org,Ceres,840.938.8820 x215,47
776,Clementine Grimes,Oral.Lindgren@example.org,Harveyberg,338.234.2971,37
777,Ms. Valentina Pfeffer,Rebeka87@example.com,Quigleyfurt,897-321-0667 x336,21
778,Sheri Legros II,Jaiden44@example.net,Aspen Hill,1-280-643-1290 x64452,59
779,Kaleigh Heaney,Mazie.Lowe@example.net,North Cheyanne,459.709.4348 x42691,59
780,Gerson Block,Nikko28@example.org,Lake Julieport,1-687-867-3604 x08942,53
781,Jacob Batz,Alejandro.Oberbrunner@example.org,Leesburg,1-570-676-6452 x9148,52
782,Justin Ferry-Schowalter,Elvis_Kshlerin@example.net,Port Vernonborough,1-468-294-6409 x49544,34
783,Lucile Swift,Louvenia31@example.com,Tinastad,952.637.8346 x2573,21
784,Wilbur Dibbert,Unique.OKeefe22@example.com,Gutkowskihaven,1-621-307-1985 x5437,29
785,Melba Beahan-Tillman,Cesar.Watsica56@example.net,Chino,342.676.2210,41
786,Jasmin Hammes,Heather_Botsford@example.org,North Louis,622.830.6418 x9908,21
787,Ms. Rosalie Blanda,Diego7@example.net,Leannonburgh,(738) 269-9097 x28595,44
788,Faith Kunze,Kaci49@example.org,Queenburgh,364.750.8847,63
789,Lauren Zulauf,Willard.Little20@example.net,Marksfort,1-790-753-0920 x907,45
790,Christie Stracke,Lynne20@example.net,West Muhammad,746.902.1974 x286,48
791,Preston Medhurst,Karlee65@example.org,East Martine,528-422-8768 x21056,25
792,Cameron Koepp Jr.,Nico90@example.org,New Krista,919-413-5492,44
793,Ozella Volkman III,Matt40@example.net,Lake Aaroncester,919-288-3531 x232,31
794,Kurt Olson,Heath95@example.org,New Jacob,(783) 431-4397 x581,46
795,Miller Wintheiser,Leland52@example.net,Rio Rancho,1-824-202-6901 x219,59
796,Dr. Emanuel Becker,Braxton_Sanford94@example.com,West Phoebefield,(783) 476-4161 x7332,46
797,Else Tremblay-Konopelski,Hope90@example.net,Temecula,421.791.4622 x03604,34
798,Clifton Spinka Sr.,Tabitha_Gibson@example.net,Adamsshire,291.212.6465 x484,28
799,Earnest Corkery,Demarcus.Stracke35@example.com,Newport News,262.861.4504,19
800,Pearline Considine,Bernadette43@example.org,Jasperburgh,845-808-5731 x998,26
801,Albin Bogisich-Runte,Jonathon66@example.com,Edina,417.433.7141 x4258,37
802,Andrea Rodriguez,Marilyn.Denesik15@example.net,Waltertown,1-515-350-4182 x254,42
803,Olaf Miller,Laura_Yundt31@example.org,Marisastead,449.483.2699 x65717,46
804,Brady Willms DVM,Enos21@example.net,North Sydnie,797-797-1710 x211,19
805,Stacy VonRueden,Travon_Steuber@example.org,Lacybury,(903) 859-7883 x1723,48
806,Milton Beier,Desiree.Thiel@example.com,South Eula,(807) 757-8610 x85690,58
807,Tomas Gibson,Maureen49@example.net,Downey,1-689-364-5128 x6832,30
808,Derek Veum,Myrtle7@example.org,Kaiashire,(337) 723-4210 x43336,63
809,Carla Wuckert,Alberta_McKenzie@example.org,Margate,(560) 492-8852 x12931,56
810,Erica Mayer V,Missouri13@example.net,Leschcester,(414) 713-9173 x6841,20
811,Ron Wunsch,Leda_Hyatt@example.net,Jakubowskistad,828.744.5421 x98680,51
812,Dawn Bins,Deanna22@example.com,Sauerview,551.635.1225,55
813,Jordy Weissnat,Kellen47@example.com,East Tommy,328.790.5110 x9105,47
814,Daryl Hegmann DVM,Belinda58@example.org,West Wendellchester,1-786-270-2794 x4023,48
815,Lenny Kiehn,Gerardo11@example.org,Fisherport,628.390.1782 x832,65
816,Wanda Goodwin,Carlo74@example.com,Lake Kenyattaland,540-541-7923 x86059,42
817,Patty Jacobi,Jim_Little@example.net,Jerelburgh,707.343.3030 x245,26
818,Maximillian Beier DVM,Luella_Bosco@example.org,O'Fallon,1-521-710-1976 x3242,44
819,Stuart Zieme,Allan41@example.com,Port Hope,509-982-4956 x0633,64
820,Maggie Bauch,Vanessa97@example.net,New Pierce,1-953-900-5689 x542,24
821,Aiyana Bruen,Elmo_Moore@example.com,Tampa,434.417.1028 x2732,38
822,Clayton Welch,Triston.Champlin@example.com,Shoreline,740.881.4714,59
823,Neva Brekke,Melissa98@example.com,Irmafield,1-618-885-3480 x75247,48
824,Dr. Pete Windler V,Florence_Larson@example.net,Lawton,686.898.0323,26
825,Dr. Baron Feeney,Marcia85@example.com,Joshberg,1-386-314-6899,48
826,Mrs. Nina Reichert-D'Amore,Alexis.Goldner52@example.net,Lake Antonettaview,463-401-0926 x82104,35
827,Arnold Langworth,Adrienne.Rodriguez36@example.org,Harveymouth,423-894-7046 x6911,30
828,Tyrone Farrell,Ubaldo_White41@example.net,Nitzscheville,(488) 961-7571 x5105,44
829,Christian Trantow IV,Dominick_Emard34@example.org,Lisetteshire,(938) 372-2914 x76139,62
830,Clark Block,Maudie_Hauck25@example.net,Greggbury,969.732.9168,30
831,Cody Renner MD,Mara94@example.org,Lake Johnathanhaven,664.522.3150 x6102,49
832,Aryanna Beahan,Cristian71@example.com,Nickstead,(614) 978-9052 x916,22
833,Michelle Boyer Jr.,Skyla_Howell@example.net,Port Idellaside,1-575-532-8760,34
834,Sheryl Wintheiser,Haven_Grady94@example.org,Fort Harveystad,(672) 236-1765 x542,54
835,Benedict Harris,Sherry.Nicolas@example.org,Juliohaven,(327) 503-1587 x3293,55
836,Jalon Hane,Stephanie.Ryan12@example.org,Corvallis,(751) 603-7460 x9660,25
837,Amely Nienow,Andreane75@example.net,Urielbury,950-313-8594 x9624,37
838,Tillman Homenick,Sheila0@example.net,Spencerland,538.850.2228 x01840,43
839,Ms. Judith Christiansen,Loy.Weimann@example.com,Hoegerville,549-611-0805 x3850,64
840,Ernesto Koss,Ebony29@example.net,West Palm Beach,894-365-8199 x5012,54
841,Treva Kshlerin,Aimee_Schiller27@example.org,North Lorene,475.838.3158 x08229,57
842,Hillary Fritsch,Gabriel45@example.net,North Granttown,(934) 634-3791 x14551,25
843,Juliana Hegmann III,Lucienne_Terry@example.org,New Sheldonhaven,479.944.2631 x30779,45
844,Mrs. Opal Herzog,Franklin.Leffler@example.net,Cassinside,391-412-2543 x881,20
845,Randall Berge-Weber Jr.,Bernice_Heller@example.net,Wolff-Skilesboro,659.859.0329 x284,62
846,Victor Steuber DVM,Lizeth_Orn24@example.com,West Ted,501-897-0862 x811,55
847,Camille Jacobi,Theresa_Beier-Lowe54@example.org,East Ashleystead,213-581-5415 x4157,23
848,Chaz Nikolaus,Tyrique72@example.net,East Georgia,(918) 503-8709 x000,26
849,Kaela Schultz,Pearlie_Koelpin52@example.org,New Maiaside,833.549.1814 x5394,28
850,Julio Schroeder,Jay.Harber91@example.com,North Maudehaven,749-481-3040 x180,19
851,Otis Upton V,Raquel.Parisian@example.net,Hectorstead,502.295.4463 x629,21
852,Blanche Hills,Luz_Casper@example.net,Pasco,1-892-352-0605,22
853,Mohammad Legros,Susan.Pacocha90@example.org,West Aidan,1-233-538-0503 x84971,60
854,Ola Pollich PhD,Forrest.Torphy@example.org,Robelstad,(806) 601-1759 x58559,35
855,Glenna Hahn,Jeramie.Bahringer50@example.com,Lake Terrance,419-933-3721 x389,36
856,Ward Olson,Nelson24@example.com,South Reymundoton,(415) 204-7037 x841,20
857,Miss Abelardo Kris,Miles51@example.net,New Bonnie,813-746-2870 x4715,37
858,Jeff Bogisich,Yvette.OConnell@example.org,West Chanceland,(891) 977-9475 x05362,49
859,Cindy Kuhn,Gilbert.Jacobs@example.org,Port Julio,491.496.8996 x8206,25
860,Brenden Muller,Sam.Watsica@example.net,Julieboro,(688) 956-5523,40
861,Cristina Parisian,Ida47@example.org,Coon Rapids,241-562-8230 x5341,25
862,Harmony Stamm,Cory_Spencer83@example.net,Rempelport,1-364-859-7882 x00207,54
863,Cornelius Orn,Catalina_Heller@example.net,Mossiestad,917.776.3818 x801,19
864,Ceasar Thompson,Rita.Ward70@example.net,Jerroldside,1-472-535-6015 x01743,55
865,Noemie Beier,Mark61@example.com,Martyshire,268-893-1322,28
866,Laverne Ward,George53@example.com,Pearland,(988) 659-3293,25
867,Belinda Morissette,Howard80@example.com,Kuphalshire,(561) 998-3526,60
868,Ms. Monique Wolff Sr.,Jakob.Gutmann82@example.org,Lake Micahboro,(329) 391-8870 x019,37
869,Ana Witting,Naomi_Hauck@example.org,East Amyberg,553.883.8199 x355,46
870,Antonio Windler,Violet.Ankunding78@example.org,Trevionstad,414.219.8938 x12555,47
871,Curt Hermann,Lewis_Erdman@example.net,South Roderick,828-994-1596 x3288,52
872,Joyce Hand,Ashtyn58@example.org,Nedchester,1-750-563-6643 x10856,41
873,Bryan VonRueden,Suzanne_Bogan@example.net,West Liza,819.819.6261 x938,55
874,Gerda Hintz,Gustave81@example.com,Palm Bay,500.766.1911 x883,32
875,Elbert Schimmel,Raquel98@example.net,Violettefurt,1-396-732-9259 x98551,32
876,Mr. Lizzie Jones,Cole.Sawayn88@example.org,East Sheriworth,339.979.4972 x83944,21
877,Florence Donnelly,Brain.Doyle72@example.org,Killeen,1-637-977-1543 x53944,23
878,Joan Dibbert,Bonnie.Christiansen9@example.org,West Shanelletown,1-889-798-7989 x64971,60
879,Travis Weissnat,Francis_Schuster@example.com,Fort Otis,1-554-659-5045 x5142,19
880,Eugene Hamill,Zella.Mann@example.com,Jacobsonmouth,(963) 443-8439 x94215,44
881,Salvatore Mosciski,Jeremy_Bartell@example.org,Ellicott City,1-205-974-9815,29
882,Noble Connelly,Jorge_Streich88@example.net,South Herman,505.719.2989 x77341,58
883,Marilie O'Conner,Antonio.Strosin@example.net,North Presley,818-341-6255 x704,29
884,Lydia Gleason,Katlyn_Rutherford78@example.net,Redwood City,1-464-901-0439 x80998,41
885,Lula Thompson,Ernest.Maggio78@example.net,North Wade,973.575.2126 x5110,55
886,Devon Pollich,Alycia.OKeefe@example.com,South Destany,1-498-870-0491,18
887,Franco Farrell,Gregg_Metz@example.com,Port Owen,1-510-489-1108 x56788,52
888,Fredrick Padberg,Elizabeth11@example.org,Lewisville,584-831-7148 x660,26
889,Kenny Friesen,Kathryn_Haley@example.org,Port Euna,(773) 720-8775,31
890,Judy Herman,Stuart.Beahan79@example.com,Aliviashire,739.509.8745 x25254,22
891,Aaliyah Aufderhar,Antwon.Wolff@example.org,Arthurworth,846-997-0386 x69800,33
892,Milton Wisoky,Alvah22@example.org,South Rhondaborough,738.436.9237 x5204,39
893,Caleb Hegmann,Etha.Aufderhar@example.com,New Una,501.532.0584 x7462,25
894,Ellis Daniel DDS,Alice_Ziemann@example.org,Lakeland,1-699-487-1548 x27185,29
895,Giuseppe Bergnaum,Magnolia80@example.com,North Zacharyberg,399.210.3801 x3401,47
896,Conor Connelly,Maxine_Carter3@example.com,The Villages,255-879-6039 x813,45
897,Kristine Baumbach,Rose30@example.net,Wehnerport,962-218-7182 x889,38
898,Lloyd Abernathy,Donald.Wolff8@example.com,Wiegandshire,(962) 243-3521,32
899,Hannah Thompson III,Sandra40@example.org,Port Dustin,243-928-2311 x3922,33
900,Ms. Heidi Senger DDS,Terence.Emmerich@example.com,Rohnert Park,497.396.2596,29
901,Omar Cartwright MD,Marco_Schimmel-Harvey@example.net,Labadiefort,874-718-9520 x783,47
902,Lorena Hoppe,Tyrel.Larson@example.net,Boganside,(958) 636-4658 x3920,52
903,Hope Jacobson,Elliot86@example.net,Hopestad,1-303-374-0249 x026,55
904,Timothy O'Reilly,Simon31@example.com,East Grayson,505-585-4533 x43208,64
905,Sasha Witting,Aric84@example.net,Kohlerberg,(978) 476-5587 x6894,37
906,Gwen Bernier,Horace_Fritsch@example.net,Lake Ona,814.527.3382,29
907,Odessa Hane,Alvera.Toy59@example.com,Cesarhaven,(815) 930-7502 x807,30
908,Stephanie Stark,Alexandra.Walsh56@example.com,Newton,876.609.3830 x88408,47
909,Unique Ernser,Megane39@example.org,Lake Hazel,443-406-7887 x0107,44
910,Kaylee Hilpert DDS,Moses_Morar@example.org,Wisokyworth,800-348-9648 x45501,57
911,Angelica Will,Mireille_Schultz@example.net,Ontario,715.943.1395 x869,28
912,Jessika Heathcote,Nettie.Hilpert@example.org,Fairfield,238-351-0051,24
913,Lucile Wolf,Henriette.Upton15@example.com,New Laverna,909-727-6313 x8931,50
914,Serenity O'Conner,Cathy_Cremin11@example.org,Marquardtton,1-236-725-1585 x9898,23
915,Mr. Darin Mills,Kole.Erdman@example.net,West Leah,(838) 381-4424 x058,58
916,Mr. Bernardo McKenzie,Willis_Denesik62@example.net,West Della,424.736.7224 x83267,34
917,Elenora Stiedemann,Catherine25@example.com,Lowell,(743) 887-4241,61
918,Lucas Swaniawski,Adrienne55@example.net,Woodland,(509) 293-3336,33
919,Destiny White,Edmond.Kshlerin87@example.com,Feilborough,1-789-444-0057 x916,23
920,Clifford Cruickshank,Luisa.Orn@example.org,Port Darin,(806) 524-2378 x40294,29
921,Verna Huels,Caroline_Oberbrunner73@example.org,New Eric,1-235-227-2010 x22067,43
922,Lorena Macejkovic DDS,Johnson_Fay20@example.net,South Brendan,(204) 288-6350,34
923,Clay White,Dejon24@example.org,Raymondbury,601-704-6149 x6179,42
924,Hildegard Oberbrunner,Norman_Bauch78@example.net,Port Wilbur,(679) 525-4057 x697,39
925,Kailyn Kautzer,Theresa_Wehner@example.org,New Flavie,(954) 829-9919,49
926,Kelvin Howe,Claire5@example.com,Kaleighview,480.940.5278,57
927,Edwardo Rohan,King87@example.com,Huelbury,346-463-6951 x429,32
928,Camryn Reilly,Joel.Bauch@example.org,Corbinmouth,984.552.9976 x619,54
929,Jerome Bogan,Jovany_Lehner73@example.org,Steuberview,317-700-0635,26
930,Alberto Goyette,Clare_Hane61@example.com,East Rudytown,446-627-0481 x467,39
931,Jerome Abshire,Orlando46@example.com,Dewayneland,(206) 576-3935 x123,39
932,Mohamed Pfannerstill,Leopold83@example.net,Schadenworth,(998) 736-3641,31
933,Shaniya Bashirian,Lawrence.Cummerata@example.net,Fort Dakotastead,236.768.3759 x781,35
934,Rhett Schaden-White IV,Ramon22@example.com,Westminster,891.631.6235 x948,23
935,Tessie McDermott,Shaun.Roob64@example.org,Elmermouth,(870) 511-7158 x1203,58
936,Jack Wilderman,Grady89@example.com,Ellencester,(767) 553-1190,42
937,Vita Bosco,Kennedy.Rutherford@example.com,Reston,(285) 531-3758 x3860,62
938,Larry Gerhold,Lynette70@example.org,Hirtheboro,(273) 802-0811 x717,28
939,Mallory Rutherford,Carlo_Terry@example.com,Avondale,205-605-1542 x7222,44
940,Gary Sawayn,Dorothy.Bartoletti@example.com,West Delores,461-793-5223,19
941,Dr. Queen Hyatt,Victor32@example.com,North Louiseville,(877) 927-9633,33
942,Lavinia Wiza,Caitlyn.Purdy@example.com,Brookhaven,(613) 690-1642 x50194,21
943,Precious Johnson-Jacobson,Luella.Cruickshank57@example.net,Greensboro,1-516-550-1825,51
944,Delbert Bergstrom III,Tom.Langosh18@example.net,Birmingham,(204) 593-3305 x070,27
945,Sara Hayes,Devon.Hilll@example.net,Laronside,1-747-277-4408 x1902,25
946,Mr. Morris Daugherty,Homer.Wolff@example.net,Lake Claudietown,(638) 938-6937 x50967,60
947,Tressa Anderson,Paolo.Flatley@example.net,Port Olen,(888) 368-6440,21
948,Belle Lind,Rosina.Hessel96@example.net,Faheyburgh,845.543.4595,38
949,Alice Nolan Jr.,Claire12@example.com,Klingcester,1-681-701-5334 x5495,46
950,Jim McLaughlin,Devyn11@example.com,Alameda,1-986-229-1322 x0102,21
951,Lydia Ratke-Leffler,Nelson_Haag@example.org,Delphafort,746-762-6815,18
952,Alice Larson,Lisa.Baumbach30@example.com,Livonia,1-453-461-3498,42
953,Duane Streich,Uriel22@example.com,Kristinland,1-736-303-9836,35
954,Dedrick Becker,Ida.Carroll6@example.org,Herbertstad,(765) 391-6247 x283,26
955,Jerald Ritchie,Marcus.Murphy@example.com,Crooksberg,458-263-6242 x025,47
956,Jermaine Rutherford,Mandy_Kling@example.com,Cletuston,1-247-894-3988 x142,57
957,Willa Nikolaus,Vito45@example.net,Thornton,1-574-985-0321,64
958,Betty Fadel,Marisol.Stamm@example.com,Port Daniellefort,632.993.6103 x04999,51
959,Mr. Vincenza Bernhard,Geraldine61@example.com,South Jason,880.747.4871,40
960,Ms. Frances Johns,Edgar.Goyette71@example.org,Fort Samir,226.856.7581,49
961,Karla Lynch,Inez_Stark39@example.com,Hialeah,638.815.1549 x42118,33
962,Mr. Shaun Gutmann,Jo_Rippin6@example.com,North Rachel,815-667-3669,52
963,Lillian Raynor,Emily_Schmidt@example.net,Trompfield,721.605.4307 x999,61
964,Theodore Waelchi,Kennith74@example.net,Barryland,1-601-727-8546 x317,28
965,Chad Moore,Ardella_Braun54@example.org,Fort Genevieve,(985) 382-9243 x272,34
966,Lonnie Paucek,Chester_Rice-Olson28@example.net,South Velvaside,1-201-595-8858 x719,59
967,Fredrick Cruickshank DDS,Cecil.Hirthe@example.com,Connellyfurt,498.646.5020 x460,47
968,Tasha Heathcote Jr.,Joan_Stamm@example.com,Selinaworth,(838) 987-4994 x0042,64
969,Efrain Emard,Hadley_Hagenes88@example.com,Trenton,208.597.4542 x763,33
970,Ansley Ruecker,Carol28@example.com,Kohlerport,368-336-3945,48
971,Franklin Nienow,Leah77@example.com,Yakima,926-518-9608 x4770,29
972,Patty Schinner-Hermann,Cara.MacGyver@example.net,Lake Bobbie,756-831-6613,52
973,Claudia Cartwright,Holly_Swift@example.org,Cristhaven,846.620.2048 x56916,34
974,Mr. Dominick Reichel,Priscilla43@example.org,Sonnyside,673.735.4616 x04501,37
975,Dahlia Dicki,Megan.Torphy94@example.com,South Winonaside,1-604-483-2092 x79360,45
976,Cornell Adams,Thora_Klein-Stehr24@example.com,Benjaminstad,1-473-706-7183,20
977,Lisa Ziemann,Ena.Stokes@example.com,South Olive,(898) 279-9565,57
978,Arnulfo Turner III,Marguerite.Collier@example.org,West Johathanview,1-231-488-1694 x2046,64
979,Keanu Christiansen,Travon84@example.org,Odessa,631-622-7139 x57841,30
980,Adella McKenzie DVM,Maybell77@example.com,Chico,932.362.4883 x978,46
981,Elvira Ortiz-Nicolas,Latoya69@example.org,Joelland,(579) 373-5321 x7138,39
982,Kerry Hamill,Vickie.Jast@example.org,West Rosaport,1-800-549-5309,33
983,Jared Cormier,Lori25@example.net,New Janie,624.201.7992,38
984,Karla Thompson,Terrence.Schimmel@example.com,Murielcester,1-293-205-5606 x93041,22
985,Darrin Stokes,Uriah_Metz95@example.net,Lisacester,1-601-809-9294,42
986,Paul Abbott,Jane.Swaniawski87@example.net,Annettatown,(540) 290-0718,19
987,Bennie Fisher,Sheridan_Medhurst@example.org,Wyoming,(677) 269-2922 x84983,47
988,Shari Pollich V,Eugene_Bashirian@example.com,Lake Tyreestead,1-418-689-3974 x56858,37
989,Claudine Kuhlman,Vesta43@example.net,Rathbury,1-597-464-0484,44
990,Ila Schinner,Sandy.Von@example.org,East Dustytown,531-566-2717 x3321,56
991,Levi Osinski,Violet_Zulauf@example.org,Fort Alexandrea,557-903-6356 x66034,38
992,Stacy Paucek,Jerald82@example.net,Moenfurt,254-292-7138 x508,48
993,Rebecca Will,Rachael67@example.com,Hintzborough,(330) 425-9148 x800,22
994,Joanna Harris,Nyasia.Cruickshank19@example.net,Schillerbury,1-236-923-9979,52
995,Molly Jerde,Hayden.OKeefe@example.net,Lake Anne,854-381-2315 x041,64
996,Arielle Hoppe,Adrienne.Schultz31@example.org,Rafaelmouth,1-854-891-1210 x490,37
997,Elvera Treutel,Lowell_Douglas@example.com,Baytown,675.846.1206 x833,21
998,Domenico Tromp,Jay.Abernathy10@example.com,North Catalina,548-396-3534 x8445,40
999,Patsy Pfannerstill V,Tiffany2@example.com,South Tinafort,786-730-1951 x87181,27
1000,Darby Smith,Leroy52@example.net,East Delmerfort,287-820-5794,49
1001,Bernardo Kuphal II,Ira17@example.net,New Maxine,445.433.5279 x662,33
1002,Darrell Waelchi V,Marques10@example.com,Gary,1-550-351-6433 x7232,54
1003,Anthony Heller,Matthew.Feest20@example.org,New Presley,1-774-789-1511 x3339,29
1004,Dr. Johanna Herzog,Belinda46@example.org,West Kathlynside,1-223-583-5469 x37944,18
1005,Nicklaus Rempel,Delbert79@example.org,Deannacester,(561) 672-5497 x864,62
1006,Layla Emard-Leannon,Eleanore16@example.org,Columbia,1-485-810-1467,53
1007,Aiden O'Connell,Emily_Becker67@example.org,Deckowborough,589.905.8490 x8445,31
1008,Steve McClure,Gayle41@example.com,Shieldsboro,1-653-918-6053,27
1009,Naomi Bednar,Laurence_Bahringer68@example.com,Schowalterberg,661-240-2505 x01891,64
1010,Brenna Kub,Mylene.Gottlieb@example.com,Gwentown,(228) 955-0793,57
1011,Santos Leuschke,Madeline88@example.net,Kissimmee,(636) 393-8633 x2941,24
1012,Wilfredo Harris,Rene56@example.org,Wichita,(935) 447-8549 x78656,61
1013,Deanna Wehner,Davon_Wolf65@example.net,Carolfurt,971-755-0356,28
1014,Rudolph Abbott-Feeney,Terence.Effertz@example.com,Monaburgh,462.535.5644 x3386,24
1015,Marsha Herzog,Leone_Bailey@example.com,Vickieville,(654) 723-9043 x839,35
1016,Dr. Katarina Dickinson,Adam_Bartell93@example.net,Port Jefffurt,613.595.1112,53
1017,Salvatore Johns MD,Ezequiel.OConnell68@example.com,Anderson,551-751-8121 x9098,21
1018,Marie Sporer,Silas_Reilly@example.net,O'Reillyfield,1-733-272-9308 x3438,42
1019,Dr. Eddie Schowalter,Kali_Lakin@example.org,Lake Shariburgh,1-219-601-7864 x05495,63
1020,Providenci Pacocha,Kay_Larson74@example.com,Carrollton,338-684-1482 x859,46
1021,Herbert Kilback,Aglae.Bartoletti@example.com,Richardton,(257) 259-7690 x0134,58
1022,Genesis Feeney,Elvira36@example.net,Albertafurt,1-982-663-2786 x754,43
1023,Brendan D'Amore,Ashley_Hintz73@example.com,East Hartford,(663) 838-1971,49
1024,Neil Rath,Pearlie48@example.com,Abbottfurt,883-251-3593 x4072,56
1025,Arch Schroeder,Raheem_Cummings@example.net,Jerdechester,506-597-2929,58
1026,Wendell Reichel,Edgar_Mosciski19@example.org,North Carl,1-301-312-8131,36
1027,Donnie Jacobson-Farrell Jr.,Verna_McGlynn89@example.com,Blaine,804-753-8895 x99010,50
1028,Dina Kirlin,Sherri42@example.org,New Gradyville,1-499-991-6373 x19552,26
1029,Irving Stroman,Nadia79@example.net,West Conniebury,261-436-8724 x3350,20
1030,Taylor Baumbach,Diana.Jast@example.net,Mikelshire,1-782-248-3846 x424,18
1031,Jonathon McLaughlin,Laisha67@example.org,Port Brookeshire,(622) 483-8374 x6431,60
1032,Dr. Katharina MacGyver,Sydnee_Corwin@example.net,North Wesleycester,1-383-736-3735 x32761,26
1033,Cristina Volkman,Adah.Braun40@example.net,Champlinside,(944) 310-6326,32
1034,Toby Bergnaum,Sabryna35@example.com,Lavinaberg,(963) 963-6431 x461,24
1035,Darin Gusikowski,Cora20@example.com,South Margarettaberg,588-952-4885 x629,54
1036,Katrine Herzog PhD,Willa_Rippin13@example.net,Jarredberg,1-296-960-7600 x519,54
1037,Guy Hoppe,Eldora_Gorczany@example.com,Warren,220.369.7393 x8638,61
1038,Miss Lavada Crist,Maye_Herman89@example.org,Elyria,1-933-986-9519 x938,33
1039,Donnell Goyette,Imani.Cole41@example.com,Connworth,316-719-4219,19
1040,Miss Chance Sporer,Cary_Reinger43@example.net,Allen,(257) 460-2898 x579,59
1041,Fernando Mayer,Genevieve_Fadel30@example.com,South Gate,1-422-318-5279 x548,43
1042,Ivan Homenick,Jana_Moen@example.com,Cristville,1-446-645-3474,21
1043,Mr. Ryan Considine,Turner_Hettinger@example.net,Pricefort,970-621-1716 x6678,58
1044,Mr. Oliver Flatley,Timmy8@example.com,Costa Mesa,(984) 647-3548 x79849,31
1045,Ora Harvey,Jevon.Effertz26@example.com,Methuen Town,1-735-674-1461 x0486,20
1046,Ulices Huel II,Delphine.Monahan@example.com,Schaumburg,(367) 447-0541 x126,42
1047,Alayna Jerde,Denis_Kunde@example.net,Lake Leraboro,634-426-7484,32
1048,Jamison Torphy MD,Lloyd60@example.net,New Jayceeland,553-263-7269 x026,41
1049,Laila Weber,Robin87@example.net,New Hubert,(347) 766-2203 x2164,60
1050,Christop Collins,Arlene_Flatley@example.net,Cranston,1-947-532-5655 x914,46
1051,Whitney Hoeger,Ruthe.Kirlin@example.com,Castro Valley,974-222-5283 x0820,30
1052,Edmund Schroeder,Sage_Swift91@example.org,Trenton,1-877-967-6708 x1012,57
1053,Caleb Ullrich-Feest,Dawson.Beier18@example.org,Carmichael,1-587-387-3027 x5551,19
1054,Mireya Glover,Syble_Jerde31@example.net,North Carlfield,591-267-5367,58
1055,Meredith Strosin,Jewell_Fahey69@example.com,Leannonworth,1-598-457-6488 x146,24
1056,Crawford Wilkinson,Greta.Johnston-Ziemann@example.com,Lake Elsabury,1-911-228-7142,32
1057,Merritt Jacobs,Will_Rosenbaum@example.net,Lorenastead,1-208-863-2053 x20712,63
1058,Pierce Kerluke,Kathy.Klein@example.net,Greenfelderstead,510.346.6823 x3575,29
1059,Shawn Roob-Kozey,Carl_Smith80@example.com,Guaynabo,786.438.5474,51
1060,Katarina Rempel,Granville.Welch@example.net,Mariamcester,(719) 777-1734 x416,50
1061,Marge Corkery-Baumbach Sr.,Julius_DuBuque@example.net,Arcadia,(441) 292-2351 x671,33
1062,Quinton Nienow,Tess.Hahn@example.com,Stevenfort,(366) 970-3385 x5431,24
1063,Katrina Willms,Lonnie44@example.net,Fort Kaia,869-863-8011,36
1064,Evelyn Gibson,Shanna_Satterfield75@example.org,Lake Myrticeberg,963.934.2381,65
1065,Jewel Prosacco V,Tobin.Kshlerin43@example.com,Madisynview,(736) 949-0679 x270,26
1066,Tyra Tillman,Domingo55@example.com,North Brettchester,(360) 935-0844 x416,57
1067,Phillip Hauck III,Kayla_Wiegand89@example.net,Hahnchester,(870) 867-2520 x937,65
1068,Mrs. Marcia Schiller,Brenna.Roob@example.net,Port Mariliehaven,(513) 380-9880 x60828,48
1069,Dianna Murray,Rhonda24@example.com,Pine Bluff,1-353-346-9122 x761,40
1070,Robert Klein,Doreen34@example.com,Schmittburgh,(234) 992-3535 x189,39
1071,Richie Nolan,Irma89@example.org,Orange,(512) 696-5632,57
1072,Brian Murphy,Rose56@example.com,North Julioport,336.693.2688,44
1073,Miss Lillie Schiller,Noemy.Osinski6@example.net,Murielchester,779.365.6833 x636,38
1074,Geraldine Kuvalis,Harmon_Reilly@example.com,Skilesworth,1-902-420-9548 x928,18
1075,Rigoberto Schoen,Alysa_Runte-Miller23@example.com,Chaddport,759.794.5048 x433,60
1076,Sylvia Rempel,Mark_Walsh@example.net,Port Garrisonfurt,(476) 866-8027 x7824,43
1077,Violet Pfeffer,Haylee.Kertzmann32@example.com,Catherineshire,381-844-2557 x8166,33
1078,Mrs. Carla Padberg,Leland_Stehr@example.com,South Shelia,(738) 570-0627 x336,26
1079,Kamille Legros,Casimer_Klein31@example.com,Port Dwight,612.408.4960 x6554,64
1080,Adolphus Gulgowski,Rafael.Okuneva36@example.org,Port Garry,1-354-392-5743,26
1081,Heidi Bartoletti,Earl_Conn61@example.com,Albertborough,1-894-999-2256 x707,49
1082,Molly Dare,Adell_Trantow27@example.org,New Alisa,(270) 420-0657 x5040,36
1083,Randal Kassulke,Genoveva.Graham@example.net,West Daytonborough,(730) 738-7097 x07917,60
1084,Ernesto Russel,Jasmin.Witting@example.com,Carrollworth,1-988-233-4368,27
1085,Inez Wehner,Lillie78@example.net,Murphyton,(641) 793-2304 x48411,31
1086,Buck Volkman,Teresa_Crooks1@example.net,East Amy,(226) 748-5071 x01608,55
1087,Cameron Kihn V,Destin_Barrows@example.org,Rippinhaven,1-903-452-2030 x09480,65
1088,Genevieve Dooley,Luz65@example.com,Lake Savanna,1-209-749-8882 x28103,51
1089,Celine Pfannerstill,Tiffany.Muller@example.com,Brookhaven,347.765.6426 x92104,58
1090,Walton Schmidt IV,Sigrid42@example.org,Carolinaburgh,647.491.8957 x3420,36
1091,Mr. Emilio Bins,Claude51@example.net,Wolfton,(564) 300-8014 x4702,22
1092,Teresa Nicolas,Aaliyah_Nader@example.com,Euclid,(350) 239-4716 x09297,61
1093,Lonny Gutmann,Sheryl_Jakubowski90@example.org,Huntersville,(862) 507-4691 x55569,49
1094,Wellington Mann,Helga72@example.com,Leschhaven,421.255.3302 x58569,27
1095,Judson Bechtelar,Zachariah_Dickens@example.com,Isidrochester,1-805-836-4595 x34655,21
1096,Kamron Medhurst Jr.,Christiana31@example.org,Linden,814.331.9983 x428,30
1097,Mrs. Alicia Wehner,Jenny12@example.net,Fort Jordi,619.203.4908 x1336,21
1098,Cheryl O'Conner,Melinda.Price48@example.net,Jeffreyberg,(676) 794-5175 x8329,61
1099,Rashad Hoeger,Francesca.Stoltenberg@example.com,South Jessicahaven,763.595.9493 x1097,39
1100,Sylvester Champlin-Upton Sr.,Sean.Goodwin@example.org,Chanellehaven,(697) 257-1096,48
1101,Alana Senger,Tessie66@example.org,South Marisolside,366.819.4546 x63561,47
1102,Amiya Jacobs,Gregory_Dickens47@example.net,East Jamil,391-588-4666,24
1103,Jacey O'Hara,Hugh62@example.com,Boston,749.674.4223 x06428,22
1104,Penelope Shields,Kamron.Lind@example.com,West Angie,214.407.2826 x94257,59
1105,Wendy Batz,Amelie5@example.org,North Georgiannastead,820-571-2997 x66972,21
1106,Alison D'Amore,Joey_Rau71@example.net,North Myrtisberg,1-586-534-4846 x998,52
1107,Bret Wehner,Hubert_Mante59@example.net,Mesa,(838) 633-2481 x549,28
1108,Leonard Macejkovic,Dessie.Rosenbaum3@example.com,El Monte,(556) 388-7496 x135,65
1109,Jim Pollich DVM,Sherman58@example.net,Batzside,(263) 336-0944 x0312,42
1110,Dr. Keira Reichert,Matteo83@example.net,New Reece,562.704.1097 x59187,28
1111,Lucas Ruecker,Kendra_Crist98@example.org,Hattiesburg,1-551-239-2682 x86931,20
1112,Katie Wintheiser,Andy59@example.org,Miami Beach,1-551-564-6983 x74184,47
1113,Jolie Kuhn,Devin0@example.com,Nienowside,1-612-788-1780 x2899,55
1114,Ellis Dibbert,Leilani58@example.org,Kilbackton,1-548-424-0986 x4415,52
1115,Maribel Green,Alexandra29@example.com,Tonyastead,200-657-4708 x17899,33
1116,Gary Crist,Brandi.Donnelly@example.net,Port Blanche,257-770-2160 x49893,64
1117,Vivian Kirlin,Hilda.Torp-Grimes@example.org,South Rafael,(668) 387-1655 x27576,61
1118,Jayda Lemke MD,Clyde_Ledner75@example.com,New Ray,(206) 221-2233 x23344,53
1119,Casandra Schneider-Wintheiser V,Emely_Cassin36@example.net,North Patsyview,(598) 259-7078 x38504,56
1120,Eddie Mante,Latoya12@example.org,Malcolmborough,692-796-4253 x687,65
1121,Nora Bayer,Laverna.Lockman46@example.org,North Angus,(918) 532-9729 x13157,52
1122,Mrs. Mandy Hickle,Lionel_Adams83@example.org,Fort Finn,941-713-5240 x8663,43
1123,Miss Wilma Feeney,Ted_Carter91@example.com,New Garrycester,746-625-3224 x657,42
1124,Mrs. Lincoln Robel-Gorczany,Priscilla_Willms@example.com,Pittsburgh,698-761-6584 x234,18
1125,Tom Kemmer,Michele7@example.net,Port Armando,944.519.8930 x0348,25
1126,Ryleigh McClure PhD,Sherry28@example.net,Fort Gunner,914-950-0809 x8336,43
1127,Jeanette Halvorson,Aubrey63@example.net,East Thelma,1-275-901-8865 x221,58
1128,Ted Tromp,Marlin_Kessler-Stark60@example.net,North Amelyland,(995) 483-0551 x31683,19
1129,Geneva Veum,Bert45@example.net,South Bradly,459.373.0605 x35170,26
1130,Marc Metz,Milton.Parker94@example.org,Port Kristystad,1-934-790-2920 x672,51
1131,Libbie Gleason-Rath,Teresa.Franey@example.com,Port Maureen,803-221-1863 x644,47
1132,Art Gorczany,Alvin.Botsford67@example.org,Pollichville,1-551-319-3339 x67406,58
1133,Kristy Kub,Bryan89@example.net,Murray,357-722-1045 x47243,63
1134,Mr. Winnifred Bradtke,Sadye72@example.org,Stephanyview,1-390-571-8212 x8698,50
1135,Annie Metz,Sheldon_Davis72@example.net,South Mateochester,481-536-8460 x30773,51
1136,Dr. Ellis DuBuque,Myra14@example.com,Levittown,647-354-5119 x1395,26
1137,Trevor Smith II,Heather77@example.com,Lydiachester,530.349.1064,26
1138,Justin Nikolaus,Alexandre_Dach@example.net,Bahringertown,(740) 868-8176 x508,54
1139,Rogers Schaefer,Korbin.Breitenberg@example.com,Kristafield,543.452.4838 x8729,44
1140,Colin Schmitt,Angelica2@example.net,Kayleyfurt,1-755-887-9086 x04591,34
1141,Clemmie Runte,Nannie45@example.com,Marafield,(504) 723-4884 x31225,21
1142,Katherine Nader,Jeannette_Bednar35@example.com,Smithside,1-395-324-9564,52
1143,Branson Hettinger-Lakin,Evan_Gleason@example.net,Henrychester,(935) 849-0091 x59781,65
1144,Estella Johnson,Bob99@example.org,Fort Christianland,(438) 481-4464 x3668,51
1145,Kenya VonRueden,Daniela_Hammes79@example.net,Tampa,(420) 506-8646,26
1146,Felicity Von DDS,Kristin_Klocko76@example.org,North Monicatown,1-388-409-9074 x43828,49
1147,Laverna Doyle,Suzanne_Rosenbaum@example.com,New Stevieburgh,235.432.6302,62
1148,Josephine Beahan II,Jeannette_Shields79@example.net,Madysonstead,(951) 331-9651 x6966,18
1149,Larissa Konopelski,Esta_Schumm95@example.org,Stehr-Faheyshire,341.630.2358,50
1150,Isac Torphy,Aaron_Quigley70@example.org,Flatleyport,604.830.5642 x663,65
1151,Mr. Camila Von,Sonya65@example.com,Dennisside,941.232.9452,25
1152,Beaulah Schamberger,Gwen_Okuneva@example.org,Fort Kaelafurt,809-830-8822,45
1153,Shawn Nienow II,Hope.Torphy64@example.net,Lake Grover,1-598-616-0243 x626,65
1154,Edmund Conn,Michel93@example.com,Carterborough,217.243.2541 x761,40
1155,Earl Larson,Cristal98@example.net,North Little Rock,760-715-2019 x508,39
1156,Arvilla Parisian,Kent_Stoltenberg2@example.org,West Rosaberg,856.263.7993 x274,27
1157,Joannie Halvorson,Camille.Ruecker@example.net,Milpitas,432.382.6482,44
1158,Grayce Stehr,Bradford_Sporer39@example.net,Port Andrewton,(296) 588-7607 x3855,38
1159,General O'Hara,Lucas_Hettinger4@example.org,North Michelecester,1-523-264-0781,32
1160,Albert Stroman,Ashley1@example.com,Azusa,875.483.2246 x6868,53
1161,Juliet Miller,Abraham84@example.com,New Craig,1-534-725-2086 x05894,57
1162,Juvenal Conn,Roosevelt21@example.com,Port Ethelynfield,385-934-3158 x7930,50
1163,Jeannette Hansen,Erick29@example.net,Schadenworth,(955) 729-8079 x280,39
1164,Mr. Joey Kertzmann,Ofelia.Walter@example.com,Cedar Rapids,905.540.8392 x314,22
1165,Jimmie King,Salvatore.Funk@example.net,Zechariahstad,1-809-847-7185 x131,50
1166,Damon Green,Eden_Metz74@example.org,West Theresastead,(286) 533-0243,37
1167,Jena Gerlach,Dave_Boyle-Zemlak22@example.net,Kristofferboro,1-652-972-1970 x58133,28
1168,Lilliana Ryan,Isabel_Schaden46@example.com,East Helenburgh,(587) 923-4533 x3157,56
1169,Demario Satterfield,Abagail.Becker1@example.com,East Sylvesterfield,448-342-3701 x28930,40
1170,Manuela Volkman,Norman45@example.net,North Blancaberg,616.510.0773 x5342,44
1171,Kerry Donnelly,Clotilde_Flatley62@example.com,Chadborough,(619) 871-7982,45
1172,Stephan Windler,Glen_Gislason@example.org,Buffalo Grove,264-251-6628 x99573,30
1173,Braeden Waelchi III,Sue8@example.org,Pasco,467.864.5687,40
1174,Breanna Rice,Evangeline.Torp88@example.org,Jensenworth,1-967-452-3640,47
1175,Samantha Gutmann,Patsy.Douglas83@example.com,Lenexa,658.873.9865 x91811,30
1176,Ocie Armstrong,Raquel11@example.org,Shawnaport,702-878-4709 x5041,46
1177,Jeromy Schultz I,Colin.Conn65@example.com,Gary,908-300-6632,53
1178,Eda Sanford,Eva_Wintheiser78@example.org,Port Oraworth,286-518-1289,22
1179,Angelita Green,Monte44@example.org,South Jeffry,(551) 355-3780,41
1180,Muriel Murray,Kennith54@example.net,West Otiliabury,632-866-7753 x72633,45
1181,Maureen Wiza,Clayton89@example.net,Lake Rebeccafurt,460-793-1443 x38976,53
1182,Ms. Nichole Fritsch-Walter,Sydnie.OKon@example.com,South Danielton,(855) 645-5374 x6457,19
1183,Charlotte Jast,Derick_Stoltenberg10@example.com,South Kadin,1-855-723-0429 x2666,24
1184,Germaine Bergstrom,Suzanne17@example.org,Kennethville,835.825.3295 x91921,30
1185,Patrick Wyman,Gilbert.Wunsch96@example.org,Wilson,(539) 499-7108 x7094,39
1186,Kaleigh Lynch,Troy84@example.org,North Ellenville,(801) 956-1503,36
1187,Louis Kiehn PhD,Janick_Schneider49@example.net,Covina,587-720-9573 x7976,49
1188,Dr. Greg Runolfsson,Judith.Kuvalis68@example.com,Port Lorenzchester,809.266.7617,21
1189,Candace Parisian,Herman.Wolff59@example.com,Carletonchester,849-404-5839 x51247,60
1190,Brian Goldner,Lowell.Moen@example.org,McLaughlinshire,(307) 799-9384 x91679,46
1191,Lucas Orn,Heather4@example.net,East Tate,(209) 603-7443 x3619,30
1192,Marina Boehm,Ike24@example.net,Kutchport,(879) 391-6385 x573,44
1193,Marilyn Mayert,Kayla_Von@example.net,Norafort,885-732-4733 x5331,41
1194,Joyce Schulist,Brandy_Hegmann@example.com,Baileybury,(251) 454-6889 x51349,57
1195,Julia Abbott DDS,Jared25@example.com,Memphis,546.605.1012 x5304,45
1196,Dr. Abraham Jacobson,Serena_Jerde@example.net,Nikolausfort,(685) 354-5787 x525,48
1197,Candace Runolfsdottir,Johan.Lind@example.com,Oak Lawn,(440) 395-4006 x90694,25
1198,Tasha Dare,Hudson52@example.org,Hodkiewiczburgh,640.873.2071 x7135,38
1199,Mr. Rudy Kilback PhD,Dessie_Hane23@example.net,West Martha,(223) 305-9793,18
1200,Jacquelyn Gleichner,Carolyn.Jacobson@example.net,Krisshire,1-952-212-2079 x0933,36
1201,Norma Goyette,Antoinette.Huels64@example.org,Fort Earnestinecester,1-596-457-6842,53
1202,Carrie Boehm,Delmer67@example.org,Weimannview,(704) 280-4497 x3992,59
1203,Gwen Pagac,Tommie7@example.com,Alafaya,(401) 221-8117 x816,47
1204,Kevin Ziemann,Clare70@example.net,Townestad,1-391-280-4854,49
1205,Schuyler Braun,Maximilian.Bins-Collins@example.org,South Aylinport,1-342-598-6851 x6128,29
1206,Emmett Auer PhD,Geoffrey.Nader@example.org,Fort Idellaboro,279.599.1782,20
1207,Angelica VonRueden,Carleton_Becker79@example.net,Vanfield,1-530-934-4693,61
1208,Alice Kautzer,Wilfred.Walter@example.net,Lindshire,398.823.3690 x79354,22
1209,Damon Langworth,Stephany35@example.net,Domingoborough,1-341-333-0519 x46032,28
1210,Austen Stamm,Donna_Langworth75@example.net,Shanyhaven,491-375-5392,19
1211,Leona Beatty,Alicia20@example.org,Lelandstad,(938) 239-3507 x748,38
1212,Shanie Weber,Marjorie5@example.net,Carrollton,(764) 647-3444 x34321,47
1213,Marcia Yost-Bruen,Daniel4@example.net,Mildredmouth,(861) 643-0628,23
1214,Mohamed Romaguera,Josefina_Pagac67@example.net,East Trey,966.461.6465 x94287,58
1215,Mrs. Tammy Cartwright,Gilbert61@example.org,South Noblefield,1-927-745-9664 x16897,46
1216,Alonzo Lind,Cortez_Gislason1@example.org,Hawthorne,664.421.0210 x47211,53
1217,Mr. Donald Gleichner,Leopoldo16@example.org,The Hammocks,307-483-7615 x8506,18
1218,Kylee Kuhic,Kendra_Donnelly17@example.net,Leschhaven,(667) 734-3758 x76897,54
1219,Velma Green,Kenneth64@example.com,West Meredithcester,891.213.3052 x830,29
1220,Ms. Rosamond Aufderhar,Terrence23@example.net,Fishers,1-297-489-1279 x26261,42
1221,Lindsay Kovacek,Noah_Considine8@example.net,Rockford,204-967-1573 x304,62
1222,Antonio Koepp,Lula.Littel@example.org,Mortonland,827-727-6043 x9931,29
1223,Delpha Daniel,Pete87@example.org,East Fredton,834.357.3232 x0729,33
1224,Dr. Vincent Yost,Brayan_Grant@example.org,East Jerometon,851.991.6124 x08452,59
1225,Harvey Dach,Hugh56@example.com,Schummfort,754.488.7325 x1098,32
1226,Dean Towne,Susie45@example.org,Plymouth,571-532-7922 x632,34
1227,Mr. Earl Flatley,Bruce71@example.com,Pricefurt,1-965-811-0237 x133,18
1228,Tasha Herman,Myah63@example.org,Oceanside,491.834.2360 x66232,18
1229,Noemi Johnson,Kattie36@example.org,Lincoln,1-519-896-6737,28
1230,Moses Witting,Letha_Weber70@example.com,Pacochaland,450.798.0481,35
1231,Richard Jakubowski,Maida46@example.org,Bellflower,588.425.7937 x192,47
1232,Lazaro Kirlin,Beryl_OConner@example.net,West Tayahaven,1-329-999-1988 x37838,53
1233,Athena Lindgren,Rylan24@example.net,Philadelphia,810.390.0731,19
1234,Aditya Brown,Vivianne30@example.com,Fort Ken,695.283.0016 x86345,52
1235,Mrs. Billie Beatty,Kyle_VonRueden12@example.org,West Carolineport,365.339.3826 x863,54
1236,Dawson Rowe,Glenda.Smith@example.org,Sandy,1-787-298-0561 x542,19
1237,Mrs. Augustine Williamson,Michele_Gerhold92@example.com,Fort Philip,675.989.9488 x39212,63
1238,Christopher Bartell,Jordan.Morar54@example.org,Gislasonfort,600.480.5956,34
1239,Brianne Connelly,Gilberto.Lebsack26@example.com,Fort Abel,1-965-238-3738 x8472,43
1240,Timmy Osinski,Clarabelle26@example.com,North Virgil,(960) 400-6092 x71621,23
1241,Orville Schuster,Jazlyn.Cronin50@example.com,West Kurtisport,540-505-9974,22
1242,Maymie Leannon DDS,Keshaun67@example.net,New Josefina,898.583.9517,63
1243,Harry Auer,Pearl27@example.com,Swiftburgh,228-294-1638 x11941,27
1244,Andrew Terry,Roger.Kreiger40@example.org,New York,(769) 594-5811,61
1245,Brent Carroll,Benjamin.Homenick80@example.net,New Noahfield,750-878-7396 x7087,47
1246,Loyal Bartoletti,Dayna83@example.org,Noraworth,(792) 668-9257 x958,36
1247,Darnell Gibson,Henry61@example.org,North Kallie,1-485-407-0366,62
1248,Arturo Runolfsson-Greenfelder,Aurelie_Metz@example.net,Calvinchester,778-437-4627 x6384,44
1249,Albina Hand,Gwendolyn.Cruickshank@example.com,Fort Floyd,960.880.3773 x31756,21
1250,Zoe Buckridge I,Bradford57@example.net,Dianaview,779.522.6243,39
1251,Terrance Kohler,Robyn28@example.org,Port Angelaborough,202.748.9563 x265,39
1252,Brando Fisher,Abel.Schmitt47@example.org,Jonathonfurt,(558) 948-0765 x33870,18
1253,Armando Gorczany,Dylan_Murazik20@example.org,Franciscaside,(520) 627-5499 x4069,57
1254,Todd Hermann,Miranda93@example.com,Coryworth,1-394-779-8168 x759,47
1255,Natalie Kassulke V,Earl_Bayer58@example.com,Jettieview,549.293.5171 x50285,63
1256,Mr. Vita Beer,Lorena1@example.com,Elainaburgh,749-477-1758,57
1257,Annie Conn,Chad.Crona65@example.net,North Miami,(914) 753-9195 x0228,65
1258,Miriam Senger,Ludie.Kling9@example.net,Walker-Turnerfield,1-909-487-3529 x59823,44
1259,Erling Bogan-Tillman,Ernesto_Mitchell26@example.com,New Gregville,398.396.6083 x6632,31
1260,Mr. Laury Heidenreich,Ginger_Ritchie@example.org,Port Nella,(565) 906-2130 x11908,44
1261,Dameon Durgan,Kim_DAmore95@example.net,West Zetta,449.478.2849 x73630,45
1262,Mr. Era Zieme,Patsy.Kessler60@example.net,Gustavofurt,504.442.4636 x1219,55
1263,Julia Stanton,Larissa18@example.org,Macejkovicmouth,1-692-229-3378,34
1264,Modesta Berge,Kale.Mueller41@example.org,East Hopefurt,985-984-7335 x9249,41
1265,Sidney Friesen,Melvin.Frami38@example.com,Leannonborough,1-360-352-3892 x0684,23
1266,Mr. Merle Bartoletti I,Earnest.Kuvalis@example.com,New Justin,972-512-3329 x5338,24
1267,Roxanne Mante,Kathy_Schmeler42@example.com,New Alexfort,527-836-6797 x6758,22
1268,Wesley Schroeder,Franco1@example.org,Pearl City,508-680-4259 x270,62
1269,Alexandra Weimann,Lynda.Osinski67@example.net,Lake Deniseview,725.698.7327,62
1270,Bennie Adams-Cummings,Saul.Stehr67@example.org,Romashire,909.518.1648 x50408,44
1271,Anastacio Leuschke,Sadye88@example.com,Ann Arbor,(875) 870-4245 x03932,41
1272,Lionel Casper,Tricia99@example.net,West Samara,(223) 866-2632 x69735,31
1273,Juan Gutkowski,Dominick_Homenick@example.net,Redlands,1-367-362-5767,44
1274,Amara Barton,Shane_Gutkowski@example.org,Pagacton,222.492.5456 x9572,34
1275,Ms. Lucy Gislason MD,Felton_Boyle86@example.com,Lake Titustown,972.597.1546 x28518,39
1276,Jackson Carroll,Raquel.Nolan@example.org,South Gail,1-975-725-9037 x99043,39
1277,Mr. Fletcher Romaguera,Kip.Strosin30@example.org,Plainfield,659.280.2936 x528,49
1278,Irene Nicolas-Fadel,Lonnie.Collins@example.org,Sanfordville,442-217-4754 x8008,46
1279,Clay Kuhic,Everett_Daugherty65@example.org,New Santino,1-842-282-1863 x2416,28
1280,Cleo Wiza,Coby10@example.org,Lake Ansley,1-415-652-3533 x9001,20
1281,Kristine Kirlin,Allan_Walsh62@example.org,Rhondaton,375-581-6330 x75361,24
1282,Mrs. Gloria Hermiston,Rachel.OHara@example.net,Diamond Bar,788.466.1843,54
1283,Mortimer Bode,Daisy.Wiza27@example.org,West Amos,1-286-785-6682 x77964,31
1284,Barry Kovacek,Javier.Littel-Hamill@example.com,Dellastad,(900) 956-7892 x93019,51
1285,Rafael Effertz,Doreen48@example.com,Lisettehaven,206-674-5264,26
1286,Nasir Wyman,Arnold17@example.net,Carrollport,602.924.5758,47
1287,Reid Kub-Torphy,Marshall97@example.org,Schultzfield,1-740-822-2382,47
1288,Dan Hilpert,Ella_King3@example.org,Fort Lexus,875.792.0911,65
1289,Wm Gibson,Jermain_Stokes23@example.com,Lake Ellen,561-369-2839 x062,18
1290,Ted Kertzmann,Nellie55@example.net,Port Salvador,520-341-6597 x92402,34
1291,Orrin Schowalter,Joan.Sipes@example.org,New Raymundoboro,904.434.4055 x60004,38
1292,Daryl Murphy,Sam48@example.net,Dillanview,697.232.0893 x4547,50
1293,Desiree Buckridge,Loretta.Rodriguez@example.org,South Shannachester,975.938.0805,21
1294,Priscilla Treutel,Kendall.Tillman@example.net,Port Randalfurt,1-917-206-0485 x611,48
1295,Bessie Bergstrom,Lexus_Thiel@example.net,Westfield,265-836-0698 x4202,52
1296,Teresa Hodkiewicz,Mercedes_Doyle50@example.net,Kelsimouth,231.906.3159,63
1297,Mr. Merle Schaefer DVM,Jack.Champlin47@example.net,Kubworth,1-561-275-6943,60
1298,Isaiah Pfeffer,Terrence.Goodwin@example.com,La Mesa,(532) 596-2321,28
1299,Assunta Schoen,Leonard.DuBuque71@example.net,Wayneside,487-967-7860,65
1300,Erin Muller,Lauryn.Schmeler56@example.net,Fort Diegoworth,1-527-704-8548,35
1301,Jimmy Wiza IV,Ellen.Hegmann41@example.com,Inglewood,1-381-399-4878 x050,38
1302,Rolando Mills,Tamia_Grant34@example.org,South Colleen,460-695-6911 x835,54
1303,Tara Howell,Danika_Maggio7@example.net,Hodkiewiczton,1-970-231-1701 x107,48
1304,Sue Schimmel,Candido79@example.net,East Emilyview,1-408-421-0005 x92691,44
1305,Kara Stanton,Johnathan.Shanahan@example.com,Kilbackville,817.814.3099,45
1306,Elody Wuckert,Adrienne_Rowe@example.org,West Valley City,1-203-907-9840 x318,35
1307,Sarah Botsford-Parisian,Demarcus.Donnelly-Schneider@example.org,Floybury,949.311.7614 x47508,46
1308,Elfrieda Harvey,Kennedi.DuBuque33@example.org,Casimerworth,946-725-3822,27
1309,Ms. Claudia Greenfelder,Gerson.Schiller95@example.com,Heatherhaven,491.309.9472,41
1310,Zachary Weimann,Garth.McLaughlin30@example.net,Lake Catalina,369.502.8588 x739,24
1311,Jessy Aufderhar,Diana33@example.com,Kemmermouth,292-253-6602 x4762,56
1312,Edyth Fisher,Clyde_Bartoletti-Sawayn@example.net,New Kory,(880) 615-0606 x40495,51
1313,Dwight O'Keefe,Mindy_Huel31@example.org,Euclid,794-520-5678,64
1314,Gretchen Medhurst-Breitenberg,Will99@example.net,Pedroboro,414.300.4548 x2712,61
1315,Jerald Kihn,Abraham_Runolfsdottir-Beatty17@example.net,Claudiabury,(628) 426-2664 x208,36
1316,Miss Leola McCullough,Nayeli_Hintz26@example.org,Kutchcester,1-889-695-3143 x957,51
1317,Mr. Al Maggio,Rickey_Rosenbaum29@example.net,Maricopa,1-756-210-1496 x155,54
1318,Lowell Blanda,Jeanne_Hansen@example.net,Lake Emile,675.955.4409 x121,52
1319,Zachery Kertzmann,Lindsay.Towne@example.org,Mildredview,1-952-731-5131 x587,41
1320,Norma Wintheiser,Wendy44@example.net,East Sheilafurt,875-925-9914 x80374,51
1321,Ladarius Emard III,Tatyana.Casper@example.org,New Josie,911-512-8496 x8504,64
1322,Gail Dach,Javier_Senger32@example.com,Fort Kolby,998.756.6907,38
1323,Josephine White,Winifred96@example.net,New Tremaine,669-653-9551 x9842,28
1324,Dolores Koelpin,Carlton_Wunsch22@example.org,Russelmouth,544-639-2839 x677,40
1325,Zachary Haley PhD,Eveline_Schroeder5@example.net,Ellenhaven,584-825-9925 x4721,37
1326,Laverne Stokes,Bruce.Kerluke@example.org,Port Dougshire,(861) 537-2506,46
1327,Delores Powlowski,Jaylon80@example.net,Grand Forks,238-836-9183 x403,61
1328,Christy Witting,Friedrich_Kling16@example.org,Anibalburgh,323.936.5513 x13328,53
1329,Gilbert McLaughlin,Marcos.Auer49@example.net,West Shawnaport,1-601-849-7974,35
1330,Ellen Ortiz,Ross_Osinski74@example.org,Port Virginiacester,740.794.4322 x79123,50
1331,Lela Rowe,Madalyn3@example.net,South Francochester,608.781.0896 x835,24
1332,Germaine Kohler,Rosina_Keebler80@example.net,New Autumnbury,1-830-416-7109 x1261,18
1333,Evan Anderson,Malcolm_Rogahn@example.org,Lake Gracestad,1-999-354-8366 x9568,34
1334,Shemar Franey III,Ora_Reynolds-Gislason7@example.org,New Lloyd,758.309.3039 x38349,44
1335,Alec McClure,Aida23@example.net,Ricehaven,981-234-2300,27
1336,Hollis Krajcik,Barbara.Williamson25@example.net,North Hayley,622-665-2604 x6940,64
1337,Todd Rogahn,Elliot_Gleichner10@example.org,Lake Philborough,768-283-1088,48
1338,Devante Bartoletti,Juan_Braun5@example.net,Willardshire,(494) 236-6278,50
1339,Brody Hauck,Virgil77@example.org,Port Johann,394.248.1388 x17310,34
1340,Mozelle Bergnaum Sr.,Mary.Klein@example.net,Jastchester,740-458-6638 x90572,33
1341,Dr. Royal Balistreri,Beatrice.DuBuque59@example.org,South Joeyside,942-256-8585 x58740,44
1342,Shelley Block,Robert.Volkman83@example.org,Ellachester,458.530.2387,32
1343,Mr. Rickey Stracke V,Hattie26@example.org,Huntersville,(209) 457-9560 x27950,36
1344,Dr. Jovany Windler,Delbert_Kilback42@example.net,Lake Archieton,305.865.2143 x79540,48
1345,Alberto Tromp PhD,Warren.Aufderhar@example.net,Whitefort,(350) 511-5095,45
1346,Neal Schneider,Lela.Kiehn-Harber@example.com,Lacey,576.621.9805 x6626,55
1347,Mr. Bruce Daniel,Alex.Kshlerin@example.net,Mullerhaven,1-454-756-2303 x292,45
1348,Robb Boyer,Jennie_Reinger@example.org,Port Paulstad,1-844-911-7379,23
1349,Miss Isabell Turcotte III,River_OReilly@example.net,Rempelville,420-629-1763 x49466,44
1350,Omar Ruecker,Joy40@example.org,Debraview,528-621-1262 x662,64
1351,Cecilia Greenfelder,Uriel_King-Stoltenberg25@example.org,Jimville,321.714.7534 x1468,41
1352,Bobbie Murphy,Ian_Mueller@example.org,Emilmouth,776.693.4527 x7774,27
1353,Elsie Gleason,Rossie_Schuster@example.org,New Ryantown,1-226-421-3333 x0593,60
1354,Ethan Schumm,Marlene.Lesch97@example.net,Port Erickaton,1-605-889-2520 x506,62
1355,Alta Bednar,Constance_Lowe@example.net,Theresiachester,719.657.0423 x056,49
1356,Lillie Davis,Jodi.Barton-Flatley@example.net,Bartolettitown,(223) 550-7758,58
1357,Blake Smitham,Russell69@example.org,Jaleelmouth,705.759.1933 x6398,44
1358,Katherine Cummerata,Kenya_Baumbach68@example.com,New April,412-466-7771,56
1359,Tyrone Goldner,Jean11@example.com,Timmyside,986.847.4895 x403,44
1360,Dennis Feest,Vallie.Lowe53@example.com,Lake Schuyler,432-360-3839 x8755,45
1361,Kylie Pollich,Harriet.OKon@example.org,Howellstead,785.212.1413 x5074,34
1362,Mr. Christian Schaefer,Tomas.Wilderman29@example.org,South Troymouth,(208) 827-3917,48
1363,Miss Aurelie Moen,Emmett_McLaughlin@example.net,Robertomouth,883.852.3486 x490,60
1364,Dixie Sauer-Bartell,Fred.Emard15@example.org,Oliviaton,(924) 658-5032 x41762,43
1365,Mr. Alex O'Connell III,Camylle.Daniel-Gleason@example.com,Norwalk,1-277-771-3474 x371,59
1366,Adelia Lakin,Fabiola_Goodwin75@example.net,Mitchellport,664-987-0946 x62495,50
1367,Julius Lakin,Sheridan_McKenzie@example.org,Cathedral City,664-581-3654,65
1368,Mr. Serena Effertz,Catharine4@example.com,North Kobe,1-350-983-2529,59
1369,Eliezer Paucek,Brenden.Crona-Stoltenberg@example.org,Bradland,257.348.4453 x023,49
1370,Cecelia Pagac,Keven.Rohan@example.net,Rio Rancho,351-576-5094,39
1371,Maida Batz,Zakary30@example.com,Pompano Beach,896.295.0615,20
1372,Merritt Schowalter,Macie.Willms9@example.net,Rossview,871-284-0267 x426,46
1373,Richard Kuvalis,Lester_Miller78@example.net,Fort Titoborough,1-986-700-4575 x139,60
1374,Mariane Smitham,Minnie.Schumm15@example.org,Port Berthabury,532-640-6893,65
1375,Leonie Christiansen PhD,June_Durgan23@example.net,Jeramyville,983.651.7602,53
1376,Jaiden Cruickshank,Julio95@example.com,Fort Tricia,1-611-219-8958,20
1377,Mr. Terence Ryan I,Meaghan79@example.com,Texas City,(257) 925-0365 x0088,50
1378,Isaac Cormier,Porter.Gislason@example.net,North Lamontworth,713-290-1799 x65539,47
1379,Kristen Douglas,Oran_Braun@example.org,Vista,(490) 631-7334 x44036,22
1380,Leigh Hintz,Josephine.Ondricka@example.net,Fort Bradenport,456.545.3766,59
1381,Iris Stokes,Caroline14@example.net,Lake Kenyon,1-576-907-8163 x9707,49
1382,Israel Kulas,Retta37@example.com,Isabelboro,620-801-6584 x0133,52
1383,Olga Stanton,June.Marvin@example.org,Lake Randolphbury,312.745.9839,54
1384,Ms. Tara Bradtke,Georgia_Daugherty-Ward@example.com,Escondido,(628) 526-4274 x62760,56
1385,Edgar Considine,Gus.Monahan80@example.net,East Lois,(815) 447-0460 x6569,59
1386,Winifred Kassulke,Jack44@example.com,Fort Meredithview,1-473-735-0871,43
1387,Eleazar Dach,Daphne97@example.com,Port Jairoside,1-585-665-7442 x07949,53
1388,Clifford Terry,Josh74@example.net,New Sherrifort,1-261-852-2133 x0265,29
1389,Juston Bernier,Dagmar_Brown@example.org,Port Maeganland,702.561.7600,60
1390,Darla Lowe,Cassidy97@example.net,Whittier,519-475-8483,63
1391,Elton Rodriguez DVM,Elmo_Stroman35@example.com,Wandaland,(584) 815-5466 x217,38
1392,Erling Friesen,Sheila.Bernier@example.com,Katrinaworth,451-763-3822 x928,19
1393,Gerard Nitzsche,Selmer.Bechtelar@example.net,West Noelstead,515-491-6456 x573,30
1394,Monique Lindgren,Dawn.Macejkovic-Yost83@example.net,Levittown,1-432-294-5581 x507,63
1395,Branson Schimmel,Ceasar38@example.com,Macejkovicville,942.498.6994 x135,64
1396,Ernesto Feest I,Eliza_Ruecker@example.net,Hannahville,(668) 308-6756 x3459,47
1397,Sylvia Murray,Alberto_Cremin83@example.com,West Clarefield,1-323-995-6315 x93280,56
1398,Joanie Crist,Delia_Hermiston@example.com,Leuschketon,(876) 967-9473 x8559,55
1399,Claire Torphy,Kara.Deckow@example.org,San Juan,953-740-2661 x441,54
1400,Beverly Heaney,Trevion_Emmerich39@example.com,Lubbock,614-922-2014 x91525,62
1401,Idella Bode II,Payton.Schoen91@example.net,Rosariohaven,1-538-765-2391 x79786,29
1402,Breanne Lind,Sibyl78@example.net,Bradlybury,1-950-849-2399 x449,44
1403,Lyla Hills,Kali17@example.net,East Austenboro,633.286.8055 x3025,44
1404,Ellen Hoppe,Mazie29@example.com,Ruecker-Herzogton,237-819-8437 x11144,51
1405,Noemy Mohr,Brook_Denesik@example.net,East Kaseycester,503.494.8058 x373,24
1406,Dock Cormier,Laverne63@example.com,Laverneborough,(472) 378-4732 x395,22
1407,Bert Pagac,Alex_Lynch@example.com,East Timothyboro,(966) 716-6716 x559,57
1408,Bennie Wolf,Arch.Ullrich@example.org,Madera,737-953-2919,25
1409,Korey Cruickshank III,Horacio_Wehner64@example.net,Burke,1-377-802-8933,53
1410,Randy Hammes III,Ruben_Brekke41@example.net,West New York,1-550-902-9068,32
1411,Santa Ryan,Pauline.Conroy7@example.net,Jonathonmouth,(808) 211-2452 x1024,58
1412,Steven Howe,Ryder_Kris9@example.com,Port Nataliefurt,1-502-612-1072 x8958,56
1413,Mrs. Claire Toy,Loretta_Bogisich@example.com,South Yeseniastad,1-279-279-4679 x689,24
1414,Vickie Hahn,Guy_Heidenreich13@example.net,Lake Ridge,911-598-2795 x326,47
1415,Alfredo Botsford,Sophia92@example.com,Nikolausport,870.612.7776 x940,44
1416,Ginger Franecki,Lamar_Rippin@example.org,Pearland,751.811.6817 x4739,30
1417,Miss Grace Frami PhD,Ted.Towne61@example.org,Maggioshire,(943) 215-1431 x3486,38
1418,Alexander Boyer,Katrine_Stiedemann-Abernathy11@example.net,Burleson,205-827-9828 x4011,40
1419,Miss Clemens Maggio,Ruth54@example.org,South Alex,(994) 812-5892 x9284,24
1420,Mr. Valentina Borer-Walker,Dayne.Yundt58@example.org,O'Konborough,(749) 836-2682 x60410,57
1421,Edgar Kunze,Pete.Rogahn61@example.com,Rhondaborough,1-401-388-8094 x3861,56
1422,Brooks Braun,Zoie_Aufderhar70@example.net,Lemkeborough,841.821.9469 x128,32
1423,Tremayne Jast,Neoma_Willms@example.org,Martyberg,1-848-706-8151 x41030,31
1424,Keon Abshire,Quinn80@example.org,Oleland,470-480-8485,48
1425,Bruce Schoen,Jeffery_Nader75@example.net,O'Connellshire,1-894-924-6227 x15906,59
1426,Mr. Cedric Grady,Lillie.Kuvalis79@example.org,San Francisco,980-378-4334 x79209,19
1427,Mr. Maybell Predovic,London_Bins@example.net,Fredmouth,935-633-4198 x3045,26
1428,Pamela Pacocha,Dorian87@example.org,Jaedenworth,983.698.4873 x469,35
1429,Gladys Mills,Jovany.Kuhn79@example.net,Runolfssoncester,1-982-931-8779 x07391,65
1430,Ernestine Pfannerstill,Zachary_Tremblay@example.org,Gradyhaven,(646) 758-7556 x80286,33
1431,Kristofer Thompson,Khalid78@example.net,Tromphaven,1-654-951-2971 x445,39
1432,Roscoe Hartmann,Darin91@example.net,Trentonberg,581-351-5145,36
1433,Berta Schumm,Al_Waelchi@example.com,Strackeside,(812) 417-4240 x14224,22
1434,Samara Buckridge,Polly40@example.com,West Titofurt,570-460-8561 x23736,40
1435,Eduardo Yost,Donald.Little87@example.org,Syracuse,246.836.9121 x74287,57
1436,Bob Stokes Jr.,Karl42@example.net,Feilborough,407-701-8184 x31194,63
1437,Mable O'Hara,Jamil_Greenholt@example.net,Hahncester,(925) 997-0727,31
1438,Dr. George Swaniawski,Margaretta.Jerde90@example.com,North Carmen,1-626-305-2013,22
1439,Ericka Grant,Foster.OKeefe@example.com,East Wardton,350-862-8592 x60211,31
1440,Mr. Edmond Lubowitz,Dessie85@example.com,Delray Beach,239.717.4673 x0051,22
1441,Ms. Naomi Herzog,Randal34@example.net,Kaylaburgh,(578) 431-6055,35
1442,Maria Barton,Claudie.Dietrich@example.net,Alafaya,740.321.2896 x563,23
1443,Ken Emmerich,Odie.Kutch66@example.org,McKinney,(985) 876-8341 x0948,30
1444,Eden Stokes V,Devyn_Mann-Hagenes17@example.net,Fort Percychester,1-471-243-8047,30
1445,Blake Kohler,Charley.Little77@example.org,Hillsfurt,256-610-3666 x8256,43
1446,Francis Feil,Rahul_Klein@example.net,South Angelicafurt,531-992-0704 x609,18
1447,Alta Mann,Ruby.Harvey@example.org,Kihnshire,495.615.4759 x47652,52
1448,Estelle Larkin,Bridget72@example.com,Stammstad,1-910-703-8635 x8840,63
1449,Bret Rogahn,Lawson.Rempel@example.net,Runolfssonmouth,1-656-505-1954,48
1450,Mr. Nicolas Hilll,Gladyce81@example.org,Port Fredchester,552.890.3814 x1761,33
1451,Laura Stroman,Toni30@example.net,Darrylmouth,908-299-8394,64
1452,Jasmine Mann,Helene.Hirthe8@example.org,Lake Vanessa,1-445-735-5580,45
1453,Dave Durgan,Jaron.Armstrong@example.net,Leslieborough,501-481-1821 x9158,18
1454,Billy DuBuque-O'Connell,Noel59@example.net,North Fredafield,365.960.1820,59
1455,Savion Hand,Naomie.Carroll-Funk35@example.net,Hellerfield,(257) 738-4165 x88676,45
1456,Mr. Boyd Erdman,Lucious.Gislason@example.org,Ernserside,(655) 210-5884 x74942,62
1457,Tavares Macejkovic,Liza_Leuschke29@example.com,Haleyfield,881-667-1748 x1538,55
1458,Alene Trantow,Aglae_Hirthe94@example.org,Jeffersonville,(687) 348-5366 x672,49
1459,Christophe Reichert,Fernando_Bailey14@example.net,Lake Miguel,362.690.6327,24
1460,Carolyn Toy,Garry83@example.org,Dibberttown,633.827.2786 x2168,39
1461,Dr. Fletcher Schaefer-Bins,Tracy.Rice22@example.net,Reaganbury,(793) 818-8288 x824,39
1462,Alexis Ledner IV,Brennon66@example.org,North Natalia,784-529-0230,29
1463,Dale Keeling,Dillon.Strosin67@example.com,North Hershelbury,793.347.6332 x1029,65
1464,Janae Kihn,Anne27@example.org,Rock Hill,740.699.0094 x117,58
1465,Jessyca Tromp,Alana_Schmitt@example.net,Schuppestad,(632) 421-8883 x89654,51
1466,Darren Corkery,Sally49@example.org,West Nedra,424.241.9495 x80459,28
1467,Jim Kunze,Carlos_Tremblay@example.org,Kuhnburgh,356.750.7847 x5089,38
1468,Morris Dare,Glenda.Gutkowski@example.com,Emilietown,491-916-6459 x457,21
1469,Corrine Zulauf,Jany_Lueilwitz@example.net,New Priscilla,(451) 838-7685 x1023,23
1470,Santos Collier-Heidenreich I,Beaulah_Kuhic8@example.com,Monahanfort,996.405.8458,44
1471,Eloy Green V,Nikki.Shanahan@example.com,South Tobyport,984-433-7264 x9133,63
1472,Hildegard Runolfsdottir,Minnie_Champlin94@example.org,Cupertino,454-373-6242 x0624,53
1473,Andre O'Reilly PhD,Kailee_Shields47@example.org,South Vinnie,792-883-6134 x793,32
1474,Mrs. Rosemarie Hessel,Rochelle_Bartell17@example.com,Kassulkeport,1-303-211-8277,50
1475,Christina Lynch,Libbie64@example.com,Byronstad,727.318.6510 x969,35
1476,Sheridan Fay,Duncan_Brakus67@example.com,Harrisonburg,653-821-6740 x221,34
1477,Manuel Rosenbaum,Chris.Runte8@example.com,Rolfsonchester,1-928-906-6586 x717,38
1478,Henderson Batz,Ernestine2@example.net,Leoboro,844.466.5250 x596,58
1479,Ellsworth Schoen,Howard93@example.org,West Claratown,581-272-2903,25
1480,Jennings Schoen,Lelah19@example.net,West Johnnyton,538-255-6139 x9030,26
1481,Katelin Spencer,Vernon_Hermann@example.org,East Davonhaven,563-382-3424 x4869,64
1482,Reinhold Schinner DVM,Mallie.Kozey@example.com,Daphneyfort,826-665-2198 x8585,26
1483,Lacy Lemke,Jay.Watsica86@example.net,Howellview,262-688-2472 x088,46
1484,Grace Greenholt-Jerde IV,Icie92@example.org,Lake Johathantown,(512) 992-6050,52
1485,Ronnie Walsh,Pearl_Nicolas@example.com,Lake Salma,(390) 367-8591,43
1486,Jodi Haag,Rodolfo_Daniel98@example.org,Crooksbury,744-375-4981 x79492,59
1487,Keyon Wilkinson,Boyd_Durgan@example.com,Fort Waynefield,(480) 494-8311 x8709,30
1488,Karianne Lynch,Melisa.Bednar@example.com,Middletown,808.675.2884 x247,22
1489,Gwendolyn Funk,Benjamin.Rippin34@example.org,Estherfurt,414-768-1251 x033,23
1490,Cornelius VonRueden,Janice52@example.com,South Sylviafort,(625) 632-7214 x723,36
1491,Caleigh Lowe,Natalie_Weissnat@example.com,New Gloria,760.611.1487 x4092,36
1492,Joe Treutel,Demond.Schuster3@example.com,Lake Randolph,(906) 811-7383 x4510,26
1493,Joana Hegmann DVM,Dayton_Kautzer36@example.com,New Patrickburgh,765.656.1913 x397,24
1494,Lupe Brekke,Toni_Ratke@example.org,New Ernestinastad,474-934-2296 x2464,54
1495,Moses Pfannerstill I,Brent83@example.net,Caryville,(776) 551-6010 x50985,49
1496,Paul Brekke PhD,Alexandrea_Kassulke79@example.org,Herzogburgh,(662) 710-7682 x4126,34
1497,Cindy Crist,Anabel.Carroll63@example.org,Port Leslyworth,287-922-5300,57
1498,Maxwell Denesik,Alberta.Johnson@example.net,Mayaguez,(401) 934-9256 x2751,63
1499,David Hayes,Leticia83@example.net,El Cajon,814-804-9916,49
1500,Amy Oberbrunner,Cory_Cole@example.com,Walterburgh,875.875.8615 x6748,64
1501,Rafael Zemlak,Alexis1@example.org,Fort Jason,1-521-925-3423 x99869,48
1502,Fern Thompson,Amy48@example.net,Fort Joyce,454-279-9302 x38919,56
1503,Mr. Harry Denesik PhD,Gail98@example.org,Port Granville,1-427-459-2160 x8638,51
1504,Domenico Hermann,Delta64@example.net,Corkeryfort,1-804-472-9848 x6636,41
1505,Gregg Feil,Debra_Bashirian@example.com,Provo,701.628.0340 x35635,25
1506,Mrs. Jasmine Wisozk,Robyn_Ruecker89@example.com,North Marshall,(883) 738-9706 x439,27
1507,Matt Rutherford-Satterfield,Julian.Mayer@example.com,Garnettport,568-744-9892 x53256,45
1508,Myrtle Shields,Elza_Gutmann-Carter62@example.com,North Sylvester,864-708-4672,36
1509,Lora Little,Marsha77@example.org,Hanefield,(799) 366-2595,38
1510,Dixie Balistreri,Evans0@example.com,Wilsonport,1-266-823-8844,42
1511,Herminio Ullrich,Jasmine_Harvey3@example.com,Stantonstad,1-386-389-4337 x5366,51
1512,Mr. Ricky Nader,Karelle_Kemmer89@example.com,New Constanceview,(705) 558-1156 x0706,58
1513,Eric Gusikowski-Heidenreich,Brandy_Waelchi48@example.org,Grantstead,448.356.5895 x02722,39
1514,Essie Hamill,Gladys88@example.com,West Gildaview,(545) 508-3826 x953,26
1515,Alberto Mraz,Kate_Davis@example.net,New Kirktown,803-628-4351 x184,57
1516,Asia Torp,Eva_Jones45@example.org,Long Beach,1-580-733-8002 x865,31
1517,Sydni Kris,Monserrate.Kuphal@example.net,New Richiehaven,1-258-736-5129 x127,58
1518,Mary Pollich,Clara30@example.org,Shaniatown,899.679.7786 x52968,24
1519,Johnny Daniel Sr.,Theron17@example.com,North Alexandrea,(636) 222-1816 x54207,38
1520,Mr. Jace Boyer,Arnold11@example.com,Port Levi,(840) 728-9918,61
1521,Scottie Turcotte,Heather76@example.com,Centreville,(799) 480-6094 x49459,44
1522,Shelia Stanton,Kianna5@example.com,Bennystad,591.847.1201 x20511,40
1523,Garret Hegmann-Marvin,Greta53@example.org,Fritschview,990-441-8811 x639,22
1524,Roxanne Gibson,Tyson.Crona-Corkery69@example.org,Johnathanhaven,634-320-3788,30
1525,Betty Connelly,Barry37@example.org,Sarafort,(359) 505-0658 x010,49
1526,Reginald Haag,Erica.Runolfsdottir60@example.net,North Whitney,1-606-621-2653,47
1527,Stephany Bailey-Legros,Naomie.Halvorson63@example.com,Greenholtborough,(355) 285-4837,33
1528,Mr. Steve Walsh,Lafayette_McGlynn38@example.org,Fort Rosemarieburgh,(336) 833-0162,51
1529,Troy Schiller,Kathy_MacGyver@example.net,Smithamton,(663) 353-3507 x424,37
1530,Danny Schaden,Erika15@example.org,New Jakecester,529.377.9458 x35430,23
1531,Lue Koepp,Michael.Jerde@example.net,Huelborough,667-849-6740 x300,65
1532,Stephen Price Jr.,Heidi_Hilll@example.net,South Yoshiko,954.938.0743 x22098,53
1533,Tricia Gorczany,Lonnie80@example.com,East Normastead,(709) 910-6138 x074,43
1534,Mossie Rowe,Melanie41@example.org,West Covina,1-793-558-7406 x4811,43
1535,Milton Halvorson,Mona_Wiza@example.net,Andersonfield,1-207-663-3636 x8040,29
1536,Bernardo Hayes,Iris_Waelchi99@example.com,Mabelland,615.337.7096 x1247,63
1537,Abbigail Parker,Edward81@example.com,Laredo,1-240-930-2932 x685,30
1538,Ruthe Mueller,Lyle_Metz@example.org,Rudyton,955.207.8641,32
1539,Oscar Weber Sr.,Idella17@example.net,Volkmanstead,1-430-471-0561 x0112,21
1540,Isadore Ward,Elian_Kunde@example.net,Lake Don,1-918-802-5192 x76212,21
1541,Opal Runte,Rachel_Lowe@example.org,Vacaville,1-210-313-9123 x701,21
1542,Richard Larkin V,Rosa.Bernhard92@example.net,Yosttown,326-246-9241,26
1543,Cade Willms-Koch,Cole5@example.org,Janicestead,228.680.1727 x863,35
1544,Marsha Davis IV,Angie.Ullrich@example.com,Hudsonton,1-629-809-0399,19
1545,Rosalinda Kerluke II,Sabrina_Wilkinson17@example.com,Darefort,677-469-7057,21
1546,Emmitt Rodriguez,Aliya.Blanda20@example.org,South Sheldonberg,352.507.9116,41
1547,Kirstin Hoppe,Pinkie96@example.net,Fort Raquel,750-382-9720,44
1548,Tonya Nienow,Ima_Stark@example.com,North Shannyburgh,708-535-4517,51
1549,Willard Schroeder,Gardner_Keeling@example.net,Maxineworth,368.707.7989 x6503,30
1550,Nathaniel Grimes IV,Sheila.Jakubowski9@example.net,Hudsonfort,1-230-701-5799 x80352,36
1551,Stanley Bradtke,Sally74@example.net,Riverton,533.971.7542 x742,22
1552,Mr. Myron Spencer,Edmond36@example.com,Port Loreneview,764.795.2091 x82398,43
1553,Neil Dicki,Francis_Lynch31@example.net,Denishaven,759.824.3194 x6495,40
1554,Lindsey Erdman,Hertha_Orn60@example.net,Kiehnfield,1-281-268-7791,45
1555,Miguel Lesch,Darby27@example.com,Fernandoview,(493) 964-6454,39
1556,Brady Jacobi,Rodrigo.Lebsack-Feil@example.net,North Ernestohaven,(781) 429-9596 x937,18
1557,Flo Becker,Maia_Hessel@example.com,Kundestad,(976) 451-6701 x8082,63
1558,Lambert Runolfsson,Elvira43@example.com,Cronincester,1-937-579-5849 x896,20
1559,Rachel Koepp,Josianne71@example.com,East Manuel,1-926-384-4619 x116,35
1560,Elwyn Sawayn,Hobart24@example.org,Blanda-Hauckworth,(299) 989-4706 x14127,53
1561,Nyasia Ferry,Lana.Boehm61@example.org,North Adonis,567-831-1579 x7981,62
1562,Miss Meghan Schulist,Brian_Crooks2@example.com,Fort Cole,(328) 774-9332 x231,37
1563,Jordi Schroeder,Garth86@example.net,Country Club,(804) 645-7917 x02538,38
1564,Mariano Goyette,Darnell63@example.net,East Hartford,1-616-400-8350 x3718,61
1565,Loyce Bailey PhD,Dexter65@example.com,West Charlottehaven,739-261-9709 x15554,54
1566,Bridget Emmerich-Wintheiser,Florence_Kessler78@example.net,South Cora,614-237-0437 x75410,62
1567,Wyatt Schmeler,Roosevelt.Toy12@example.org,Aniyahboro,777.773.1721 x9001,27
1568,Archie Kuhlman,Maryann.Schultz@example.net,South Ashlynn,444-318-6242 x059,30
1569,Lynne Harber,Francesca_Kiehn47@example.org,East Ronaldo,(700) 335-3039 x164,22
1570,Sidney McDermott,Crystal70@example.com,Lauraside,1-962-257-6898 x33730,22
1571,Sibyl Bernhard,Aidan_Hodkiewicz98@example.net,East Arturo,729.681.4697 x2749,59
1572,Dr. Germaine Casper-Mitchell,Penny27@example.net,West Jordan,(308) 772-9832 x464,42
1573,Abagail Kilback-Herman II,Rudolph_Treutel@example.net,New Saratown,(426) 285-5844 x0916,32
1574,Jasen Corkery,Adan_Veum90@example.org,Greenholt-Mertzhaven,(629) 399-0518 x1748,28
1575,Shaylee Orn,Abner_Dietrich20@example.net,Fort Della,(742) 935-1262 x6170,54
1576,Carlie Zieme,Leatha_Rempel@example.net,North Brody,569.902.8349 x50431,58
1577,Paris Conroy,Ana_Kemmer91@example.net,Bellevue,780.983.4100,37
1578,Mr. Marisa Schumm I,Shane.Ebert12@example.net,Wylie,(404) 570-1049 x671,48
1579,Kara Wehner,Gina.Bosco@example.net,Patriciaport,(705) 347-7716 x0562,23
1580,Miss Joann Jacobs III,Billy.Mills@example.net,Port Kadeboro,1-704-388-7193 x13107,58
1581,Raoul Dooley,Stephen7@example.net,Dundalk,799-700-0840 x381,40
1582,Miss Zane Farrell,Haleigh30@example.org,New Haven,676.440.1169 x65670,49
1583,Cole Parker,Brennon29@example.org,West Marquisport,(244) 563-2365 x7005,40
1584,Margie Torp,Ellie_Mosciski@example.net,East Sylvester,(576) 221-4346 x3355,19
1585,Ora Reilly,Melinda_Johnston2@example.com,Port Terence,958.609.9240 x69657,53
1586,Homer MacGyver,Elvie_Davis@example.org,Manteca,1-788-609-3395 x75805,61
1587,Alf Deckow Jr.,Lori.Walsh@example.com,South Ramon,846-459-0734 x27321,50
1588,Kallie Mann,Jerry_Turcotte@example.org,Fort Katherine,1-456-792-4958 x5865,29
1589,Winona Hoppe,Ara_Considine@example.org,Fort Alisachester,528.982.5008 x04168,38
1590,Vada Bartoletti,Laurie.Hintz25@example.org,Harrisburg,(205) 400-6720 x732,39
1591,Dewayne Schaefer,Iris49@example.net,Smithamville,435-309-7519 x062,35
1592,Alexandre Deckow,Randolph.Strosin@example.org,Lake Julioshire,(550) 715-7049 x4998,32
1593,Hellen Spinka,Precious_Lowe89@example.org,Balistrerimouth,698.733.4961 x935,58
1594,Irvin Cummerata,Quentin.Mosciski-Ernser61@example.org,West Heidiberg,384.928.4324 x685,44
1595,Marco Jenkins,Bessie.Raynor@example.org,Palatine,1-520-725-5357 x3336,65
1596,Jayden Borer,Cleora.Jenkins16@example.net,Douglaston,662-862-3790 x435,64
1597,Stone Jacobson,Jaquan80@example.org,North Robinport,(567) 522-2458,51
1598,Georgia Mueller,Jodi.Spinka59@example.org,Lake Kathlyn,409-722-1627 x47880,39
1599,Carole Kuhic,Bernice.Flatley@example.net,Torpstad,608.396.3542 x0157,58
1600,Caroline Beahan,Roman.Corwin@example.com,Conroycester,599-901-5128 x276,61
1601,Kari Davis,Eda.Haley@example.net,Scottfield,1-943-754-4072 x51904,37
1602,Dominick Mayert,Van_Gleason67@example.com,Heidenreichburgh,(499) 363-5281 x0401,23
1603,Melanie Abshire,Josianne.Halvorson76@example.org,South Julie,1-245-849-1251 x223,60
1604,Fritz Rolfson PhD,Savanna_White-Durgan@example.org,Kristinaworth,(264) 695-1964 x75666,47
1605,Kaylin Spencer-Connelly,Vernice_Mueller63@example.net,Joanneville,775-962-2958 x32656,60
1606,Rhianna Kilback-Wolf,Alvera.Feeney@example.com,Leahstead,1-736-761-7980,43
1607,Janae Windler,Della.Mante@example.net,East Bernhard,1-872-375-9991 x676,56
1608,Elaine Cassin,Karolann.Pouros@example.com,Casperberg,439.415.9532 x69514,19
1609,Johnpaul Littel,Jaquan_Rowe8@example.com,Jonesburgh,(486) 662-7432 x11367,64
1610,Kellen Sawayn-Cronin,Onie.Corkery@example.org,Warrenberg,(852) 473-5689 x568,57
1611,Esta Senger,Alvera98@example.com,Fort Bennie,1-361-502-5793 x829,53
1612,Keon Breitenberg,Claudia.Schmeler@example.com,Lebsackville,(470) 248-3293 x61268,18
1613,Silas Hilll-McLaughlin,Tamara75@example.com,Leonfort,336-466-3668,58
1614,Mrs. Ilene Robel,Joel.Kilback99@example.net,Streichberg,218.529.9973 x03820,38
1615,Tricia Bartell,Miguel_Blick@example.net,South Nettie,792-562-9432 x300,31
1616,Jason Adams,Violet.Abshire@example.com,Clayburgh,477-560-4822 x117,50
1617,Chad Hegmann,Frederick77@example.com,East Howard,557.917.5437 x1436,59
1618,Clemmie Kassulke,Marvin_Greenholt81@example.net,Goldenfort,545.848.6224,28
1619,Sara Daugherty,Alma.Ondricka13@example.com,West Leonastad,(977) 689-9477 x565,52
1620,Charles Walsh,Moses1@example.net,Des Plaines,1-271-247-8947 x5738,55
1621,Delbert Goodwin,Robin.Kessler@example.net,Lake Greta,924.847.2151 x925,23
1622,Mr. Gary Christiansen,Howard.Berge77@example.org,Christiechester,1-682-828-0646 x683,22
1623,Patricia Price Jr.,Tiffany13@example.com,South Traci,919-889-8365 x7835,46
1624,Aubrey Weber,Susie8@example.org,East Darrenchester,(944) 893-2598 x86945,56
1625,Waldo Pouros IV,Janis_Hoppe84@example.net,South Dolores,1-662-200-7878 x6643,34
1626,Miss Carlo Shanahan Sr.,Nelson_Blick75@example.org,West Chelseyfield,967-200-0111,20
1627,Dr. Ronald Koch,Lizzie58@example.org,New Jamirborough,975.359.0405 x47829,58
1628,Clara Emard,Lenna72@example.com,North Idellacester,(948) 904-3036 x39775,39
1629,Miss Karen Gutmann,Edith.Graham@example.org,West Malachiworth,(424) 388-8410 x536,29
1630,Kimberly Harris-Rice,Jasmine_Shields38@example.com,New Thelma,215.496.4635 x27922,30
1631,Aida Lesch,Darryl.Aufderhar50@example.com,Port Stellastead,645-444-3020 x6500,42
1632,Jimmy Senger,Elta1@example.com,East Gwenstad,539.578.9334 x982,30
1633,Lauretta Hilpert,Michele.Gutmann@example.com,Eldastad,955.723.9122 x94828,48
1634,Sadie Botsford,Vernon.Lockman9@example.net,East Dallas,544.512.7973,62
1635,Sharon Nikolaus,Lucy21@example.net,Mayside,225.798.0564 x6412,32
1636,Miss Cindy Kessler,Linnea64@example.net,Royal Oak,(366) 924-7289 x0005,30
1637,Rudolph Will,Hilda27@example.net,Charlottesville,687.904.0627 x8665,29
1638,Frank Schimmel Jr.,Melody.Satterfield99@example.org,Edinburg,(333) 552-2971 x3736,31
1639,Gwendolyn Langosh,Adam51@example.org,Lake Kristiantown,1-677-225-7994,53
1640,Kendra Fadel,Evert51@example.com,York,1-353-400-8221 x22633,26
1641,Dr. Danielle Klein,Madaline49@example.org,West Soniatown,645.685.8623,56
1642,Sophia Kulas,Delores.Schamberger36@example.com,Lake Scotshire,(993) 349-5032 x899,39
1643,Henrietta Kutch,Clarence54@example.org,Summerfort,(714) 895-3744 x868,35
1644,Ignacio Williamson,Joey_Murray2@example.net,South Cindy,(635) 516-4222 x7412,34
1645,Herman Dibbert,Delia.Bartoletti12@example.com,Gibsonfort,(922) 284-7917 x236,29
1646,Freda McDermott,Jules.Hodkiewicz@example.net,Blairside,1-583-618-6373,42
1647,Mr. Salvatore Dicki,Douglas.Mante@example.com,Armstrongside,226-553-8916 x59279,47
1648,Miss Martha Raynor,Doreen20@example.net,North Marioburgh,(997) 841-1062,40
1649,Miss Rosie Wintheiser,Elias.Armstrong-Stanton39@example.com,Shanelhaven,523-519-5944 x52598,23
1650,Pablo Kozey,Joey.Ritchie@example.org,Davisport,(643) 946-7068 x9493,39
1651,Kent Feest,Bob_Bashirian@example.net,Centennial,684.708.9605 x66614,34
1652,Andrea Kuhn,Magdalen19@example.net,New Deangelohaven,313-374-3030 x35967,19
1653,Ursula Kiehn PhD,Mollie.Hettinger@example.net,Kristopherland,531.915.8505 x58871,61
1654,Tommy Medhurst,Connie13@example.com,Wichita Falls,1-201-970-6701,25
1655,Katie Goodwin,Linwood_Kovacek@example.com,Longmont,319.947.6925 x1589,57
1656,Lue Streich,Emanuel42@example.org,Clovis,330.831.0520 x244,36
1657,Raymundo Nader,Beulah74@example.com,Deborahcester,976-789-6483 x34181,57
1658,Dr. Antonia Lindgren,Molly38@example.net,Walshstead,447-594-8960 x1809,56
1659,Seamus Kutch,Laverne.Anderson-Hahn@example.com,West Jevoncester,267.926.8827 x597,50
1660,Avery Cormier,Pauline_OConnell22@example.net,Marilynfurt,770.778.0592 x6527,43
1661,Ora Weber,Domingo40@example.com,South Hill,804-378-0707 x13395,25
1662,Marian Stanton PhD,Nicholas_Feil93@example.org,New Candelarioside,1-334-222-1841 x36930,60
1663,Isobel Klocko,Holden.Turner@example.com,Bellingham,(577) 656-5216 x100,59
1664,Serenity Collins MD,Brandon.Streich69@example.com,East Margaretefield,1-647-882-1186 x2327,57
1665,Victor Runolfsdottir,Kristoffer5@example.net,Bernierton,1-993-413-6413,38
1666,Zoie Jenkins,Isaac_Kessler-Lynch@example.com,New Sigmund,614-441-6052 x841,32
1667,Tony Monahan,Reynold.Gottlieb82@example.org,East Luke,537.306.4669 x8062,31
1668,Kirk Yost,Eulalia.OKeefe58@example.org,Brandibury,764-557-1454 x153,53
1669,Bernadette Bradtke III,Leone.Kilback21@example.net,Fort Deontown,(740) 310-4892 x8866,53
1670,Cleta Konopelski DDS,Emerson_Hartmann@example.net,Manhattan,680.633.3595 x269,19
1671,Dr. Monte Franey-Hilll,Doug_Rowe@example.net,North Hymanchester,(318) 460-9737 x50371,23
1672,Bernard Crist,Mattie_Dibbert85@example.net,Minastead,311.539.3338 x1102,30
1673,Rochelle Thompson,Hardy.Jaskolski79@example.net,East Guillermoland,(599) 547-7655,64
1674,Jean Lehner,Lamar.Jacobson8@example.com,Hubertshire,642.498.1632 x35072,18
1675,Erik Durgan,Erin.Ledner99@example.com,Lake Julia,(290) 571-5505 x7459,42
1676,River Fahey V,Robbie.Gislason@example.net,Noblesville,1-551-645-0609,43
1677,Tanya West,Lennie38@example.org,Wichita,(932) 439-9996 x920,23
1678,Bernard McLaughlin-Hackett,Mable.Brekke43@example.com,Ocala,(771) 477-4691 x1617,52
1679,Lana Mayert,Joy.VonRueden71@example.org,Bauchfort,1-915-291-7186,50
1680,Michelle McLaughlin,Maddison32@example.org,Keatonstead,215.670.4724 x7446,64
1681,Delia Blanda,Frank82@example.net,Wolff-Howellberg,997-517-7931 x11071,25
1682,Carley Heidenreich II,Laney.Pacocha@example.org,New Mikeport,(751) 688-7306 x7749,44
1683,Sonia Ernser-Parker,Diane.Weissnat5@example.org,Tinley Park,943.806.1916 x18164,34
1684,Erica Kohler,Rick.Huel35@example.org,West Eduardo,1-221-492-6567 x8151,46
1685,Heath Ward,Tim.Davis@example.org,Port Summer,354-753-1295 x204,36
1686,Ramon Windler,Leo66@example.com,Abshireland,408.367.2593 x01561,44
1687,Elliott Hilpert,Mamie_Casper92@example.com,Jasminechester,549-817-1040 x907,21
1688,Miss Adolfo Reichert PhD,Thomas_Schiller@example.com,Blandaside,1-466-671-2158 x5424,28
1689,Brenda Dibbert,Emmett16@example.org,Des Moines,403-985-7346 x26404,37
1690,Lynette Nicolas,Ellsworth_Schmitt67@example.net,Lake Wendy,(626) 234-9907,33
1691,Stanley Block,Christine_Hermann26@example.net,West Antonioside,(359) 349-1626,23
1692,Francesco Schmeler,Alton_Lindgren@example.com,Pittsburg,894-380-0079 x577,43
1693,Miss Emma Upton,Harvey.Parker@example.com,North Lyndastead,534.324.4159 x59091,28
1694,Mr. Kent Dicki,Jodi95@example.net,Beerfurt,1-787-362-1764 x9061,22
1695,Jovan Bruen,Roman67@example.org,Ricardoworth,620.957.4938 x689,33
1696,Isaac Doyle,Brian31@example.com,Micaelastead,676-868-5616 x26839,24
1697,Tyrone Beier,Tonya_Okuneva@example.net,East Enidland,(775) 704-9105 x622,39
1698,Felipe Ebert-Mosciski,Charlie.Simonis@example.com,West Tyreeport,(462) 663-2109 x54658,46
1699,Lavon Dooley,Clinton.Torphy@example.net,West Pamela,(981) 409-8800 x150,23
1700,Jaylen Hoeger,Madie.Halvorson30@example.org,New Dovie,(568) 556-1584,30
1701,Kaci Grimes,Paige.Ullrich@example.net,Brandonborough,(685) 810-4070,36
1702,Roel Turner,Willy.Harber@example.net,Lake Jacobfort,513-840-1591 x5882,41
1703,Bertrand Bartell,Abe.Erdman@example.org,Huelchester,812.507.1449 x9649,18
1704,Dr. Trycia Streich,Ron_Batz83@example.net,Quitzon-Beahanburgh,(835) 519-0944 x48822,31
1705,Cole Hills,Julius.OKeefe-Hilpert60@example.com,Johnsonport,(998) 411-1461,20
1706,Ricardo Mosciski,Howard.Flatley@example.com,Metairie,(539) 238-7269 x5436,46
1707,Olin Gerlach-Mohr,Kody_Morar87@example.org,West Wilson,(969) 943-0835 x600,21
1708,Ward Lakin,Emily_Wilderman@example.net,Rubytown,892.835.5240 x83812,53
1709,Fidel Bernier,Jordan_Bednar60@example.net,Iowa City,(894) 598-4629 x6492,28
1710,Dr. Armando Mayert,Georgia_Lesch97@example.org,Welchcester,402.671.8654 x2901,51
1711,Birdie Haag,Hershel16@example.net,Memphis,434-793-2980 x03220,18
1712,Brendan Wunsch,Dora.Koelpin@example.com,Stokesberg,441-300-3224 x0444,43
1713,Mr. Lester Dare,Caroline.Gutkowski68@example.org,South Davidmouth,(577) 447-4532,60
1714,Milton Nicolas,Ellis.Zemlak27@example.org,Jacobston,(460) 579-8880,21
1715,Perry Bahringer,Reginald2@example.org,Mildredview,(288) 826-2091 x495,42
1716,Dr. Ashly Crona,Luigi.Connelly34@example.com,Arlenefield,(361) 505-4577 x59181,32
1717,Andre O'Hara,Penny.Rodriguez@example.net,Lake Joyceborough,1-301-744-1152 x41023,51
1718,Julianne Batz,Michelle45@example.net,Hills-Schuppeberg,784-239-3048 x332,26
1719,Jerome Pagac,Dianna.Schultz@example.net,Lake Fayeside,648.908.5476 x99845,32
1720,Mr. Herta Jakubowski,Reanna.Gerhold13@example.org,Michaelaton,1-929-822-5676,29
1721,Morton Koss,Ephraim_Hartmann77@example.net,Watsicastead,598.270.7930,43
1722,Francesca Adams V,Isabel.Harvey29@example.net,West Caroline,937.785.3999 x949,18
1723,Lynne Treutel,Syble.Blick73@example.org,Denton,644-404-1031 x8735,34
1724,Miss Elise Watsica,Enrique47@example.com,Watsonville,422.937.5444 x49038,25
1725,Katelynn Skiles III,Willard_Purdy@example.org,Cliftonberg,(658) 668-2207,36
1726,Renee Nikolaus,Zena_Shanahan-Gerlach79@example.net,Pearl City,1-305-691-6319 x8090,65
1727,Alexys Hansen,Carl_Kuphal81@example.org,New Susie,422-269-9015 x888,65
1728,Martha Medhurst,Weston78@example.net,Gwenfort,(509) 272-1049,63
1729,Ruben Schultz,Josh_Leffler45@example.org,Redmond,1-679-336-2411,60
1730,Odessa Lebsack Jr.,Emma_Braun@example.org,North Ari,(273) 387-4308,34
1731,Tianna Stanton,Hugo.Cassin70@example.net,Brownport,1-616-396-0966 x276,54
1732,Jakob McClure,Frankie_OReilly73@example.net,Fort Marianneshire,1-996-354-7861,33
1733,Sibyl Stehr PhD,Narciso_Weissnat@example.net,West Cassandra,625-301-3888 x1609,28
1734,Oran Daniel,Alexandra92@example.org,Mullerstead,(326) 504-9752 x38911,23
1735,Austin Strosin-Franey,Isaac25@example.net,Warren,268-593-8124,34
1736,Ms. Laura Connelly-Howe,Edgar.Predovic@example.com,North Domenic,1-457-590-0663 x86572,30
1737,Miss Becky Kiehn,Kaleb_Lowe86@example.org,Halvorsonstead,1-261-924-1688 x41054,41
1738,Scotty Hintz,Emmett_Runolfsson@example.org,East Sophiaberg,558.304.7050,19
1739,Wilfred Quitzon,Penny.Kuhic@example.com,South Kyle,993.451.1670 x28124,45
1740,Caesar Glover,Arlie60@example.org,Port Orange,(251) 270-8585 x56177,24
1741,Lorena Larkin-Stroman,Rodrigo.Streich99@example.org,Lake Archieland,254-661-1363 x993,45
1742,Ms. Jovan Collins,Brandy_Heller66@example.com,Yorba Linda,653-354-3050 x4320,19
1743,Rodney Medhurst,Bella91@example.net,Rogerworth,(730) 880-7686 x59493,41
1744,Mr. Talon Towne,Bernie_Schroeder@example.org,West Lauriane,1-652-521-4470 x4737,48
1745,Ed Stamm-Gleichner,Carmen.Harris87@example.net,Portland,(326) 716-0924 x280,18
1746,Modesto Crona,Brandi71@example.net,West Allisonberg,457.995.3805 x1410,50
1747,Mr. Amari Streich-Abshire,Alexandra19@example.net,Haagstad,1-383-832-7034,30
1748,Delia Dietrich DVM,Jazmyn_Ebert59@example.com,Brakusfort,(545) 762-7172 x646,50
1749,Christopher Cronin,Rosa.Bailey30@example.org,Willhaven,1-263-765-5547,52
1750,Sedrick Schultz,Lewis_Fritsch-Kohler70@example.net,Andresfort,(231) 825-0497 x5967,52
1751,Rubye Hilll-Kunze DVM,Kim4@example.org,New Ernesto,805.562.7037 x5402,24
1752,Raina Welch II,Sergio24@example.com,Fort Jerel,455.745.5106,63
1753,Gilberto Wilkinson-Luettgen,Miguel_Davis@example.net,Willmschester,(480) 785-9472 x225,37
1754,Misty Crooks,Anne92@example.com,Hectorstad,(741) 257-9302,22
1755,Mr. Jamie Bogan,Joanne_MacGyver22@example.com,Fort Clint,505-267-2664 x0667,63
1756,Vicky Nienow,Ellen_Moore@example.org,East Elinoreton,1-262-957-7895 x7840,30
1757,Martha Stiedemann,Rex_Reynolds@example.net,Galveston,(494) 906-2663 x812,42
1758,Urban Casper,Gladyce.Nader@example.org,West Meredith,(600) 958-2413 x761,54
1759,Leticia Gibson,Nicole_Harris@example.com,North Devonview,1-282-936-0121 x0915,31
1760,Dominique Schulist,Sterling_Parisian@example.net,Wehnershire,(328) 704-5985 x070,50
1761,Jacques Johnston,Cicero6@example.com,Centreville,830-238-7638 x04196,24
1762,Conner Boyer,Michelle90@example.com,East Providence,1-279-529-1587 x54626,63
1763,Ms. Isabel Tillman,Clyde65@example.com,New Angelshire,(398) 362-5699 x76607,64
1764,Maximo Schiller MD,Marcel_Hudson78@example.com,South Leighchester,409.841.5206 x20635,42
1765,Ginger Hand,Gregg36@example.net,Mertzboro,1-948-832-5123,31
1766,Rubie Weimann,Kellen_Predovic@example.org,Fort Sergio,598.964.2096 x54389,51
1767,Wendell Crist,Agustin_Miller24@example.com,Elisestad,1-867-807-5466 x58777,61
1768,Gerda Franey I,Shelly59@example.com,Markusstad,(761) 334-1603,33
1769,Mattie Wuckert,Waino_Weber@example.net,Candidocester,1-718-484-6181 x449,39
1770,Caleigh Koelpin,Alfonso13@example.com,Port Waltonbury,1-936-545-5818,25
1771,Carey Armstrong,Kiera.Zieme10@example.com,Lake Robert,787-359-5790 x6950,26
1772,Johann Herman,Traci_Batz@example.com,Lake Trentonshire,(489) 416-4021 x745,57
1773,Ignacio Cole,Loretta.Corkery51@example.org,Fort Lonny,(256) 256-3597,48
1774,Christa Ward,Sonja_Runolfsdottir-Feeney@example.net,Fontana,708-835-4728 x2699,27
1775,Jeff Johnston,Lorena89@example.com,Norfolk,446.925.1946 x326,38
1776,Earnestine Zulauf,Travis_Jones@example.org,Tamaraport,715.416.2031 x48550,38
1777,Clarence O'Keefe,Sally_Block@example.com,Haneville,346-879-0200 x56688,18
1778,Annie Kovacek,Carolyn.Bergnaum@example.org,Clearwater,(825) 855-8667 x17079,34
1779,Beverly Huels,Arvel12@example.org,Schimmelhaven,1-230-734-2084 x1326,39
1780,Mathilde Waters,John64@example.org,Lorenzoworth,1-541-551-0226 x70536,20
1781,Ramiro Fritsch,Aracely.Greenholt@example.org,West Maevebury,354.269.2131 x412,27
1782,Mona Lynch,Mabel_Moore-Reilly@example.com,North Rhondaberg,379.322.0548,36
1783,Riley Towne,Esther_Schoen73@example.net,Bodeborough,335.331.6941,39
1784,Faye Gottlieb,Roxane.Ratke87@example.org,Evanboro,1-381-353-0339 x41905,18
1785,Michael Witting,Fritz67@example.net,Port Felicia,(974) 368-2125,44
1786,Alyce Kutch,Hiram56@example.org,Wisozktown,(450) 729-1406 x151,40
1787,Dr. Kendrick Krajcik,Genevieve_Emard@example.net,Russelstead,1-248-891-6761,59
1788,Verna Goodwin,Anissa_Altenwerth79@example.org,Lake Minnietown,744.482.7403 x826,45
1789,Lynn Thiel,Joey_Leannon@example.net,Leonieland,1-546-974-0149 x693,31
1790,Cristina Crooks,Kristine_Roberts66@example.com,South Eribertochester,(351) 733-8711 x78197,40
1791,Rosario Davis,Athena_Legros89@example.org,Port Emmyton,253.459.1391 x188,33
1792,Bernita Kuhlman,Nettie.Jaskolski@example.net,Bristol,417-784-0122 x883,40
1793,May Howe,Tyra_Jakubowski86@example.com,Harrisville,336-539-6954 x561,28
1794,Nadine Orn,Novella98@example.net,Lake Jackfurt,1-406-545-3473 x4085,19
1795,Dr. Dallas Lang,Jovani72@example.net,Nicolasfield,525-455-5038 x8345,61
1796,Mitchell Schoen,Troy_Baumbach@example.net,Port Gary,666-915-4512 x227,26
1797,Georgiana Lindgren,Elta_Dietrich98@example.com,Schimmelfield,488.439.5240,48
1798,Moses Sawayn,Erik26@example.org,Deestead,771.501.2393,24
1799,Judge Hodkiewicz,Keven.Ankunding93@example.net,Waterbury,607.791.1986 x717,37
1800,Chanelle Beatty,Sincere_Bergnaum@example.org,Merced,1-845-537-1030,51
1801,Eunice Volkman,Leif_Dicki5@example.com,West Lukas,395.680.1652 x485,28
1802,Boris Hoppe,Seth_Terry@example.net,New Camylle,1-349-644-8369 x74690,20
1803,Arjun Lang,Nelson.Hilll65@example.com,Fannyhaven,453-606-1713 x338,27
1804,Sherry Wiza,Elsa51@example.org,Sunnyfort,260-769-6311 x75898,56
1805,Junius Howell,Kane_Thompson-Farrell@example.com,Brookebury,(718) 825-3098,44
1806,Mrs. Anna O'Reilly,Noble95@example.net,Lake Loystad,348.945.5373,24
1807,Miss Ethel Collier,Tito32@example.org,Dellaberg,448-902-8745 x5820,46
1808,Verner Balistreri,Sandrine.Heaney46@example.com,Port Victorbury,(626) 656-0377,50
1809,Sydnee Schulist,Gustavo_Ziemann12@example.com,Walterworth,(567) 360-0456 x4549,33
1810,Miss Whitney Kuhic,Lottie_Frami50@example.org,East Royfort,1-981-604-8980 x7484,40
1811,Mack Bruen,Terrance_Rutherford90@example.net,Brakusburgh,497-206-3231 x39225,56
1812,Miss Cleve Haley,Lyle91@example.net,Leannonstad,537.992.1976 x12288,57
1813,Mozelle Jenkins,Dallas94@example.com,East Liamstad,882.908.4491 x6797,41
1814,Erma Kerluke,Austen_DAmore45@example.org,Sioux Falls,221-937-6904 x37434,65
1815,Marc Pouros,Veda99@example.net,Maximoland,(377) 325-7566 x0659,29
1816,Madisen Crooks,Laila.Predovic@example.com,Dalechester,269.991.5924 x9480,51
1817,Gianni Marvin,Elisha70@example.org,Gottliebport,(370) 541-1737 x4936,35
1818,Mrs. Walton Jaskolski,Marion_Weimann27@example.com,Port Bobbiestad,394.542.4577,42
1819,Madonna Ferry I,Abel_Runolfsdottir42@example.com,Fort Mackbury,588.454.2035 x91187,31
1820,Roland Mueller,Shyanne_Schowalter-Medhurst70@example.net,Nicolasboro,1-421-664-1361 x22091,29
1821,Ferne Ankunding IV,Bianka.Jaskolski@example.net,Lakeland,(837) 722-9685 x043,36
1822,Lance Hessel-Greenholt,Terrell_Baumbach@example.net,East Joy,405-571-2572 x3670,29
1823,Mr. Perry Reichel-Mraz IV,Cordelia65@example.com,Harrietstad,1-506-516-9524 x55698,46
1824,Rosalinda Stiedemann,Mavis35@example.com,Alvinboro,729-413-5148 x1035,32
1825,Evalyn Satterfield,Claire_Aufderhar69@example.org,Lake Debbie,492-962-8277 x491,48
1826,Hulda Trantow,Alice.Streich97@example.com,West Jonathonview,(805) 688-8489 x4846,64
1827,Norene Pacocha,Harry90@example.net,Hoboken,1-810-826-2315 x73268,22
1828,Irene McCullough Jr.,Ernie_Harvey27@example.org,West Hector,(254) 820-1363 x7186,53
1829,Dr. Odessa Brakus,Sonia1@example.com,Lake Ettie,503-744-2944 x4060,53
1830,Kelvin Boyle,Darion.Daugherty60@example.com,Colorado Springs,(601) 578-4316 x724,60
1831,Brando Gerlach,Brett_Harvey4@example.com,South Piperchester,(452) 331-5905 x212,34
1832,Carol Spinka,Lucia_Hegmann@example.org,Lake Brendanstad,1-956-763-6405 x71626,46
1833,Javier Fay,Alvera.Aufderhar72@example.com,Fort Jessyca,418-967-2381 x0084,64
1834,Jolie Ziemann,Donnell.Huels41@example.com,New Johnstad,(984) 332-7614,34
1835,Mr. Rhianna Gutmann MD,Delphia.Howell@example.org,Lorenaberg,(342) 300-3758,28
1836,Susan Greenfelder,Lois.Heidenreich43@example.org,Port Geneva,453-655-6554 x2482,47
1837,Esther Johnston,Ally76@example.org,New Immanuelton,686.365.0237 x342,33
1838,Amely Lind II,Norma.Russel@example.com,Fort Daren,861.574.1255 x6437,43
1839,Ms. Laurine Ebert,Virginia83@example.com,Nikolausside,959.247.7682 x5028,25
1840,Justin Spencer,Karolann59@example.com,New Mark,434.724.6193 x65278,27
1841,Norman Torp III,Devante77@example.org,North Mertie,1-243-636-6125 x015,58
1842,Dr. Ayden Bergstrom,Nicolas2@example.com,North Coryton,1-390-657-8049,31
1843,Luigi Baumbach,Keith_Legros75@example.org,North Horacio,1-509-731-8652,18
1844,Jeannie Armstrong,Alexandria58@example.net,Fort Gingerhaven,755-979-8001,23
1845,Leah Hilpert,Martin15@example.org,Lake Ellaworth,604-938-4051,55
1846,Tara Krajcik,Araceli31@example.com,Corwinland,409-676-0982 x26808,55
1847,Micaela Medhurst,Zander59@example.net,Casas Adobes,841.837.3148 x350,32
1848,Cortney Nader,Brandi_Howe@example.org,West Stacyview,1-254-492-2947 x10699,38
1849,Maritza Brown,Samuel.Runolfsson46@example.net,Fadelboro,1-753-903-3839,33
1850,Dr. Herbert O'Keefe,Jannie.Carroll99@example.com,Pasco,639.279.8985,33
1851,Emmie Ward,Callie40@example.net,South Vladimir,(917) 870-0332 x5590,60
1852,Aurelia O'Kon I,Christine_Rice@example.com,East Chaim,971.786.3031 x70379,57
1853,Bradford Predovic,Jo25@example.com,San Marcos,973.257.3070,48
1854,Ardella Smitham,Beth.Schmeler@example.net,Lompoc,276-645-5449,41
1855,Wilfred Lueilwitz,Paulette.Lueilwitz@example.org,Findlay,(696) 606-1135 x98640,42
1856,Donna Baumbach,Mckenzie_Dickinson@example.org,Jerdebury,483.749.3451 x5847,50
1857,Lloyd Kling,Denise.Kozey33@example.org,Yundtland,(369) 531-6505 x5230,47
1858,John Hudson,Candelario.Upton@example.org,Tremaineton,630-562-5766 x311,27
1859,Kip Gerlach,Kiana_Stamm33@example.com,West Darrylport,1-909-805-4204 x189,30
1860,Emelia Feeney,Misty13@example.com,New Mable,1-240-938-1664 x0262,33
1861,Armando Gleichner,Claire69@example.org,Millerfort,1-788-826-0260 x89837,22
1862,Royce Bergnaum,Milton.Beer48@example.org,Wilson,1-875-759-8569 x320,41
1863,Benjamin Crist,Palma_Mayert23@example.org,Cathyworth,(273) 329-4053 x58553,30
1864,Mr. Nathen Nitzsche,Therese_Heathcote@example.net,Reno,803.484.0379 x6651,45
1865,Harriet Simonis,Daniel28@example.org,Oliviacester,932.209.5166 x186,60
1866,Ora Howell II,Harrison_Crona23@example.org,Adamsview,565-515-3254 x56546,27
1867,Raegan Fisher I,Ellie.Osinski@example.com,Goyetteton,(718) 804-5318,57
1868,Dr. Tabitha Stracke,Cindy4@example.org,Littelboro,(521) 635-6815 x904,40
1869,Mary Gerlach III,Santiago.Tromp@example.com,Reillystead,797-739-1340 x060,32
1870,Gabriel Mueller,Sally.Sawayn@example.net,Emelieport,1-972-509-2284 x5828,60
1871,Mr. Jaclyn Goyette Jr.,Kristin_Abernathy20@example.org,Spencerboro,(930) 495-8389 x676,29
1872,Daisy Purdy,Aracely_Borer@example.com,Thielstead,1-473-443-3450,40
1873,Wilburn Ullrich,Pauline89@example.com,Connworth,482-701-0809 x651,25
1874,Angelina Pollich,Geo20@example.com,Elisaland,217-311-5306,63
1875,Leona Murazik,Lauriane_Littel@example.net,Brandon,820.644.1330 x64656,26
1876,Luz Cruickshank,Stella_Gibson@example.com,Troy,1-590-993-0543,50
1877,Dr. Kennith Purdy,George.Beier59@example.net,Schummshire,746.582.2146,42
1878,Esther Ortiz,Colleen_Beier64@example.org,Luciusboro,548.849.1533 x803,19
1879,Dawn Schmitt,Becky89@example.net,Camarillo,850-326-3048 x6638,52
1880,Ervin Breitenberg,Mariela23@example.com,Bountiful,668.522.2884 x59758,21
1881,Jonathan Lehner,Devin_McCullough66@example.net,Port Hiltonshire,1-986-373-3277 x903,61
1882,Clarabelle West II,Maureen.Willms64@example.net,Mitchellview,980-257-1459 x99079,62
1883,Alan Keebler MD,Loyal.Hoppe83@example.com,Bellevue,957-537-2601 x8235,21
1884,Cierra Price,Omar_Hansen73@example.com,East Corrinecester,906-657-7955 x901,44
1885,Lisa Maggio,Christopher_Huel94@example.org,Baumbachport,425-627-0978,30
1886,Cole Stroman I,Ann.Gutmann41@example.com,Beavercreek,353-419-5604 x13073,28
1887,Bernita Schultz,Arturo.Roob@example.com,Severn,1-784-576-7241 x8638,45
1888,Keith Frami,Tess_Rohan@example.org,East Cordelltown,899.802.3304,64
1889,Anabel Robel,Arturo35@example.net,South Williamton,854.766.9730 x821,43
1890,Sherri Herzog,Deangelo.Kuvalis@example.com,South Karlie,(993) 571-0660 x870,52
1891,Mr. Easton Cronin-Lowe,Gary.Russel7@example.com,Jeaniestead,(825) 299-1397 x62230,40
1892,Miss Anita Kessler,Alanna1@example.net,Lake Caden,393-797-3399,64
1893,Orie Bahringer IV,Shawna.Ortiz@example.org,Zulaton,467-812-8975,40
1894,Shyann Renner,Dean27@example.com,Royfort,1-437-837-9985 x1036,64
1895,Colleen Wisozk,Vanessa.Nikolaus@example.net,Port Adalberto,917.534.4822 x7993,46
1896,Destinee Schneider DVM,Daija.Tromp17@example.org,Fort Anastasiaberg,(639) 810-1644 x2414,56
1897,Lynda Herzog PhD,Lela_Kozey65@example.org,Sheboygan,1-593-442-9986 x6571,36
1898,Mr. Louis Mueller,Edna.McLaughlin16@example.net,South Rettabury,324.264.3131,63
1899,Jon Luettgen,Maggie_Crist38@example.com,Lake Crawford,662-873-8629 x6376,45
1900,Russell Hagenes,Orpha46@example.org,Reichertmouth,(224) 658-2145,29
1901,Arthur Bradtke,Brook_Lebsack@example.net,Lehnerboro,(521) 657-2490 x77316,57
1902,Keaton Casper II,Nelle87@example.com,Fort Loyborough,563-914-6310 x787,23
1903,Easter Koch,Amalia69@example.com,Satterfieldcester,(289) 712-7404,62
1904,Daren Rempel,Trevion_Russel@example.org,Raphaellefort,986-684-2149 x144,35
1905,Mayra Ferry,Clint.Cormier55@example.org,Hamilton,1-782-407-3564 x699,46
1906,Robb Pouros,Elsa.Rippin@example.org,New Franklinview,244-845-7991 x29287,41
1907,Angie Predovic,Tommie_McDermott53@example.net,Bergstromchester,1-963-931-7141 x483,56
1908,Lucile Hilll,Clemens53@example.com,Suffolk,1-888-259-8608,39
1909,General O'Reilly,Gregorio_Hartmann-Wiza@example.com,South Lacyport,1-900-609-6481 x2658,49
1910,Esther Spencer,Dax_OKon@example.org,North Charleneworth,908-435-1023 x77145,36
1911,Jeannette Davis,Lila89@example.org,Maggiofort,1-933-480-2618 x50012,53
1912,Ms. Lilian Reichel,Jose.Wehner@example.org,Rialto,(511) 742-2221,55
1913,Rashad Dare,Arlie68@example.net,Irving,(282) 995-4830 x4253,24
1914,Arnoldo Simonis,Paul.Gislason49@example.com,East Ivanberg,959-768-5765,38
1915,Ernesto Aufderhar,Maximillian_Johnson@example.com,South Toby,867-283-8029 x37979,46
1916,Hope Krajcik III,Terrance41@example.net,Feest-Collinsberg,905-734-2377 x30049,34
1917,Miss Patricia Roob,Wyatt76@example.org,Fort Garrettown,908.879.7410 x012,18
1918,Mr. Quinten Pollich,Ginger33@example.com,Claudiatown,1-523-208-5373,51
1919,Irene Goyette,Wilber.Thiel12@example.org,Palm Desert,341.600.6320 x507,46
1920,Mr. Ayana Zieme,Tad_Hane@example.net,Yasmeenport,1-580-575-4233 x8914,64
1921,Miguel Kertzmann,Reece_Moore@example.com,Halvorsonshire,851.683.5362 x434,26
1922,Maureen Orn,Audra_Roob29@example.net,Yostboro,832.581.0578,59
1923,Alize Zulauf,Adrienne90@example.net,Vandervortborough,871.645.0756 x4314,43
1924,Penny Boyer,Marcos75@example.com,South Leo,1-894-752-1459,62
1925,Marian Strosin,Duane.Leannon@example.com,Fort Evecester,767.482.6717 x817,42
1926,Elenora Stamm,Suzanne_Schamberger@example.org,Lake Laron,301.853.1478,41
1927,Jayda Lakin,Martha15@example.com,Martinabury,1-957-994-6061,38
1928,Gerardo Toy,Darrion_Nienow-Dooley@example.com,Shawnee,758-795-0866 x56984,62
1929,Mr. Norman Schmidt,Laurie.Gutkowski@example.com,Cicero,741-666-2909 x716,60
1930,Joann Rutherford,Brittany_Wehner@example.com,Port Tessie,801-454-7271 x260,32
1931,Mrs. Hattie Cummerata,Bobbie.Bernhard50@example.org,Urbana,315.668.6251,54
1932,Kamron Prosacco,Morton_Bins@example.org,Lake Sincereborough,1-977-303-6343 x608,24
1933,Ernesto Cruickshank,Eleazar64@example.org,Hemet,(606) 436-2050 x77544,53
1934,Cora Dicki,Nico37@example.net,Lake Carrieboro,1-863-981-0175 x601,49
1935,Vladimir Stamm,Geneva_Kunde@example.com,Krisview,655.411.1340 x212,21
1936,Valerie O'Connell,Kathy.Hyatt-Hayes75@example.net,St. Clair Shores,770.771.1099 x7794,26
1937,Randolph Hand II,Veronica.Lubowitz-Schumm@example.com,Heathcoteview,1-888-287-6960 x947,34
1938,Martha Lockman,Summer.Renner@example.net,Oceanside,642.256.3230 x80917,35
1939,Johann Friesen MD,Odie_Moore97@example.org,Kerluketown,412-917-6269 x77877,27
1940,Ramiro Wilderman,Gudrun_Streich92@example.com,Fort Lelandborough,(407) 570-2533 x60693,52
1941,Robin Denesik,Ole84@example.org,Palmdale,1-359-617-0192 x84669,41
1942,Ramona Hodkiewicz II,Simon.Hodkiewicz@example.com,Johnnyburgh,620-675-7487,39
1943,Osvaldo Cassin-Wisoky,Neal_Towne@example.com,Chattanooga,(314) 932-4443 x6427,51
1944,Miss Izabella Dooley DVM,Petra.Hills42@example.org,Virgilton,1-870-412-3204 x52486,54
1945,Edna Wisoky PhD,Teri87@example.org,Keirafort,1-675-614-6304 x169,55
1946,Lucas Toy,Faith42@example.org,Tamiami,(708) 948-2771,58
1947,Rachel Wiegand,Cory82@example.net,West Kayleigh,(941) 337-7284,29
1948,Braulio Predovic,Katelin26@example.com,New Emmyville,533-448-3365,42
1949,Jana Bergstrom,Irvin58@example.net,East Joburgh,1-685-825-3915 x253,27
1950,Santiago Fritsch,Freddie.Metz@example.net,Parkerside,1-285-347-7611 x5519,54
1951,Bonnie Deckow,Orin.Stroman@example.com,Lake Laura,(845) 320-2956,61
1952,Jose O'Hara,Wilfred33@example.com,Herminamouth,903-892-9390 x021,60
1953,Teri Bauch,Franklin.Crooks50@example.com,Franeckishire,1-561-634-1507 x164,53
1954,Dennis Kshlerin,Jared38@example.org,Lenastad,441.407.9721 x136,49
1955,Brent Boehm,Elisa43@example.com,Antonettamouth,251-261-7030 x36842,24
1956,Odie Feest,Araceli_Gibson@example.org,Hayesside,970.770.0023,24
1957,Mrs. Katherine Ratke,Dashawn.Schiller@example.net,Blaine,1-704-248-7082 x339,64
1958,Baron Kris,Camille98@example.com,Lomastad,702-316-9354 x10869,45
1959,Joey Medhurst,Breanne42@example.com,Rowanside,545.717.2174 x3300,29
1960,Brendan Hickle,Charlene_Terry79@example.org,Lake Orland,880-723-3514 x71403,25
1961,Dexter Fay,Greg_Kirlin73@example.com,Batzhaven,1-689-637-1388,32
1962,Stephanie Mann,Parker.Nolan@example.com,Alexandrafort,(467) 629-1222 x033,45
1963,Keith Roberts,Oliver_Macejkovic4@example.org,Ramonaberg,613-809-7675 x458,57
1964,Shirley Pollich,Irvin.Harvey@example.net,Langoshtown,1-326-461-7657 x081,37
1965,Felix Dibbert,Eric_Klocko83@example.com,West Mamieburgh,419.507.6420 x39091,38
1966,Skyla Oberbrunner,Randall_OConnell@example.org,East Linneafield,(419) 255-2922,18
1967,Tara Hayes,Cecelia80@example.net,Euclid,(544) 290-1645,33
1968,Ryleigh Spencer-Skiles,Grady_Mueller85@example.net,Staceyport,937.428.2477 x341,42
1969,Alvena Huel,Merle.Gerhold@example.org,South Karlie,259.991.1818 x84544,48
1970,Lilla Heaney,Willow.Koch@example.com,Nayelibury,811-507-0934 x1071,24
1971,Paige Kessler,Reed.Erdman39@example.net,Louisville/Jefferson County,(341) 905-5855 x8005,44
1972,Evangeline Stracke,Darla.Haley@example.net,North Darrelstad,771.799.0985 x6284,46
1973,Phillip Flatley IV,Zakary.Nienow45@example.org,Roweberg,456-512-2454 x129,32
1974,Ira McLaughlin,Breana.Lebsack44@example.com,West Kyla,(288) 338-9699,30
1975,Lindsay Stokes,Austen_Jast97@example.net,Adalinebury,1-969-921-5895 x5055,34
1976,Moses O'Connell,Domenico_Willms55@example.org,Lake Brendan,1-599-472-2283,38
1977,Alicia Kris,Frankie.Schneider@example.net,Scottsdale,1-433-244-7439 x095,50
1978,Marlee Keeling,Alfredo.Towne27@example.net,East Felipe,691-747-7251 x662,54
1979,Avery Ziemann,Winona.Conn@example.net,Kent,441-277-5581 x819,57
1980,Adrien Runolfsdottir,Dock_Moen@example.org,Mrazworth,1-998-686-6603,18
1981,Chelsea Dach,Glennie13@example.net,South Rhondafort,(344) 412-7056,45
1982,Alicia Toy,Bradford_Bauch28@example.net,Freedaboro,(257) 845-7477,47
1983,Jonathan Koss MD,Debbie87@example.net,Fort Ruthie,260.658.7447 x686,35
1984,Oran Jast III,Cedric_Reichel34@example.net,Rockford,1-670-296-4075 x46515,28
1985,Dustin Quigley,Mafalda87@example.org,Grantmouth,1-476-591-4132 x93804,36
1986,Freddie Paucek,Delores.Wuckert@example.net,Omaha,(757) 364-1031 x64823,46
1987,Danielle Konopelski II,Dylan_Turner@example.org,Ermaview,390-483-2283,48
1988,Erica Lind Jr.,Jenny.Daniel@example.org,Grantboro,459.863.2243 x052,57
1989,Sheryl Bernier Sr.,Anais.Von@example.com,New Essiehaven,581.693.0057 x38729,41
1990,Dennis Hansen,Justus.Shanahan39@example.com,Wildermanfort,(898) 394-2779 x866,57
1991,Margie Baumbach,Celine.Grady@example.org,Pearland,(924) 227-5591 x44521,57
1992,Ronald Klocko,Archie.Mertz71@example.com,Tonyamouth,607.614.4437 x59547,21
1993,Rosie Parisian-Dickinson,Gustavo.Stark18@example.com,Lewisville,651-693-0782,44
1994,Meda Dibbert,Molly_Schiller14@example.net,Terre Haute,362-522-2486,34
1995,Monroe Erdman,Julian.Emard@example.org,Russelfield,505-940-1321 x235,51
1996,Joey Cormier,Lauriane83@example.com,Veraberg,877.641.6065,37
1997,Sienna Witting,Cali.Rogahn@example.com,Vandervortland,(740) 312-6883,65
1998,Mr. Omar Schulist,Kenneth.Rowe@example.net,Fort Jovannyfield,(686) 598-8672 x90591,23
1999,Beulah Gleichner,Chelsea.Crona@example.org,Cassinbury,(959) 818-9946 x37726,63
2000,Thelma Wiza,Anabel77@example.com,Encinitas,1-962-360-4197 x26984,62
2001,Mr. Letha Stamm,Tad60@example.net,Merlside,485-271-9742 x9779,24
2002,Tyreek Bednar,Reagan_Leffler40@example.net,Wolfcester,977.531.5755,43
2003,Lenore Blanda,Paul86@example.com,Lake Mathew,962-204-3936,64
2004,Mr. Ed Yost,Arvilla62@example.net,Palm Desert,1-772-349-6169 x681,41
2005,Miller Schroeder,Calvin.Kuvalis@example.net,Schummland,308-322-4461,58
2006,Amara Blanda,Beverly.Luettgen@example.org,Kassulkeboro,467.381.1647 x9545,55
2007,Dr. Mariah Hintz,Miriam94@example.net,West Steven,(567) 299-3971 x6321,46
2008,Ms. Meredith Koepp,Rosemary.Mayer@example.net,Lake Clifford,421-506-0189 x7353,37
2009,Eugene Connelly,Tyree7@example.net,East Emilieburgh,(531) 537-9146 x49151,46
2010,Mr. Toy Jones,Loren19@example.org,Fort Karlburgh,650-269-3185 x76798,36
2011,Mr. Marquise Harvey,Brad19@example.net,Pittsburgh,(434) 293-4302 x9411,41
2012,Mr. Eugene Kiehn,Danny_Paucek@example.net,East Toni,817.312.2830 x6754,42
2013,Ms. Antonia Waters,Clinton_Anderson26@example.org,West Friedrich,544.683.8072,61
2014,Mikel Casper,Gilbert.Erdman-Miller27@example.net,Ryanbury,363-854-6600 x736,58
2015,Adolphus Schinner,Leland_Wyman56@example.com,Bridgeport,1-852-816-7969 x400,20
2016,Sean D'Amore,Christina.Bechtelar@example.org,La Crosse,1-930-489-9310 x942,22
2017,Jefferey Bogisich,Gladyce76@example.org,Port Vivienne,724-869-5614 x451,56
2018,Samuel Leannon,Theodore.Lebsack@example.com,New Darlenehaven,1-226-499-1450 x515,27
2019,Uriel Gulgowski,Foster.Pollich0@example.org,South Jennyfer,(437) 529-4446 x36562,50
2020,Sadie Boehm,Jeannette64@example.com,New Haven,(982) 749-3950,65
2021,Shelia Boehm,Malvina1@example.com,Canton,(726) 465-8337,56
2022,Audreanne Schuster,Micheal9@example.com,Wolffport,(307) 788-8007,46
2023,Alfredo Legros,Meggie.Beatty@example.com,Port Natalie,700-562-2511 x146,29
2024,Luna Berge-Mraz,Lacey.Robel@example.org,Wilmington,1-636-350-5729,32
2025,Ciara Klein,Connie39@example.org,Port Mamiecester,970-526-9131 x632,29
2026,Clyde Ritchie,Shea_Grady20@example.org,Orland Park,(902) 638-9068 x943,22
2027,Mr. Charles Parisian,Mekhi_Wehner@example.com,DeSoto,732-566-8589 x41760,29
2028,August Jacobi,Valentine97@example.net,Fall River,(391) 804-2941 x21101,26
2029,Roger McKenzie,Araceli.OReilly@example.com,Elizabeth,549-326-1382,58
2030,Jazmin Olson,Royal5@example.net,West Ana,1-376-878-8495 x67673,34
2031,Modesta Cole,Zackary_Mosciski@example.org,New Horacioland,839-721-5838 x510,38
2032,Grace Greenfelder,Taylor_Cronin@example.net,Laronbury,816.640.6740,64
2033,Bette Tremblay,Austin_Waters1@example.com,East Maynard,1-869-287-4582,47
2034,Sally Maggio,Blaise95@example.net,Port Kimberly,282.984.0080 x54797,59
2035,Janie Lebsack,Anita.Kohler@example.net,Pasco,953-782-9207,30
2036,Mr. Lester Stiedemann II,Lorraine.Yundt48@example.com,Port Ole,527.971.8329 x509,18
2037,Valentina Stoltenberg,Carrie_Watsica41@example.org,Wolffboro,1-520-602-8423 x102,42
2038,Rose Steuber,Jeffery_Mayer@example.com,Port Joshua,(477) 306-9981,65
2039,Joey Auer,Benny.Bosco56@example.net,Beierworth,(272) 901-1869 x28201,65
2040,Carroll Hegmann,Obie_Smitham6@example.org,Kuhnstead,(748) 438-6980 x44755,37
2041,Twila Klocko,Cathryn.Mayert@example.org,Helenachester,780.438.6805 x161,20
2042,Cary Russel-Bahringer PhD,Vivien2@example.org,Port Jaren,314-652-4082 x2860,39
2043,Liliane Auer,Makenzie_Kshlerin@example.org,Adanland,846-449-2834 x82835,56
2044,Novella Baumbach,Harriet_Will68@example.com,Lake Annville,586-270-0896 x4806,18
2045,Sarai Reichel,Buddy35@example.com,Lake Priscillaburgh,1-303-549-8791,59
2046,Ivan Cremin,Hugh35@example.com,Bayamon,915-575-1626,47
2047,Josh Dickens,Melody.Howe43@example.com,Dachfield,707.724.2100 x4281,28
2048,Lola Balistreri,Bobby36@example.net,Port Melanie,(394) 423-1137 x442,23
2049,Leda Kuhn-Roberts,Julian86@example.com,Lemkeborough,1-302-785-7760,20
2050,Sylvia Jacobs,June_Connelly92@example.net,New Soniaview,1-801-751-2259 x131,25
2051,Miss Gaetano Nolan-Bednar,Malcolm40@example.net,Wehnercester,1-789-553-8853 x80425,20
2052,Hayley Hodkiewicz,Samantha.Kris96@example.com,Fort Demetrismouth,441-642-9194,60
2053,Amy Parisian,Meredith.Greenfelder-Leannon@example.com,Jacobsside,797-966-6349,29
2054,Miss Roxanne Kozey,Elias79@example.net,Draper,(399) 307-3112 x3160,37
2055,Gregorio Schulist,Mayra_Schoen10@example.net,New Traci,772.250.7007 x80630,37
2056,Leo Kuhlman,Felton75@example.net,Lake Westonstead,906.508.7393 x675,58
2057,Jorge Bayer,Shawna49@example.net,Henderson,1-629-397-8635 x9288,31
2058,Kaylie Okuneva DVM,Nasir_Erdman23@example.org,New Rhoda,1-748-605-0760 x59663,18
2059,Lia Erdman,Loren.Will@example.net,Conway,1-523-465-8409,29
2060,Shirley Schiller V,Bobbie94@example.com,Annetteborough,565.856.0984 x17898,28
2061,Miss Bonnie Kozey,Fabian.Roberts@example.com,Russelmouth,606-358-2529 x71958,32
2062,Timothy Kunde,Emmett_Schimmel@example.net,Veumview,1-367-724-9176,44
2063,Willis Monahan,Omar50@example.net,Ariannastad,1-299-832-3712 x18967,18
2064,Pauline Beatty,Jeramy.Rice-Blanda62@example.com,West Marcos,1-335-921-2248 x498,30
2065,Elisa Weber,Kadin78@example.org,Malcolmboro,(978) 949-8481 x9158,31
2066,Harry Lakin,Leonora_Thompson@example.com,East Madyson,1-543-784-0460 x138,64
2067,Lila Schinner,Isom.Koch@example.com,Bentonville,274-901-3311 x616,35
2068,Henrietta Fisher,Asia_Abernathy@example.org,Port Larryfurt,1-905-618-0053 x7903,37
2069,Dr. Shemar Lang,Winifred_Towne@example.com,Fort Annetteland,1-245-230-8440 x5599,38
2070,Vern Jaskolski,Eddie_Abbott31@example.org,Battle Creek,1-444-629-4317,63
2071,Jeff Runte,Kenton93@example.net,Paucekcester,313-700-7375,60
2072,Jason Gislason,Grant_Kerluke@example.com,Fort Kayden,620.947.8152 x38620,58
2073,Jimmie Klein,Rudy86@example.net,Fort Antwanberg,1-981-358-1874 x715,50
2074,Ms. Ryley Cummerata,Minnie_Mante@example.org,West Kailey,264-497-8435 x11248,44
2075,Johanna Schmitt,Neva_Torp-Marvin33@example.net,Peterstead,224.722.6052 x35037,21
2076,Dr. Steve Kerluke,Elaine_Nikolaus14@example.org,Lincoln,1-898-800-7173 x967,33
2077,Rose Heidenreich,Bettie_Lindgren26@example.com,Fort Benniehaven,646.813.0413,26
2078,Darin Nitzsche,Amya_Hauck@example.org,Bauchfurt,1-800-498-1481 x38863,23
2079,Greyson Graham,May65@example.com,West Franciscoton,(637) 473-1659 x19276,34
2080,Zion O'Reilly,Ophelia_Price77@example.org,South Brady,602.737.5340,59
2081,Dr. Monique Emmerich,Jose_Schuster@example.org,Lake Alvin,301-279-5765 x9993,64
2082,Clyde Runolfsson,Alejandro_Kreiger27@example.com,Camronfort,853-522-6398 x64069,43
2083,Miss Kayla Klocko,Juan71@example.com,North Kailey,852-804-8521 x7786,57
2084,Marlene Gleichner,Mohammad.Ernser@example.org,New Lowell,(920) 884-2700 x01336,23
2085,Inez Bartell,Alberta60@example.org,Lake Scot,(233) 882-2568,50
2086,Adele Kreiger,Einar_Muller@example.org,Lake Bill,1-346-828-3779 x374,41
2087,Dr. Lucille Wiza,Isaac52@example.com,East Clotilde,1-218-236-9336 x726,29
2088,Pauline Bergnaum,Ruby_Johnson1@example.org,Hilpertville,(499) 498-0892 x43591,63
2089,Irvin Connelly,Jay_Considine48@example.org,Port Hildastad,756.508.3159 x85300,46
2090,Grayce Senger,Sharon.McClure@example.com,Batztown,1-985-609-2436,45
2091,Estell Muller,Eddie_Heidenreich@example.org,Plymouth,1-746-642-8707 x53917,41
2092,Doyle Keeling,Dillon.Effertz43@example.com,North Woodrow,(589) 891-6019 x31851,51
2093,Kelley Kohler,Ruthe_Boehm@example.com,Colestead,(528) 937-3453 x1546,24
2094,Phillip Graham,Christian90@example.com,Kochhaven,(963) 398-3123,55
2095,Sharon Mueller,Hope_Watsica49@example.com,New Jessica,968-891-8734,19
2096,Tyrone Baumbach,Lilyan_Doyle@example.org,Alexandria,558-755-1033,43
2097,Wava Kovacek,Clinton44@example.com,Wichita,1-549-443-5296 x3242,40
2098,Faith Hintz,Nils_Kuhlman57@example.org,Linden,(260) 809-8915,44
2099,Margie Mann DVM,Erik.Botsford40@example.org,Sauertown,328-362-9480 x08446,32
2100,Edwina Crist,Bob.Crist@example.net,Auburn,543.781.5113 x2186,18
2101,Brandi Flatley,Alden_Kuphal@example.com,Kuvalisburgh,266-825-6928 x808,35
2102,Tony Carter,Sherry16@example.org,Cathrynboro,1-712-694-5454,31
2103,Lorenza Koch,Lorenza70@example.net,South Tony,1-598-427-0491 x36977,48
2104,Beth Kovacek Sr.,Hilbert31@example.org,Concord,1-564-773-7673 x52651,35
2105,Josh Simonis,Estefania_Conroy@example.net,Hildachester,625.348.2706,64
2106,Gustavo Schuppe,Dane.Gleason@example.com,Fort Maudiestad,1-375-698-5816,18
2107,Gerardo Bartoletti,Meaghan33@example.org,Sioux City,1-242-675-1470 x06393,20
2108,Anna Dietrich PhD,Elias_Kuhic39@example.org,Hilpertstad,965-705-8009 x37513,62
2109,Cassie Price,Ivan97@example.org,Moorehaven,1-720-489-9657,28
2110,Rochelle Hane DDS,Abdullah.Langosh@example.org,St. Cloud,(453) 445-9741,33
2111,Ramon Schmidt,Erik.Mosciski7@example.com,Lake Ridge,453.443.0941 x898,64
2112,Jeremiah Daugherty,Zander97@example.net,South Josephine,675-457-7194 x06952,62
2113,Henry Prohaska,Liliane.Watsica@example.com,Franciscaworth,930.356.9117 x86024,31
2114,Eino Wolff I,Shaun28@example.net,Paulineborough,335.519.9245 x707,65
2115,Madelynn Bosco,Madeline_Gerhold@example.net,Johannaland,1-447-964-8054,52
2116,Sean Kautzer,Ashlynn_Beier64@example.net,New Beverly,757.590.4691 x693,24
2117,Carroll Koelpin,Kay71@example.com,Casperland,1-776-226-0084 x7129,37
2118,Camren Bode II,David44@example.com,Emersonhaven,386-736-5825 x27502,43
2119,Sara Lehner,Adelbert.Dicki@example.net,Heathcoteboro,252.820.5210 x6809,51
2120,Matilde Bogan,Lucille60@example.net,Sophiahaven,513.765.2009 x54035,57
2121,Dr. Ernesto Medhurst PhD,Nathan10@example.com,Lake Nettie,(275) 700-1120 x477,32
2122,Benjamin Hudson,Harmony41@example.net,Lake Fritzside,1-721-264-2196 x26303,65
2123,Mindy McLaughlin,Cale_Kirlin27@example.net,East Bernadette,1-520-882-2728 x43915,22
2124,Stephanie Koepp,Constance_Hermann80@example.com,Potomac,628.469.2389,19
2125,Golda Heaney-Robel,Cheryl.Nitzsche79@example.com,Odessa,404-936-4435,58
2126,Kyra Quitzon,Deanna74@example.org,Chesapeake,898-746-1373 x67184,55
2127,Ms. Misty Heathcote Jr.,Scarlett_Lesch@example.com,East Ronny,(402) 585-8879,42
2128,Kristina Brown,Antonette_Turner@example.org,Littleview,1-373-468-9807,50
2129,Reece Sawayn,Gertrude.Boyle57@example.org,East Natashahaven,253.585.0298 x497,28
2130,Viola Konopelski,Teresa.Pollich55@example.org,Port Marcfort,903-724-9645 x3382,59
2131,Camille Wilderman DVM,Neal15@example.org,Berthaboro,(849) 493-5264 x1257,44
2132,Curtis Howe,Roderick45@example.net,Keelingshire,(439) 760-7974 x173,57
2133,Jennie Metz,Else.Steuber38@example.org,Hellerbury,1-808-738-3015 x295,36
2134,Miss Billie Quitzon III,Hugh_Raynor@example.org,South Sueworth,624.324.1261,49
2135,Daniella Crist,Myles.Gulgowski9@example.org,Port Hal,1-495-290-7303 x94899,50
2136,Mr. Terence Waters,Cora50@example.net,Fort Destany,(822) 897-3543,59
2137,Mr. Dangelo Frami,Fanny.Shields4@example.net,Mitchellland,(701) 526-4153 x1241,48
2138,Miss Leanne Kirlin,Jayce_Beatty@example.org,Beer-Schinnerside,737.754.5936 x99059,54
2139,Darrin Jast,Rene.Hyatt@example.com,Mercedesborough,981-656-9105 x2416,65
2140,Geoffrey Lueilwitz,Cary_Willms@example.org,La Mirada,926.538.8968,37
2141,Mr. Ariane Mertz,Joshua.Nikolaus21@example.org,Christiansencester,1-479-385-0366 x781,38
2142,Rowan Marquardt DVM,Brittany_McCullough@example.com,South Tamara,478.330.0694 x021,36
2143,Marjory McCullough,Dolores.Krajcik@example.org,Christopcester,348-705-4344 x166,20
2144,Erick Mante I,Briana44@example.com,Chelseyborough,695-819-3510 x0783,31
2145,Erwin Ritchie,Malcolm.Rippin@example.net,Philadelphia,1-425-444-2092 x5586,61
2146,Vallie Beahan,Sheri.Medhurst29@example.com,Fort Spencerstad,610.416.9267 x08632,29
2147,Eloisa Ondricka,Abraham_Mraz@example.org,Lake Jan,(714) 204-2092 x0985,47
2148,Byron Marquardt,Renee70@example.com,Lake Parker,532-504-0054 x691,44
2149,Angela Johnston,Brooks.Flatley@example.org,North Nora,(214) 525-8598 x175,48
2150,Kayleigh Kuhlman,Jasmin.Hamill52@example.org,Dickenscester,(891) 446-4136 x889,27
2151,Liana Littel,Gary50@example.com,Corvallis,1-358-475-9115,21
2152,Rashawn O'Reilly Jr.,Price_Heaney@example.net,Lake Rosario,1-809-353-4446 x08054,54
2153,Keenan Cummerata,Pamela_Schneider57@example.com,Allenhaven,777.867.7832,30
2154,Lyle Abernathy,Elisa.Deckow84@example.org,Brookeborough,953.982.4257 x42553,32
2155,Jay Kshlerin,Lelah33@example.org,Fernandofurt,1-296-536-3424,51
2156,Elijah Kihn,Antonette_Grady@example.net,Jersey City,1-594-520-9800 x282,22
2157,Miss Cindy Bailey,Sylvester26@example.com,East Libby,880-253-6411,22
2158,Leif Rath,Jakayla63@example.net,Tuckahoe,596.669.5506 x6494,56
2159,Garrett Ruecker,Layne_Hamill@example.com,North Daisha,736.643.1382 x34237,56
2160,Ophelia Lindgren,Steve.Bernhard26@example.com,Sophieworth,1-546-824-2252,37
2161,Dr. Jared Gerhold,Lynda_Bosco@example.com,North Shawnworth,1-687-692-5264 x536,27
2162,Johathan Kunde-Bayer,Ernesto.Marquardt@example.org,Quigleyside,(805) 559-0329 x380,37
2163,Abel Reilly,Owen8@example.net,Los Angeles,1-231-355-4223 x440,45
2164,Thomas Weimann,Terrance.Bednar@example.org,Veumcester,1-800-868-1030 x1827,30
2165,Mr. Devante Deckow,Gerard8@example.net,East Reneestad,459-818-7869 x59733,32
2166,Florence McCullough,Jeannie40@example.net,South Virgil,975.596.8034 x944,44
2167,Jettie Fahey,Alfred_Block21@example.org,Bodeview,538-357-2202 x0556,65
2168,May Hettinger,Max_Brekke@example.net,South Angeloworth,(723) 991-0077 x6348,51
2169,Joel Nikolaus,Ceasar_Hayes@example.org,Legrosworth,719-384-6807,23
2170,Shari Langosh,Clovis_Schaefer73@example.org,Garyworth,1-388-964-2782 x4704,31
2171,Joanne Weimann,Odell74@example.org,Turnerberg,1-977-651-3209 x432,37
2172,Alysha Boyer,Charlene62@example.com,Woodrowton,1-748-746-2888 x4257,44
2173,Sherman Olson,Jett.Goldner27@example.org,Lake Lloydworth,574.355.8705 x31611,63
2174,Mark Schultz-Trantow,Dion53@example.net,Hicksville,638.921.9639 x63924,32
2175,Mrs. Kristi Wilkinson,Marc_Jacobs25@example.net,Priceberg,767-530-5494 x0833,52
2176,Ramon Schultz-Beer,Tyler.Conn57@example.net,Lubowitzland,(985) 266-1382 x408,30
2177,Eula Hoppe,Eunice_Mann@example.org,Royville,1-849-386-4885 x8833,22
2178,Breanna Satterfield,Emmanuel94@example.com,North Roxane,716.338.8607,59
2179,Roy Donnelly,Allen62@example.org,Fort Karine,910.464.8089 x379,37
2180,Hope Bashirian,Kelton87@example.com,Latoyaport,1-485-363-7228 x45596,59
2181,Jarred Baumbach,Julian90@example.net,Gloriaview,1-208-451-4577,32
2182,Troy Dooley,Bruce.Balistreri17@example.com,Mayaguez,(537) 348-9230 x29548,59
2183,Carlton Bailey,Brittany32@example.net,Fort Icie,516.943.0818 x6686,50
2184,Bonnie Boyer,Mildred54@example.net,Spokane,(418) 699-9510 x2889,26
2185,Mr. Forrest Harris,Jeannie.Bosco@example.com,Glennamouth,1-743-359-5432 x996,44
2186,Izabella Mertz,Jenny_Stamm@example.org,West Andrew,(798) 760-9616 x0356,39
2187,Mr. Steven Wolff,Marshall.Lowe@example.net,Chanellefurt,(645) 271-2276,31
2188,Bobby Brown,Velda.Schultz@example.net,Fort Brendon,1-891-694-0111 x0219,30
2189,Ulises Daugherty,Neil_Nicolas58@example.com,Isabelbury,(877) 228-9491 x91823,22
2190,Mrs. Lukas Pouros,Beverly.Gleichner@example.org,Jonathanfield,(357) 837-0939 x862,41
2191,Hortense Hackett,Cecelia.Schmidt96@example.net,East Veronicaton,845.731.7765 x5927,36
2192,Salvador Champlin,Susie53@example.com,Apopka,921-555-9007 x83089,52
2193,Niko Larson,Archie.Nitzsche46@example.com,Grand Junction,556.677.3406,32
2194,Fred Crooks,Eldridge.Trantow@example.net,Port Nigel,1-250-630-4064,52
2195,Reanna Marquardt,Marco95@example.net,Fort Zenaboro,910-553-7624 x3388,50
2196,Evie Kassulke,Pamela_Little12@example.com,East Kellie,522.537.2824 x3371,32
2197,April Zemlak,Mindy.Gerlach@example.org,Jaidenshire,273.852.4775 x487,37
2198,Anthony Jakubowski,Jamaal81@example.net,Jazmynfurt,(621) 710-2892 x91717,38
2199,Ken Wuckert,Krista_Cole63@example.net,Randalland,483.441.6761,64
2200,Katharina Dickinson,Camren93@example.org,Colleenton,1-988-389-5330 x7643,38
2201,Reymundo Senger Sr.,Alan_Nienow5@example.org,East Rosiefurt,1-745-548-6396 x79442,40
2202,Anastacio Feest,Oliver.Grimes9@example.net,West Ceceliaside,568.574.8481,24
2203,Mrs. Jill Hilpert I,Adolph_Wiegand1@example.com,Lake Loraine,394-631-1935,44
2204,Loretta Labadie,Rodolfo69@example.net,Noemieboro,305.875.3234 x4928,57
2205,Randy Sporer,Karla34@example.org,Deanhaven,598.563.7777 x066,23
2206,Stacey Toy-Thompson,Maryam51@example.org,Oceanside,1-934-212-0532 x98569,60
2207,Pauline Wolf,Everett_Littel19@example.com,Port Claudville,504-368-8834,42
2208,Janessa Blick,Peggy70@example.net,West Gerardoside,472-546-0918,45
2209,Danny Schneider,Chad.Franey@example.net,Ryanburgh,775-965-7835 x222,42
2210,Candice Botsford,Lela_Erdman62@example.org,North Leda,(283) 881-6944 x310,42
2211,Tasha Moore DDS,Jamil72@example.org,North Enola,661-326-7856 x635,24
2212,Okey Hintz,Magnolia.Ebert@example.net,Boyerworth,1-609-792-3996 x4616,53
2213,Rebeka Feeney,Amie_Maggio40@example.com,Midland,416-287-0962 x137,56
2214,Javier Rau PhD,Jordy_Stroman55@example.net,Mandyberg,400-816-6047 x7228,23
2215,Kathy Bartoletti,Bradly_Lockman@example.net,Dooleyview,1-927-347-8384 x9331,54
2216,Margarette Larson,Mario84@example.com,Davie,1-601-952-1717 x946,49
2217,Denise Klocko,Brittany42@example.net,North Bryanchester,1-762-689-7267 x88542,37
2218,Laverne Glover DVM,Monica9@example.com,Reno,(293) 688-8740 x542,20
2219,Stuart Mitchell,Marcia_DAmore90@example.org,Crooksfort,479-992-1961 x741,39
2220,Marjorie Reichert,Reginald_Hoppe93@example.org,Hoegerview,501-644-3289 x426,19
2221,Berta Graham,Domingo_Lang20@example.com,Justinville,740.519.1691,40
2222,Matt Thiel,Alma_Heaney7@example.org,East Rodolfoburgh,1-970-484-2574 x70922,57
2223,Camron Doyle,Jesse90@example.org,Glen Burnie,669.601.6271 x57483,52
2224,Clemmie Hagenes V,Greta.Collins-Ryan68@example.com,Estelleworth,1-463-705-7722 x5760,47
2225,Juston Boyle,Laurence.Cummerata50@example.com,New Addison,840.324.5183 x22781,26
2226,Rod Rempel,Timmy.Thiel2@example.com,Broken Arrow,303-878-1570 x1536,52
2227,Vivian Bosco,Wilfred73@example.com,New Dorisberg,(600) 872-8369,37
2228,Iva O'Hara,Meaghan.Stark46@example.com,Parma,1-549-360-5192 x3918,62
2229,Albert Klein,Federico50@example.org,East Ashleigh,(926) 887-3527 x288,56
2230,Georgia Klein,Joshua.Ankunding@example.org,Steveland,(366) 747-6312 x16908,37
2231,Lionel Will,Rigoberto90@example.org,Port Melodyview,385.249.4139,32
2232,Dewayne Schumm,Cathy_Heller@example.net,East Brent,909.978.4681 x17923,64
2233,Thomas Abshire,Jacinto.Schaefer@example.org,North Abraham,702.486.6594 x856,64
2234,Erik Pouros,Nyasia42@example.net,Zulaufville,(355) 598-3708 x39730,45
2235,Pearl Daugherty,Andre86@example.net,Fort Sabrina,1-382-675-1026 x769,31
2236,Abdiel Thiel-Schoen,Astrid_Boyle@example.net,Yvonneside,1-877-742-0060 x0093,41
2237,Julia Goldner,Everardo65@example.net,Lake Salvador,587.977.6549 x531,55
2238,Mr. Olaf Farrell,Isac.Monahan@example.net,Fort Carrollview,(579) 409-1994 x5283,38
2239,Moses Olson,Matthew_Herman@example.com,West Tianaborough,862.752.7504 x504,37
2240,Glennie Roberts,Zackery54@example.org,North Caroleville,753-925-1472 x994,60
2241,Rebecca Nitzsche,Ann_Bogisich51@example.com,East Felixstad,660-626-5349,31
2242,Mr. Lyda Schneider,Della.Kuhlman18@example.org,Lake Cynthia,897.838.2900,23
2243,Christina Ratke,Blanca.Macejkovic-Hagenes@example.com,Trenton,249-597-2298 x586,34
2244,Jimmy Carroll DDS,Mable.Haag@example.com,Port Janet,(626) 922-3866,24
2245,Rosalie Wilderman,Mekhi.Nitzsche37@example.org,West Dalebury,1-210-550-1610,49
2246,Lynette Bailey,Josh.Osinski-Rice39@example.com,Broken Arrow,284-774-2469 x49603,29
2247,Sue Kerluke,Anne.Mueller@example.com,Leesburg,(794) 203-0972,24
2248,Desiree Bins DDS,Guy_Mante55@example.net,Nicholasberg,1-880-818-3016,29
2249,Halie Dietrich,Wade_Feest79@example.org,Port Marisol,416.693.6069 x99144,19
2250,Hailie Abshire,Rodney.Volkman64@example.net,Lake Edisonhaven,608.258.8805,18
2251,Gene Lowe,Bert26@example.com,Eagan,1-371-461-5077,65
2252,Javonte Fay,Bailee_Klein@example.net,Lake Mylenestad,715.277.4247 x2837,46
2253,Rosie Kreiger,Solon_Heathcote@example.com,Country Club,(216) 557-8261 x91387,38
2254,Eryn Wilkinson,Lorraine.Sipes@example.net,Beerfort,(882) 561-5606 x516,47
2255,Garnet Welch DVM,Nick66@example.com,St. Louis,1-531-946-8501,38
2256,Ozella Steuber,Sam_Abshire80@example.net,Mabelport,1-884-784-3306 x86670,26
2257,Emmett Collins,Kent.Collins@example.com,Vernashire,(669) 613-0584 x612,34
2258,Kale Legros,Derek_Will@example.net,Jeromebury,649.464.1212 x6758,47
2259,Malinda Thiel PhD,Aiyana.Walker36@example.com,Port Rosiechester,(418) 303-0207 x2211,53
2260,Raquel Quitzon,Golden_Walsh15@example.org,Runolfssonview,427.339.3027 x14013,36
2261,Carlton Brown II,Mittie_Senger@example.org,Lake Gerardochester,813-540-3106 x4289,41
2262,Lawrence Von,Genesis50@example.org,Shayleeville,(855) 578-9233 x418,60
2263,Reynold Orn,Horace85@example.org,Fort Theresia,902.468.4355,64
2264,Constance Runolfsson,Aliza.Stark@example.com,Cambridge,948-673-9496 x5219,33
2265,Dangelo Gusikowski,Percy_Rohan6@example.org,The Woodlands,(309) 979-0490 x016,21
2266,Miss Krystal Nolan,Tyrique.Lubowitz@example.org,East Dejaberg,874-983-8933,33
2267,Amaya Weimann,Christine_Konopelski@example.com,McGlynnworth,1-328-663-7774 x44449,31
2268,Elisa Denesik,Mariane_OHara@example.net,Schneiderborough,831-377-6587 x720,22
2269,Marcelino Brown,Anthony_Abshire@example.net,South Shaynaside,(751) 383-9023,33
2270,Lonnie Wiegand,Sterling45@example.net,South Penny,869-577-0486 x684,21
2271,Queenie Harber,Sterling.Corwin45@example.org,Battle Creek,741-323-7898 x273,26
2272,Tristian Prosacco,Maryse_Stroman@example.com,Kareemland,460-219-9821 x56501,29
2273,Colleen Nitzsche,Kristi57@example.org,Bozeman,(983) 923-6053 x29868,37
2274,Tevin Koss,Esther26@example.com,Boganmouth,553-731-4428 x824,36
2275,Damon Oberbrunner,Elisha_Berge30@example.net,Chino,1-272-769-5914 x74574,50
2276,Susan McCullough IV,Cynthia12@example.net,Jennieshire,973.533.8352 x437,54
2277,Dr. Jared Borer Jr.,Evert41@example.net,West Charlottecester,1-842-306-3738 x36191,64
2278,Sonia Friesen,Roosevelt.Gibson59@example.org,Octaviafort,(683) 548-0515 x2528,52
2279,Perry Weissnat,Preston_Lebsack@example.com,Wyoming,(518) 987-1635 x083,59
2280,Samuel Zieme,Marlon.Cummings38@example.com,Leuschkestead,812.265.6526,47
2281,Christ Simonis,Jerome.McLaughlin@example.net,Wichita,898-778-7921 x06287,44
2282,Wyatt Renner PhD,Connie3@example.com,Barnstable Town,827-944-4409,59
2283,Laverne Armstrong IV,Laila45@example.com,Fort Raul,571.329.7682 x0733,40
2284,Miss Eino Schaden,Macey78@example.net,Hammesworth,918-863-7898,60
2285,Elbert Stokes,Eldridge10@example.org,Rufusburgh,280-703-6675 x69647,29
2286,Derrick Prohaska,Vanessa_Feest28@example.com,New Bulah,1-393-566-8001 x49903,45
2287,Natalie Ledner,Percy.Boehm30@example.org,Kutchstead,(977) 979-1111 x73254,37
2288,Cleveland Koepp,Vicky_Brakus@example.com,East Jordan,651-253-0110 x1853,56
2289,Cordie Marks DVM,Rita_Quigley23@example.org,East Erik,(814) 656-5575 x930,18
2290,Leila Johnson,Herbert65@example.org,Port Tyrese,551.932.8860 x103,56
2291,Jalyn Hauck,Lisa76@example.org,Adolfohaven,1-387-365-8255 x3663,30
2292,Margot Lindgren,Miguel_Lindgren@example.net,Frisco,252.382.7223,61
2293,Victoria Hartmann,Latoya_Bosco88@example.com,Mullercester,963.871.3880 x811,48
2294,Valentine Nolan,Christ_Gutkowski13@example.com,South Pascaleville,301.533.8001 x87909,28
2295,Ayana Wisoky,Gretchen.Schmeler23@example.com,Antioch,(641) 594-8101 x636,58
2296,Jana Kihn DDS,Jed.Schiller82@example.org,Harrisburg,(246) 566-4254 x82505,55
2297,Frank Braun,Kelli.Rutherford91@example.net,East Los Angeles,1-833-580-8458 x59940,33
2298,Dr. Fannie Braun III,Essie_Mosciski@example.com,Euniceborough,624.571.2143 x000,21
2299,Ivan Rippin-Sporer,Warren_Harris@example.org,Sadiebury,(360) 550-2515 x30924,59
2300,Tracey Strosin,Hollis.Ondricka@example.com,Moorefurt,696-247-3543,39
2301,Kenna Leuschke,Raoul50@example.org,Leifhaven,1-487-699-9262 x085,47
2302,Jasmine Legros,Sergio.Hessel@example.net,Jeremiahberg,(417) 200-0577 x0450,24
2303,Kelli Kemmer,Jordan_Zulauf@example.net,Modestaport,1-633-997-3400 x563,22
2304,Mr. Sierra Bashirian,Heather36@example.org,Kearny,1-404-252-8746,29
2305,Macey O'Kon DVM,Kate_Moore15@example.net,Laronside,538.419.3187 x1037,18
2306,Garry Hagenes,Della0@example.org,Krisside,805-994-5322,25
2307,Dominick Becker,Jorge31@example.com,West Jensenfield,308.381.3107,36
2308,Hubert Lebsack,Lillian52@example.net,New Ariel,200-837-9945 x00952,27
2309,Quinten Schaefer,Luke_Rolfson30@example.net,Lynchburg,(621) 735-3019 x77125,57
2310,Lue Zieme,Elody53@example.org,North Gardnerburgh,1-827-696-4531,44
2311,Bruce Carter,Tyler56@example.com,Lake Misaelville,1-380-699-6455 x887,50
2312,Gaston Spencer,Ricky_Torphy73@example.net,Wintheiserhaven,1-889-765-8231 x038,34
2313,Emmett Stoltenberg Jr.,Clyde23@example.org,New Claudia,(246) 327-0751 x8077,63
2314,Leah Cronin,Shirley21@example.com,Hemet,1-317-422-3451 x58180,64
2315,Jay Lind,Roxanne90@example.com,New Belinda,744-760-2459 x7037,27
2316,Corrine Bogan,Abdiel30@example.org,Bridgetchester,1-783-455-4520 x80066,41
2317,Finn Feil I,Randy_Windler@example.net,Samuelcester,1-771-973-8660 x81549,50
2318,Cleta Ernser Jr.,Philip_Ankunding@example.com,Craigstad,(693) 279-5736 x51706,64
2319,Jesse Gislason,Nasir_Koss-Boyle@example.org,Lake Pearline,480.398.3267 x57433,36
2320,Ryann Russel,Jesus_Lemke94@example.net,Lake Camillefurt,726.284.1154 x915,34
2321,Jeremiah Trantow,Eva.Okuneva@example.org,New Gail,867-550-8092,48
2322,Miss Lessie Farrell,Chadd_Bode@example.org,Fort Kaciefort,1-489-392-9988,36
2323,Rosella Runte,Madie.Russel41@example.net,Shawnee,(443) 709-3259 x99913,60
2324,Carolanne O'Reilly DVM,Julian.Stanton93@example.net,Watersfort,441-617-5073 x432,53
2325,Justice Jaskolski,Emily.Olson-Wiegand87@example.net,North Luke,(716) 372-2658,37
2326,Mr. Anastacio Walter,Tiana_Schaden1@example.net,North Karlee,1-936-959-1736 x87332,31
2327,Miss Grace Douglas,Tyshawn25@example.com,Lake Aurelietown,1-834-586-4115 x128,31
2328,Rosa Kovacek,Raquel.Schinner7@example.org,New Santiagostead,(535) 946-6411 x0533,62
2329,Archie Roberts,Leland_Connelly53@example.net,East Llewellyn,1-738-736-9564,41
2330,Valentin Kuhlman,Henry_Mraz43@example.org,Reillyfort,(963) 585-9009 x7815,48
2331,Mr. Alfred Greenholt-Ratke,Toby.Strosin65@example.net,Wmstead,1-834-291-6861 x4828,25
2332,Mr. Gerald Beier PhD,Gerda95@example.com,Fort Ruth,(359) 925-5767 x399,36
2333,Vincent Marquardt,Henrietta.Flatley@example.com,Wehnerland,385.853.9870,19
2334,Kendall Thiel,Sigmund_Collier@example.org,North Michelleberg,244-298-9634 x9274,21
2335,Mr. Andy Mohr,Deangelo88@example.net,Port Cloyd,296-253-3471 x85829,26
2336,Ramona Medhurst,Adriana52@example.org,Kuhnside,500-343-5942 x18002,34
2337,Harriet Kub,Ruthe2@example.org,Kriston,321-325-8565 x772,26
2338,Mr. Stanley Jast,Marcella.Altenwerth90@example.org,Eldastead,224-221-2307 x91132,37
2339,Miss Aliyah Haag,Stewart_Powlowski@example.org,Phyllisstead,200.955.4640 x768,23
2340,Jaylen Strosin MD,Anissa.Heidenreich9@example.org,Fort Pierce,1-651-694-1048 x971,50
2341,Janis Pagac,Shakira.Larkin92@example.com,Stephanytown,(329) 460-2582 x1271,43
2342,Hosea Hodkiewicz,Woodrow38@example.com,Vonburgh,481.360.3645 x4090,63
2343,Rowena Fay,Darryl_Homenick@example.com,Parma,923-408-4832 x5569,34
2344,Charlie Hills,Jewell.Jacobson@example.net,Cupertino,649-648-1757 x4066,37
2345,Miss Doreen Lynch I,Magali90@example.com,Fort Robert,798-815-6088 x0099,51
2346,Leilani Kub,Sophia_DAmore@example.net,Aubreyhaven,616.373.1987 x72162,34
2347,Roderick Paucek,Lucia.Howell@example.net,Clarefurt,796.737.8768 x84088,19
2348,Clark Sipes-Walsh,Juston.Hagenes@example.org,Lake Abraham,(538) 818-9403,20
2349,Daisha Yost,Vicki.Bayer92@example.com,Harveyborough,1-528-473-8585 x6919,35
2350,Joel Robel,Cindy.Ebert38@example.net,Juliannechester,1-658-984-0287,54
2351,Brant Legros,Magnus29@example.net,North Raoulborough,271-278-3034 x618,18
2352,Cleo Kunde I,Doreen_Cremin@example.net,Littletown,(559) 673-5875 x35970,40
2353,Estelle DuBuque,Sherry.Feil96@example.org,Michaelfurt,(823) 342-0770 x0634,27
2354,Tanner Towne,Antwan.Schneider@example.com,New Susie,1-554-901-4710 x89691,54
2355,Dr. Bonita Cassin II,Essie.Bergnaum52@example.net,Aloha,(969) 628-0670 x13486,50
2356,Marcia Glover,Toby_Nicolas@example.org,Grand Junction,(448) 373-7661 x30390,54
2357,Ransom Lueilwitz,Myrna.Gutmann33@example.com,West Treva,1-525-291-1343,52
2358,Stacy Moen,Retta39@example.org,South Brittanyland,311.339.6589 x4924,63
2359,Mrs. Dixie Lubowitz-Farrell,Reginald_Zulauf30@example.com,Kearny,215-653-9861,44
2360,Margaret Davis,Walter57@example.net,North Deanborough,301-452-3526 x03062,19
2361,Gilbert Lowe,Kaitlin73@example.com,West Bradenville,834.495.5753,45
2362,Owen Durgan,Natasha_Rogahn82@example.org,West Darrellland,1-596-729-1613 x2563,19
2363,Kattie Howe-Hills,Alyssa_Zboncak@example.org,Bradtkebury,982-903-3265 x79101,38
2364,Sam Steuber,Forrest_Friesen@example.net,Mindycester,388-298-2097 x346,54
2365,Devante Hane,Roosevelt.Nicolas84@example.com,West Flavio,958-778-6069 x010,30
2366,Mable O'Connell,Collin_Kautzer@example.org,Fort Joel,(921) 867-3375 x3932,45
2367,Rachael Stroman,Josh.Schmidt@example.net,Port Elsaville,336-715-0410 x67733,44
2368,Diane Wilkinson-Rolfson,Cynthia57@example.net,Fort Kiel,(612) 983-4592,36
2369,Caesar Balistreri,Noah74@example.com,East Leora,(410) 302-8609,58
2370,Vincenza Bayer,Josie23@example.com,Lake Cleo,838.888.1133 x54164,53
2371,Jessica Kozey,Edmond.Jast@example.com,South Luzchester,(555) 354-7664 x2299,35
2372,Mr. Odessa Kreiger,Reva.Daniel63@example.org,West Jessicaport,1-794-603-5737 x56923,51
2373,Gary Hermiston,Melinda77@example.com,Lake Ridge,1-493-626-6501 x249,25
2374,Adrian Johns,Kitty_Adams@example.net,Johns Creek,1-628-668-9047 x86065,41
2375,Mona McDermott,Amara41@example.com,Brennonmouth,677.383.2354 x40227,57
2376,Eleazar Senger,Jessika.Dibbert@example.org,New Maxime,1-423-880-1617,28
2377,Samantha Dickens-Berge,Denise.Marvin96@example.com,Hyattville,813.317.3956 x23730,36
2378,Jaclyn Ernser,Juvenal14@example.com,Port Leopoldoside,428.987.3160 x0719,31
2379,Aiden Price,Sheri_Parker2@example.com,South Jeromeworth,973-952-7215,18
2380,Angus Medhurst,James_Veum@example.net,Monterey Park,601.200.2743 x337,21
2381,Mozelle Balistreri,Terri57@example.org,Carmelaside,(297) 376-4852,25
2382,Keira Hauck,Morris22@example.com,South Matthew,(907) 350-0321 x418,60
2383,Cory Roberts,Jodi57@example.org,Satterfieldland,505-499-2303 x37289,63
2384,Gianni Franey,John89@example.org,New Uriel,(795) 315-5411 x625,25
2385,Kitty Feeney-Langosh,Carmela39@example.net,West Marianstead,1-765-344-1266,44
2386,Sally Cronin,Christie_Adams37@example.net,Port Ivan,(678) 778-1050 x496,29
2387,Candace Block,Christina92@example.net,North Ross,706-226-4356 x10878,23
2388,Shayna Nikolaus DVM,Thelma_Bashirian40@example.net,San Clemente,1-341-554-1143 x83812,54
2389,Vergie Ryan,Mindy_Durgan89@example.com,Merlestead,759-586-0451 x84214,58
2390,Mr. Millie Wyman,Willow29@example.net,West Clarence,416-729-2350,18
2391,Romaine Stark-Pagac,Damon36@example.org,San Juan,(588) 238-9007 x6246,65
2392,Linda Sipes PhD,Manley_Huel@example.com,Mrazport,1-757-267-5698,60
2393,Dr. Rhianna Ruecker,Rosalie.Fadel97@example.com,Prestonchester,1-622-444-1154 x77702,32
2394,Katelyn Fadel,Doyle_Wisoky10@example.net,West Valley City,294.503.8992,56
2395,Rachael Braun,Osbaldo89@example.net,Darrellfurt,653-268-1729,43
2396,Esteban Lakin,Sheldon.Schamberger63@example.org,New Darrintown,766.747.0142,51
2397,Jimmie Luettgen,Henrietta6@example.org,Gulfport,722.279.4841 x3445,62
2398,Jon Koelpin,Austyn.Stark@example.org,Port Homer,(386) 484-1748,36
2399,Martha Braun,Annette.Shields@example.net,Port Kristin,873.889.3903 x58960,64
2400,Jeanie Wisozk III,Leah_Kerluke-Shanahan61@example.com,North Brian,987.313.2450 x276,50
2401,Clifford Bailey,Luther.Harvey53@example.net,Round Rock,513-652-2208,36
2402,Scott Pollich,Eliezer.Farrell73@example.net,Padbergberg,227-778-1026 x9102,54
2403,Joey Lind,Merritt_Wunsch@example.org,Deckowstad,(664) 901-0619 x472,22
2404,Rose Altenwerth,Delbert.Kemmer16@example.com,Sunrise Manor,980.361.2310 x1948,42
2405,Clinton Ryan-Lang,Cora60@example.com,Chicopee,757.468.7643 x781,24
2406,Tracey Goodwin,Silvia.Wiegand63@example.org,Fort Janet,242.762.7371,41
2407,Karolann Ullrich,Austyn_Romaguera@example.org,Harveyland,983.822.2584 x99963,21
2408,Myriam Goodwin,Krista.Farrell72@example.com,Schambergerfort,687.951.7410 x0673,53
2409,Jaydon Huels,Ottilie14@example.com,West Virgie,(374) 471-8459 x406,56
2410,Corine Morar,Archie31@example.net,South Jordan,1-279-717-1606,24
2411,Gerardo Hackett,Abel45@example.com,New Ashlee,1-563-793-9324 x462,50
2412,Lance O'Keefe,Jaquelin.Collier@example.org,North Ramonaworth,882.378.4166 x6284,50
2413,Hilma Emmerich,Moshe_Erdman@example.net,Ellenstead,476-503-8987 x500,59
2414,Alena Davis,Muriel75@example.org,Lake Ashaboro,(320) 214-1047 x11747,21
2415,Madisen Bernhard,Geneva.Ledner@example.net,South Adrianchester,1-321-221-4966 x4453,44
2416,Ross Kub,Friedrich.Champlin-Mohr@example.net,Legrosberg,379.625.8174,36
2417,Ms. Emily Dach,Jo.Altenwerth34@example.org,Raleigh,688.453.1261,36
2418,Mr. Tyra Heathcote,Carroll.Hand@example.net,Johnstonberg,1-297-314-3067 x449,37
2419,Todd Walker,Jeremiah72@example.com,East Myron,662.564.1370 x3247,18
2420,Dr. Marsha Schiller-Roob,Lena_Schaefer51@example.org,Rohanborough,386.813.1954 x7708,27
2421,Breanna Stracke,Emily62@example.com,Lake Violetton,982-519-5843 x357,57
2422,Leora Bechtelar MD,Clarabelle_Mann83@example.org,North Gloria,1-262-786-5197 x567,31
2423,Myron Pouros,Dixie26@example.net,Bothell,857.855.9883 x875,50
2424,Hester Gottlieb,Maudie15@example.com,Urbandale,1-685-619-1827 x7561,63
2425,Mr. Jake Mueller,Diane66@example.org,Fort Kristichester,228.604.8318 x7238,39
2426,Roman Rath,Nina.Kuhic90@example.net,Fort Camille,348.282.1967 x84721,45
2427,Kurt McClure Jr.,Tanner_Renner@example.org,Vernicestad,486.976.5351,60
2428,Clarence Quitzon,Loretta63@example.com,Apple Valley,(447) 567-3244 x779,46
2429,Orville Bergnaum,Porter.Collier59@example.com,New Anita,(308) 980-9874 x536,30
2430,Melvin Hyatt-Schmitt,Sergio42@example.org,Edmond,732.952.4451,25
2431,Laurence Koepp Sr.,Nelda.Medhurst37@example.com,Cartwright-Hillsshire,(388) 420-8956 x5268,50
2432,Harry Gleason,Mollie_Schuppe13@example.org,East Leannton,663-855-5672 x2913,37
2433,Kristin Pacocha,Kaleb36@example.com,Fort Della,(874) 240-0800 x358,32
2434,Donnie Schamberger,Bryana63@example.net,West Elizabethworth,(389) 920-0934 x5725,56
2435,Toby Ondricka,Misty.Larson35@example.net,Prosaccoboro,(608) 915-9277,39
2436,Myles Hermann,Concepcion.Kihn@example.com,Harveyshire,492-504-3914,45
2437,Madyson Parisian,Travis_Okuneva@example.net,Canton,332.494.0964,24
2438,Ellis Kuhn,Molly.Berge92@example.org,Carrollton,(515) 568-6233 x752,44
2439,Dr. Alena Stoltenberg,Harley60@example.net,Lake Murltown,708.783.9855 x708,54
2440,Charley Veum-Volkman,Julia0@example.com,West Ora,874.445.5571 x543,48
2441,Levi Feeney Jr.,Weston_Stanton32@example.com,New Orion,944-489-8912 x31496,53
2442,Martha Kutch,Jace9@example.org,Yuma,744-753-9807 x54221,59
2443,Miss Laurianne Thiel,Ray_Howe56@example.net,Harveyville,1-592-730-7103 x1133,19
2444,Myron Hintz,Roderick.McDermott10@example.org,Plano,(946) 621-7146 x3192,21
2445,Ottis Gorczany DDS,Sue_Mertz66@example.com,Fort Lilaberg,1-770-211-6272,54
2446,Orie Deckow,Leonard_Fritsch23@example.net,Lake Edyth,918-724-0186 x6355,51
2447,Hilda Lockman,Sophia_Hoeger40@example.com,Ericside,555.240.4625,64
2448,Aaron Stanton,Wade.Leuschke@example.net,North Georgeburgh,669-388-3165 x9282,61
2449,Reginald Wyman,Maddison.Vandervort69@example.org,Hagenescester,747.668.7096,45
2450,Holly Beier,Eulalia97@example.org,Magdalenburgh,948.703.1098 x04199,45
2451,Angelina Block,Karson7@example.net,La Mirada,(210) 347-6824 x728,49
2452,Derrick Cummerata,Leonardo83@example.com,Lake Hannahbury,581-237-3285 x64459,42
2453,Hector Wolf,Jayden_Gusikowski@example.org,Lake Lavonnebury,812-877-3459,59
2454,Joshua Hayes,Kathleen9@example.org,Suzanneboro,291.989.3092 x802,58
2455,Wilma Pfannerstill,Vivienne63@example.net,Hackettbury,(970) 208-8929 x03945,28
2456,Grace Block,Aliza44@example.net,Mckennaborough,(341) 833-6550 x365,51
2457,Hellen Johns Jr.,Delia.Harber@example.net,O'Connellfurt,389-405-4176 x916,19
2458,Randy Lowe,Elliott.Ullrich@example.org,Cronabury,532.637.6664 x828,37
2459,Charlie Spencer,Randall78@example.net,Williamsonboro,(681) 287-6446 x401,63
2460,Mr. Carissa Gusikowski,Kristine.Hammes@example.org,North Camronhaven,1-397-619-3109 x358,38
2461,Joan Bogisich,Don_Orn@example.com,Catonsville,(905) 725-4017,33
2462,Wilhelm Hilpert,Sammy.Smith@example.com,Muncie,1-422-611-4964 x0697,50
2463,Krystal Hilpert,Shea.Parker@example.org,Chico,1-322-774-4676 x32984,38
2464,Mr. Crystel Harvey,Howard_Littel@example.com,Lake Gwendolynfield,1-567-448-7342,34
2465,Myra Ledner,Adele49@example.net,South Christian,1-288-572-5214,25
2466,Teri Boyle,Furman.Pfeffer81@example.com,Ornfield,(588) 826-6165 x60955,65
2467,Domenica Heathcote-Flatley,Emmie1@example.com,South Michaelland,1-360-318-8655 x016,38
2468,Mr. Alex Champlin,Tyler_Ferry71@example.com,Port Gerardville,1-712-246-4502 x280,33
2469,Ryan Crooks,Desiree_Ernser2@example.com,Purdybury,429-892-6698 x3449,61
2470,Rene Wyman,Ezra.Becker42@example.net,West Trudieburgh,(389) 634-2097 x758,42
2471,Gilda Hammes-Torphy II,Alexander11@example.org,Omaha,(909) 970-7769 x8487,40
2472,Krista Lynch,Marcos_Powlowski40@example.org,Tillmanfort,(511) 611-2449 x5063,65
2473,Dr. Clementina Denesik,Deontae94@example.com,Potomac,(322) 289-9599 x202,30
2474,Ralph Nolan,Ruby.Franecki@example.net,Fort Guillermo,516.885.4659 x85061,29
2475,Marvin Padberg,Garth_Torphy@example.org,West Gerard,659.899.6238 x10205,28
2476,Dessie Buckridge,Andreane_Bashirian21@example.net,West Geoffrey,(751) 376-0636 x529,61
2477,Mr. Jeffry Rodriguez,Leslie_Wisozk@example.net,Douglascester,1-996-286-9293,52
2478,Lila Ondricka,Elena.Reilly@example.com,New Dallas,1-729-298-2484,44
2479,Leigh Marquardt,Gary_Schuppe@example.net,East Einoshire,295.460.2787 x6459,62
2480,Sheldon Friesen,Larry_Stamm96@example.org,Erickfield,(829) 961-8013,21
2481,Omari Pfannerstill,Stan.Parisian@example.com,Lake Kevin,1-266-970-4706 x0693,24
2482,Archie Durgan,Amanda.Johnston@example.com,West Gino,1-673-401-0484,53
2483,Stone Hilpert,Quinn.Buckridge@example.com,Lockmanview,721.775.5656,54
2484,Becky Hane,Shana.Erdman@example.net,Vancouver,(508) 633-1505 x639,46
2485,Dr. Vanessa Balistreri,Marta.Shanahan@example.org,Kuvalisside,578.560.6839,60
2486,Diane Purdy,Kelvin_Beier-Herzog@example.com,North Raina,1-811-771-6290 x642,64
2487,Marcella Osinski,Else_Douglas44@example.net,Hopeview,253-873-5609,44
2488,Warren Weimann Jr.,Mason83@example.com,Beahanside,1-594-860-3174,34
2489,Carmen Zemlak,May.Gleichner39@example.com,Fort Jonton,(532) 326-5200 x56228,41
2490,Stacey Gulgowski,Maude.Monahan@example.net,Rubenton,875-965-5027 x28617,64
2491,Gretchen Murazik,Keyon_OReilly12@example.org,Allentown,1-986-524-9988 x13972,58
2492,Mrs. Colby Franey,Meghan69@example.com,Bahringerville,445.464.8612,49
2493,Yasmine Bechtelar-Becker,Broderick.Tromp41@example.org,Lake Sophia,(789) 557-2918,50
2494,Lynne Hettinger,Kristie71@example.org,Marciahaven,1-953-715-6381 x9221,48
2495,Elmore Altenwerth,Aubrey67@example.net,North Jarodborough,850.947.2304 x18894,35
2496,Judah Auer,Adrian.Ernser@example.org,Beahanside,(993) 537-2173,21
2497,Deven Rohan,Phoebe.Pacocha@example.org,Antioch,454.995.5053,63
2498,Doris Armstrong,Emerson_Yundt@example.org,Boehmview,390-322-9247,43
2499,Mrs. Ericka Reilly-Krajcik,Carolyne42@example.com,Fort Rubenfort,(295) 436-0125 x3298,30
2500,Eileen White DDS,Delilah_Parker@example.com,Port Princehaven,558.674.0233,38
2501,Grady Predovic,Myra21@example.net,Lake Garryport,1-259-215-8528 x928,30
2502,Carl Hintz,Lana40@example.org,South Lukefield,(937) 211-8586 x907,44
2503,Glenn Tromp DVM,Camden_Ziemann1@example.com,Lindsayfort,738.205.3784 x58917,39
2504,Naomi Reynolds-Mante,Antwon.Swaniawski@example.com,Ginaside,216-267-0647 x75981,25
2505,Jennifer Rau V,Thurman.Trantow@example.org,Bakersfield,(757) 434-1179,18
2506,Nicholas Rohan,Efrain91@example.com,North Nyah,342-558-3959 x669,24
2507,Jimmy Aufderhar,Aiyana.Homenick@example.com,North Nathan,(574) 406-5682 x39087,39
2508,Leland Hagenes,Sienna35@example.net,Encinitas,1-676-664-0018,24
2509,Lynette Fadel,Jocelyn92@example.net,Burleson,714-670-6030 x00410,19
2510,Juana Jacobi,Hank_Cormier91@example.com,Denniston,320-388-9714 x33917,33
2511,Rahul Deckow,Eduardo28@example.org,Hampton,817-521-5271,48
2512,Jedidiah Torphy,Ward73@example.org,Keyshawnshire,843-680-1287 x081,58
2513,Imogene Denesik,Claudia_Jakubowski@example.com,Gutmannboro,1-719-827-7578,47
2514,Erica Funk,Natalie_Roberts83@example.net,Kundeton,688.357.6693 x634,64
2515,Deanna Schowalter,Chesley_Daniel@example.net,West Kariane,449-673-2661 x349,58
2516,Jeremy Cormier,Lana_Jerde13@example.com,McDermottfort,312-721-6510,39
2517,Freddie Bernier,Keith_Hermiston4@example.net,Haroldborough,1-493-286-8759,55
2518,Benny Johns,Travis_King@example.org,Port Garrettport,534-825-5194 x8843,42
2519,Gerald Pfannerstill-Nikolaus,Brent_Botsford@example.com,North Irvin,246-983-3053 x884,51
2520,Unique Nienow,Israel70@example.com,Flint,335-589-2718 x993,18
2521,Willis Rempel,Bryana.Collins73@example.net,North Cliffordworth,1-647-912-3291 x177,23
2522,Ulices Bednar,Sheldon_Cole@example.org,Rochester Hills,1-409-779-7259 x18934,62
2523,Miss Sara Ortiz II,Julianne71@example.com,Lindmouth,1-807-731-8028 x4010,35
2524,Retta Metz-Pagac,Joel_Ernser86@example.net,North Barry,438.265.0262,51
2525,Ethyl Hyatt,Ladarius_OConnell@example.org,Santa Clarita,1-849-401-3889 x5042,57
2526,Carmen Tromp Sr.,Alejandro_Langworth@example.net,Gleichnerfurt,1-618-523-7630 x35504,21
2527,Tom Kerluke,Garrick.VonRueden83@example.org,Hahnhaven,782-551-9177 x1458,63
2528,Lydia Kassulke,Modesto.Pfannerstill@example.org,Bryanbury,1-575-565-3072 x285,57
2529,Moses Gutmann,Dianne.King69@example.com,Robertscester,238.746.1060,40
2530,Kacey Jaskolski,Guillermo_Macejkovic@example.org,Reichelcester,271-567-4613 x872,60
2531,Louis Greenholt,Jacqueline62@example.net,Port Adelbertbury,(837) 604-3543 x4320,44
2532,Mrs. Berenice Schuppe,Willard.Doyle@example.net,Port Annmouth,702-333-1959 x8505,43
2533,Agustina Johns,Jane74@example.com,West Miguel,517-292-1748,53
2534,Dr. Gretchen Prosacco,Glenda.Rau@example.net,The Hammocks,378.711.9258 x95688,32
2535,Maiya Jakubowski,Enoch_Conroy@example.com,Boca Raton,(527) 836-4155 x324,18
2536,Andy Nicolas,Moriah_Rodriguez11@example.org,West Stuartchester,(991) 804-6836 x583,63
2537,Ludwig Huels II,Amos.Lebsack@example.org,Franeyville,1-500-742-5452 x92020,56
2538,Ms. Jerrell Olson,Emmanuel.Cremin25@example.net,Adamport,1-623-352-3666 x781,29
2539,Sincere Botsford-Homenick,Trever_Hirthe@example.org,South Braedenstad,402.717.4433 x955,40
2540,Mrs. Deborah Corwin II,Bennie_Stoltenberg42@example.org,Marielleshire,(687) 984-8924 x00376,49
2541,Mariah Heathcote V,Timmothy.Satterfield46@example.org,Funkstead,655.496.1451 x0166,19
2542,Felicia Stamm,Marcel.Hessel71@example.net,South Manuelfort,724-261-5047 x212,39
2543,Santiago Rosenbaum,Allan.Walter99@example.org,Lake Burdette,(475) 771-4266 x90972,49
2544,Louis Jacobson,Maxine.Tillman31@example.com,Kenosha,1-795-309-0613 x3107,53
2545,Tabitha White,Cecil32@example.net,Oshkosh,246-998-3635 x55930,38
2546,Buford Toy,Guillermo.Weber11@example.com,Millerport,(488) 336-5091 x658,28
2547,Betty Okuneva,Eloy.Gorczany@example.org,Dixiefurt,253-803-5208 x8676,31
2548,Pearl Lowe,Meredith19@example.com,Fort Fanny,256.598.1015 x34661,30
2549,Mrs. Sylvia Johnston,Gordon.Schaefer19@example.org,Dallinborough,752.750.4736 x20271,50
2550,Winston Kautzer,Robyn52@example.net,Nellafort,1-943-383-8310,37
2551,Lewis Bernhard,Talon22@example.net,Pearl City,(815) 272-5260 x94602,53
2552,Loraine Purdy,Kyle79@example.net,Lake Betty,467.799.6814 x32312,41
2553,Irma Rutherford,Jocelyn_OConner@example.net,Wendellview,(819) 551-5021 x3762,55
2554,Wendy Mayer,Gia_Cassin58@example.com,Svenview,514.883.5932 x386,29
2555,Freda Hand,Akeem_Roob15@example.org,West Americachester,493.948.0933 x63494,32
2556,Jacqueline Quigley-Waelchi,Ada22@example.net,Greenwood,383-345-2604,38
2557,Melvina Buckridge,Jovany_Lindgren@example.com,Washington,526.548.8854,54
2558,Olivia Keebler,Hope.Nitzsche86@example.com,Harrisonburg,425-637-3370 x76303,63
2559,Phyllis Douglas,Trevor_Jaskolski99@example.com,Fisherborough,924-446-3233,19
2560,Dean Purdy,Ernesto.Greenholt82@example.net,Lake Darylworth,(405) 820-9131 x94028,57
2561,Rose Upton,Spencer_Harvey92@example.com,South Taliaview,(912) 210-3300 x0064,44
2562,Willard Veum,Drew.Dooley71@example.org,Mannshire,791-841-4528 x9226,25
2563,Meghan Mills,Sibyl21@example.org,Seamusshire,1-498-874-4566,58
2564,Peggy Pfeffer,Gerald_Hackett67@example.com,East Dulce,(545) 400-9302,24
2565,Mervin Roob,Clare.Kertzmann@example.org,Mishawaka,767-551-7300 x4018,57
2566,Tod Champlin-Dicki,Gregoria.Yundt10@example.net,Midland,744-678-8761 x59551,37
2567,Marianna Ziemann,Robyn_Wyman67@example.org,New Nicolas,(692) 487-5266 x5720,60
2568,Kristopher Beatty,Josephine_Carter7@example.org,Araside,866.624.9289 x35195,27
2569,Lamar Blanda,Reginald.Rice@example.org,Horaceville,530.595.9329 x50637,29
2570,Vanessa Feest-Herman,Danny_Greenholt91@example.org,Beaverton,1-365-846-6380 x59016,26
2571,Alexis Wiegand,Raymond40@example.org,Suestead,777.478.3585 x161,27
2572,Vickie Keeling,Santa_Nikolaus45@example.net,Cedar Hill,(905) 956-6954 x26183,63
2573,Dr. Ericka Aufderhar Sr.,Cassandra.Terry@example.net,North Jaylin,(887) 500-4648,36
2574,Mr. Maymie Boyer,Martha_Moen@example.org,Ernserworth,497.829.8120 x36161,51
2575,Rick Jaskolski,Jeffery_Okuneva70@example.org,Tallahassee,(987) 617-9017,43
2576,Ira Nikolaus,Sally.Schulist@example.net,Handhaven,1-484-970-1353 x92268,24
2577,Miss Reina Schaden,Carole.Lemke@example.net,Kylerstead,940-803-7091 x71265,19
2578,Zella Ruecker,Joel22@example.net,Cruickshankboro,847-998-7017,38
2579,Danny Corwin,Cornelius_McClure@example.org,Tucson,387-407-0542,44
2580,Murl Kutch,Sue.Weber@example.com,Rogers,952.382.8620 x78364,30
2581,Gertrude Willms,Forest41@example.com,Carolinaboro,1-581-605-6885,57
2582,Rozella Adams II,Vinnie_Conroy-Botsford@example.org,Greenberg,1-681-764-3506 x96818,31
2583,Jimmy Hudson,Charlene_Quitzon@example.org,North Darronborough,1-261-870-4165 x931,46
2584,Brennan Pacocha,Regina62@example.net,Rochester,545-242-1137 x320,37
2585,Kara Erdman,Angelo_Beahan20@example.org,Fort Rodneyfield,611.397.1755 x67355,37
2586,Mr. Effie Lehner,Agnes.Abernathy30@example.com,Port Chrisstead,276.941.3751 x347,22
2587,Thalia Kutch,Eric.Strosin@example.com,Framichester,229-337-7332 x4552,43
2588,Tiffany Shields III,Edmond_McLaughlin@example.net,Gerholdboro,244.449.9509 x248,38
2589,Jeffery Roberts,Myrna_White88@example.net,North Lillieside,341-832-2590 x4181,43
2590,Howell Prohaska IV,Chadd70@example.net,New Aglae,797.794.5332 x078,49
2591,Jarod Mayert,Noah86@example.com,Port Irving,1-743-687-4503 x223,44
2592,Demarco Kreiger,Angus_Gottlieb@example.com,West Ikehaven,534-988-3942 x270,59
2593,Darin Mueller,Elissa26@example.com,Lakeland,(654) 923-8144 x517,52
2594,Sim Medhurst,Mario52@example.org,New Myrl,(429) 335-7780 x1803,30
2595,Zoe Kihn,Talia_Walsh@example.net,Lake Justintown,1-528-890-7539 x34831,19
2596,Madge Cartwright,Estelle91@example.org,Luciatown,636.763.7381 x02139,25
2597,Cathy Gleichner DDS,Cheyenne59@example.net,Langoshfield,(702) 223-7324 x517,29
2598,Torey Hodkiewicz DDS,Ella_Rogahn-Oberbrunner6@example.com,Remingtonstead,447-503-3488 x90041,32
2599,Lemuel Konopelski,Jorge5@example.org,Hoppeboro,1-972-367-2998,28
2600,Dallin Hackett,Kaelyn_Cole@example.org,New Rosalieport,779-253-9240 x127,43
2601,Martin Corwin,Amari_Herzog48@example.org,Lueworth,683.746.4834 x984,35
2602,Orie Cruickshank,Glenda.Waelchi-Murphy82@example.org,Aidenside,(878) 934-3230,39
2603,Blanca Gleason,Floy87@example.com,East Wilmahaven,1-648-665-1231 x773,62
2604,Lucille O'Hara,Georgianna.White@example.com,Oakland,1-879-856-5329 x939,33
2605,Gerda Yost,Roger_Yost@example.net,Gastonia,1-228-566-7189 x38457,47
2606,Nolan Thompson,Weldon38@example.net,West Kimberly,(800) 514-5650 x428,33
2607,Miss Minnie Murray,Gisselle.Borer8@example.org,Keelingboro,1-452-928-4594 x85289,47
2608,Magnus Walter,Justice_Lueilwitz@example.org,Lake Mitchel,413.721.6345 x9616,59
2609,Mr. Damon Marvin,Santa.Wisoky@example.com,East Gail,373.205.2925 x491,28
2610,Jayden Kihn,Kirsten.Barton@example.org,South Shelia,(755) 314-8368 x47124,56
2611,Maximo Will IV,Ruby34@example.org,New Aubreybury,228.783.9800 x20945,31
2612,Shawn Hodkiewicz,Claude51@example.com,South Saul,599-679-0072 x5257,54
2613,Riley Sauer,Sheryl81@example.com,Travisside,(908) 664-1911 x447,33
2614,Glen Bosco,Vera45@example.com,Wardview,(487) 544-2592 x115,51
2615,Ms. Jackie Ledner,Sandra.Koelpin93@example.org,North Benny,572-517-5200 x301,20
2616,Dr. Elena Goldner,Houston.Farrell80@example.com,Marjorietown,687-602-3980 x57236,21
2617,Kraig Runolfsson,Lavada_Ernser@example.org,South Noah,(356) 846-7989,46
2618,Maryann Hansen,Nathen_Nitzsche10@example.org,Casperland,604.516.3561 x033,54
2619,Kent Ondricka,Laverne23@example.com,Lake Mosesworth,1-880-852-9638 x33716,31
2620,Kristina Feil-Howe DDS,Bernhard20@example.net,La Mesa,259.575.1489 x033,38
2621,Thad Ernser,Julien_Schamberger@example.com,Carterhaven,790-992-3441,29
2622,Elvis Considine,Nellie2@example.org,South Mabelle,564.584.2899,60
2623,Dr. Wendell Nader,Melanie.Rolfson44@example.org,New Roma,203.964.4878 x776,56
2624,Boyd Braun,Aubrey.Collier@example.net,Port Petermouth,913.642.0712 x245,18
2625,Lynne Schultz,Elda_Rolfson@example.org,Paucekfurt,946.878.7070 x269,25
2626,Una Stokes,Lindsay.Runolfsdottir@example.org,Dallinberg,949-376-1794 x42485,31
2627,Elsa Renner,Lillie.Aufderhar97@example.com,North Oletaborough,1-835-518-1421 x467,50
2628,Ken Connelly,Latoya15@example.org,Metairie,439.343.8481 x22605,49
2629,Nichole Muller V,Iva.Dickens27@example.com,Honolulu,779-288-5295 x15500,46
2630,Leo Okuneva,Ted_Pouros21@example.com,Fort Maud,491-769-4004 x94019,38
2631,Alfonzo Dickens,Fidel_Cummings-Jaskolski17@example.com,Zboncakstad,822-894-7037 x816,36
2632,Elsie Langosh,Albert.Quitzon97@example.org,Priscillafield,1-518-356-2904 x846,45
2633,Cornelius Toy,Anna.Fahey@example.com,Port Georgiaside,725.299.6273 x02801,55
2634,Mr. Rogelio Leannon,Jaydon.Kihn@example.net,Schummberg,665-403-0571 x00184,36
2635,Irene Bailey,Andre0@example.com,Jolieborough,(735) 530-1370 x6837,37
2636,Dedric Marks,Mindy.Rempel@example.net,New Clifton,(653) 915-2102 x796,42
2637,Gail Grimes IV,Donald.Torp50@example.org,Boise City,(640) 434-5477 x7196,31
2638,Carl Yundt,Montana_Zulauf@example.net,East Betsytown,1-461-541-8177,36
2639,Mr. Marc Thompson,Kennedi.Ledner@example.org,Apple Valley,(451) 495-3238 x435,54
2640,Elijah Reichert,Andrea58@example.org,Skylartown,(935) 344-3682 x75725,26
2641,Antoinette Hirthe,Lily67@example.com,Hilllside,(509) 569-9615 x638,41
2642,Linnie Schuppe,Jason.Considine@example.com,Philadelphia,1-531-709-0108 x4893,18
2643,Mac Hand,Maggie73@example.com,Kochville,1-884-286-8689 x547,44
2644,Russell McKenzie DVM,Amber.Deckow@example.net,University,1-215-524-0882,57
2645,Dr. Lionel Hickle,Frida40@example.com,Johnson City,(215) 822-8539 x88067,57
2646,Hipolito Wuckert,Christine.Goldner46@example.net,Jaskolskifort,886.399.9509,21
2647,Gus Hoppe,Alex50@example.net,Tampa,1-372-966-3091 x033,61
2648,Rudolph Schultz,Alverta.Hilll10@example.com,Lodi,1-305-961-3601 x02271,55
2649,Madeline Wintheiser,Rodney.Langworth-Bednar54@example.net,Gladyschester,(235) 853-6699 x45684,32
2650,Precious Fisher MD,Tiara_McDermott9@example.net,Smyrna,1-482-428-5396 x7572,54
2651,Kay Stehr Jr.,Neil99@example.net,Deborahville,872.517.0635 x1397,50
2652,Jeremiah Cronin,Ernesto93@example.com,Darrellbury,877-766-5605 x760,28
2653,Willard Mueller,Ruth.Cruickshank40@example.net,Sawaynborough,422-634-5304 x68757,65
2654,Sherman Wolf,Kayla.Jacobson3@example.org,East Joesphworth,527-874-4820 x6252,51
2655,Golda Nader,Vernie_OKon37@example.net,Cleveland Heights,(481) 648-7066 x925,47
2656,Clinton Nicolas,Erwin10@example.net,Creminport,1-332-605-3187 x60577,38
2657,Carmen Hamill,Rylan_Sawayn5@example.com,Mindyville,567-973-2321 x905,25
2658,Ross Spinka,Arianna_Smitham25@example.org,North Samantha,655.299.6061 x362,47
2659,Emmet Bergnaum,Antoinette_DuBuque96@example.com,East Elizaview,1-509-735-2950 x616,19
2660,Carter Hayes,Leda.Medhurst@example.net,Independence,1-748-327-5437 x5764,34
2661,Ginger Runolfsson,Vera.Maggio@example.net,Ankundingville,1-940-749-1985 x0293,32
2662,Mrs. Marcel Kozey,Lenora_OHara@example.net,New Vivianstead,872.245.8527,45
2663,Demario Gusikowski,Santos.Mueller@example.com,Baileyborough,733.742.6246 x454,32
2664,Salvatore Frami DVM,Allison_Rutherford@example.org,Goldnerbury,328.268.8134 x70067,21
2665,Erika Dickinson-Becker,Pierre.Okuneva45@example.org,Peabody,973-359-9134 x837,58
2666,Hunter Volkman,Bridgette30@example.net,Hammesboro,(830) 529-1879 x27971,56
2667,Sheri Tillman,Geraldine.Paucek@example.org,Muncie,1-371-830-6497 x89558,29
2668,Romaine Pagac,Donnie.McKenzie12@example.net,Fort Cecelia,1-811-334-0411 x347,18
2669,Oleta Simonis-Rosenbaum,Daisy_Fritsch@example.net,Country Club,930.242.3779 x110,64
2670,Wendell Leffler,Hailie_Hermiston38@example.com,Port Xzaviermouth,317.316.7897 x4509,35
2671,Tara Hyatt,Jenna54@example.net,Pine Hills,768.996.0795 x162,36
2672,Laney Littel,Blaise_Hagenes@example.net,Hugoburgh,906-376-7318 x391,41
2673,Aubrey Orn,Joannie_Connelly@example.com,Marietta,(633) 520-5876 x54300,22
2674,Cristina Stoltenberg,Kallie57@example.org,West Antonia,1-343-685-8335,44
2675,Melvina Bogisich,Joannie57@example.org,Dannyhaven,824.626.5817 x96343,59
2676,Pasquale Metz-Ziemann,Johnathan.Emmerich@example.com,Saraistead,1-546-561-2727,61
2677,Loren Doyle,Quinn_Hartmann52@example.net,Minneapolis,1-648-845-6959 x786,33
2678,Tatum Homenick,Nellie.Rolfson7@example.com,Lake Zachary,(345) 989-0780,20
2679,Ken Lueilwitz,Elias_Gusikowski97@example.org,Lake Lavadaborough,939.308.5062 x73779,63
2680,Maya Macejkovic,Matt.Durgan31@example.com,East Charlieshire,621.549.8184 x6815,47
2681,Clifford Goyette,Thomas90@example.net,North Margarettaview,(415) 803-9457,49
2682,Ben Zemlak-Lemke,Trystan44@example.net,San Jose,388.651.7645 x829,38
2683,Olga Casper,Jimmy.Larson88@example.org,West Douglasbury,(779) 846-8823,49
2684,Jermaine Bartoletti,Kiana12@example.com,Clementfield,(993) 535-3922,29
2685,Camylle Reynolds,Alison54@example.net,New Sylvester,854-871-1334,24
2686,Verdie Crist,Iliana_Hammes@example.org,West Taryn,(611) 861-8584,65
2687,Jamaal Quigley,Lila.Christiansen@example.com,Bryantport,(545) 448-6664 x7669,29
2688,Alphonso Mraz,Al.Corwin@example.com,Bellingham,420-669-1318,57
2689,Frederick Mosciski,Mitchell.Baumbach49@example.org,Port Salvador,(351) 836-5900,60
2690,Rhoda Casper,Sonia.Sawayn@example.com,Sunnyvale,(449) 324-9460 x7905,31
2691,Miss Margret Lubowitz,Russell48@example.com,Alessiabury,534-294-8302,38
2692,Natalie Steuber-Price DVM,Ed_Jenkins51@example.net,Beckerland,(240) 846-4138 x98011,18
2693,Kathryn Murphy,Naomi26@example.com,Kiaratown,389-679-6673 x1719,49
2694,Mr. Lauriane Champlin,Clarabelle.Harber@example.net,Adambury,724.230.2255 x147,40
2695,Dejah Schaefer,Alyson7@example.net,Elviestead,204.540.6781 x127,43
2696,Ramon Steuber,Malcolm48@example.net,Walkerstead,733-267-1856,37
2697,Irvin Aufderhar-Wiza,Claude58@example.org,Frederick,533-690-7932,33
2698,Mrs. Axel Schaden,Dejon_Batz@example.com,Biloxi,378.561.1929 x7878,29
2699,Mr. Joey Runolfsdottir,Haley76@example.org,South Darnell,1-490-642-6364 x81347,55
2700,Mrs. Kristen Grant,Elizabeth.Toy0@example.com,Volkmanland,1-988-412-1016 x989,53
2701,Dr. Oleta McLaughlin,Mathew.McKenzie@example.com,Blue Springs,1-292-990-9656 x4819,24
2702,David Heidenreich DDS,Cornell93@example.org,Nickfield,997-435-1060 x5001,48
2703,Wilfred Collins,Orland.Veum@example.com,Lake Nathanielville,892-467-0934,43
2704,Edmund Schultz,Odie.Kassulke@example.net,Claircester,1-904-753-8878,28
2705,Toni Smith,Aaron26@example.com,Monroebury,821-608-8924,60
2706,Dr. Bertha Rodriguez,Barry54@example.org,Patsyburgh,1-999-890-6035 x432,62
2707,Bridie Hyatt,Kristin12@example.org,North Gingermouth,384-858-2580 x31021,22
2708,Terrance Wolff,Willy38@example.com,Judgechester,407.821.5405 x9951,42
2709,Terrence Walker,Toy_Breitenberg@example.com,Christinefort,667-328-1100,18
2710,Dr. Era Cummerata,Maximillia45@example.org,Turcotteboro,(297) 968-9365 x33415,32
2711,Riley Runolfsdottir DVM,Jacquelyn_Koepp@example.com,Rooseveltview,1-739-600-9519 x75536,36
2712,Linda Harber-Rodriguez,Eduardo.Corkery@example.org,Tallahassee,291.895.6113 x041,46
2713,Dr. Karla Kiehn,Godfrey.Blanda@example.org,Keyshawnport,1-440-816-8301,41
2714,Arne Mann,Simon_West@example.org,Darefurt,515.784.0402 x248,53
2715,Friedrich Cronin,Litzy.Hudson@example.org,Mittieberg,(299) 542-8549 x6162,38
2716,Keshaun Goyette,Clay_Cole@example.net,Hazelport,(468) 634-6467,62
2717,Avery Wiegand,Scarlett.Vandervort@example.com,Port Lennabury,(764) 445-7583 x16641,55
2718,Flavio Steuber,Bella.Schneider87@example.org,Torreycester,385.683.4141 x92420,34
2719,Reese Botsford,Jack.Bernhard@example.org,Grapevine,787.577.5473 x66745,61
2720,Bessie Collier,Angelo.Schmeler67@example.org,Pensacola,1-606-735-7822 x834,50
2721,Edison Senger,Allan84@example.net,East Percyton,1-986-509-9707 x6729,29
2722,Ann Pagac,Einar_Swift77@example.com,North Luzfort,1-328-329-3952,18
2723,Ransom Kuhlman,Milan.Volkman@example.com,Fort Elaine,755-966-7650 x16189,52
2724,Fabiola Herman,Britney_Marvin31@example.net,East Kareem,774-425-8059,63
2725,Susie McDermott,Makayla44@example.com,Baton Rouge,206-920-4862 x939,51
2726,Ronaldo Kovacek,Era53@example.com,Cerritos,1-599-396-3524,61
2727,Emmanuelle Crooks,Wilford.Watsica69@example.org,Lake Tracey,1-564-619-0877 x864,61
2728,Henrietta Hyatt,Jamey_Funk@example.com,Centreville,757-464-1547 x30954,43
2729,Domenick Reinger,Madyson66@example.net,New Tonycester,1-825-271-7513 x072,53
2730,Alek Thiel,Darlene_Cartwright@example.org,East Timothy,1-540-674-5799 x571,27
2731,Mr. Stephen Erdman,Gladys.Johns@example.com,Mauriceton,588.622.0858,27
2732,Clifford Luettgen,Yessenia_Skiles56@example.net,South Brendan,(809) 763-8369 x97630,61
2733,Lisa Hoppe,Warren_Abbott-Dickinson@example.org,West Sue,614-386-7453 x4839,28
2734,Miss Debra Dare Jr.,Shelia.Hessel46@example.com,Port Melaniehaven,1-508-346-0575 x871,45
2735,Timmy Robel,Reginald.Kautzer@example.net,Blickchester,891-813-8269 x5237,19
2736,Ben Hagenes,Donald.Nikolaus70@example.com,Bednarport,839.587.1454 x8671,32
2737,Kay Considine,Hettie89@example.net,South Winstonstad,1-795-772-0695 x0171,31
2738,Silas Ullrich,Matthew_Turcotte52@example.net,West Aprilcester,(686) 822-6362 x13787,65
2739,Rory Nienow,Rollin.Schneider@example.org,Schaeferview,958-430-5751 x142,41
2740,Evelyn Dickens,Aracely_White@example.net,Serenaview,200-846-6431,56
2741,Hope Kerluke,Seth_Ebert91@example.net,Dachton,810-386-7492 x192,58
2742,Jack Strosin,Dwayne_Bayer@example.org,Kulasberg,(601) 477-6095 x8170,26
2743,Salvador Wiza,Andreanne_Crona83@example.org,West Alessandrochester,649.378.4504,33
2744,Ashley White,Barry_Sawayn63@example.org,Rohanfield,366-737-4597 x465,59
2745,Ms. Miranda Barton,Laurel_Mohr61@example.com,West Alexander,374-657-2327 x2607,25
2746,Cornell Gorczany,Julia_Klocko30@example.com,Westminster,1-861-444-1509,49
2747,Mindy Kihn,Stone_Armstrong@example.org,Port Malika,(969) 534-7415,18
2748,Judy Parisian,Grant80@example.com,Westfield,737.411.9424 x1098,54
2749,Riley Hagenes,Jalon40@example.net,Estelleborough,(258) 541-0614,36
2750,Dr. Donald Cartwright,David_Lockman@example.com,East Joshuah,1-489-515-6890 x745,33
2751,Emerson Goodwin,Dorothy11@example.com,West Audieshire,(247) 783-6342,40
2752,Brennan Torphy,Edwin_Wisoky35@example.net,West Francisco,(804) 689-1035 x412,55
2753,Claude Orn,Phil11@example.net,Lakinmouth,(834) 236-3816,56
2754,Mr. Wilbert Beatty,Elijah_Goyette@example.net,Gilbertocester,1-469-716-3576 x846,56
2755,Edna Conroy,Myrtis.Zboncak@example.org,Stiedemannmouth,1-892-703-1547 x8630,39
2756,Zakary Douglas,Abby_Toy67@example.net,East Elnora,570.456.9704 x87042,32
2757,Eva Mraz,Omar20@example.net,Chino,880-377-0965 x59974,58
2758,Elva Luettgen Jr.,Betty_McDermott55@example.net,Jaydenville,(971) 680-3688 x872,26
2759,Andres Connelly,Orlando51@example.net,Lilliantown,937.675.2034,61
2760,Theresa Lynch,Kenyatta46@example.net,Port Aniyahchester,(866) 477-2480 x0996,65
2761,Rickey Funk,Peggy.Kilback28@example.com,Sawayn-Sanfordstad,995.785.4905 x125,42
2762,Katelyn Zboncak,Santino67@example.org,North Terrancestad,366-366-6627 x85850,31
2763,Hallie Abernathy,Faith_Cartwright32@example.org,Lake Darryl,805-875-5123,59
2764,Naomi Schulist III,Corrine50@example.net,Jastberg,1-689-773-8982,22
2765,Lourdes McDermott Jr.,Danny.Pfeffer@example.net,Medford,288.927.8494 x744,29
2766,Madge Morissette,Jacky_Beier-Runolfsdottir32@example.net,Lake Keira,1-801-601-2620 x09197,59
2767,Ms. Delores Cronin,Velma_Schimmel70@example.org,New Marcel,233.313.3978 x730,29
2768,Leigh Cassin,Katharina.Kerluke60@example.net,Torphyborough,436-691-6150,36
2769,Ozella Toy,Sabrina_Smitham19@example.org,Fort Davon,734-930-2396 x019,47
2770,Raymond Flatley,Fausto_Feeney33@example.org,South Lonny,867-971-0718 x8036,35
2771,Lionel MacGyver,Katherine_Jerde-Hilpert95@example.net,Hackettstad,324-904-3883,56
2772,Minnie Ernser,Jasper85@example.net,Palatine,1-507-606-9742,59
2773,Mr. Gene Roob,Daniel.Tillman79@example.com,Port Hanna,379-457-7462 x677,27
2774,Francesco Metz,Jacquelyn_OKeefe82@example.org,San Rafael,1-355-954-2161 x300,35
2775,Amanda Pacocha,Halle.Stanton-Simonis7@example.com,Arnoldoport,(254) 575-4838 x793,30
2776,Allene Hahn,Otho98@example.com,Apex,385-671-4848 x403,26
2777,Mrs. Kyra Watsica,Marshall_Powlowski86@example.com,Lawton,831-691-9595 x81197,51
2778,Lance Abshire,Louisa.Senger49@example.net,Port Hughtown,1-399-832-6422 x1974,44
2779,Norberto Stoltenberg,Larue98@example.org,North Betsy,878.286.6764 x395,32
2780,Marta Towne,Kaelyn97@example.net,Jesstown,(399) 365-0956 x522,19
2781,Raquel Pfeffer,Mildred.Kshlerin@example.net,Fort Jasperton,1-542-419-5777,40
2782,Titus Corwin,Frances63@example.com,Connellyfurt,1-390-309-5594 x0407,61
2783,James Schmeler,Dariana_Ernser@example.com,Osinskifort,(627) 733-4287,42
2784,Irvin Metz,Kenny.Shanahan@example.com,Oxnard,(547) 228-0282,55
2785,Myrl Wolf,Matt34@example.org,Fort Curtis,341.625.9108 x5025,30
2786,Nakia Kuhlman,Antonette_Treutel43@example.net,Fort Worth,(801) 687-1224,51
2787,Elias Stanton,Fatima_Shields-Gleichner@example.org,South Candelario,(971) 686-7435 x68118,26
2788,Madeline Streich,Palma98@example.com,Kundeboro,998-659-1752,37
2789,Jerrold Bins,Lou37@example.com,Miami Beach,422-685-0267 x0170,52
2790,Jennings Abshire,Cindy_Hartmann69@example.org,East Vivien,1-742-260-1435 x93430,57
2791,Haven Reilly,Serena.Mayer@example.com,New Myron,590.654.3371 x11055,30
2792,Maria Bechtelar,Trycia.Jakubowski@example.net,Lake Burdettestead,487-860-2800,51
2793,Cleta Morar-O'Conner,Alvena.Strosin69@example.net,Fort Rochelle,389.350.6620,45
2794,Ira Gorczany,Ova83@example.com,New Jerome,321-325-8048 x3088,33
2795,Loretta Johnston-Kunde,Arch_Bechtelar@example.org,Herzogstead,910-217-0183 x496,64
2796,Cristal Thompson,Lucille61@example.org,Muellerside,559-986-1873 x1335,46
2797,Desmond Hahn II,Ervin75@example.com,Lake Shanelle,1-448-502-5376 x0807,64
2798,Jed Schmidt,Camille.Okuneva78@example.com,Naperville,(648) 595-5654,58
2799,Blanche Schmitt,Abe92@example.org,North Merlecester,364-779-9922 x80254,59
2800,Kristina Willms,Randy.Muller@example.com,Jacobsburgh,988-911-4264 x9719,44
2801,Edd Wehner,Khalid_Kohler@example.com,Fort Desireeworth,1-530-414-6734,40
2802,Bobby Powlowski,Shari98@example.org,New Devanberg,388-693-3349 x674,63
2803,Patrick Padberg,Madison8@example.net,Lake Matt,394-367-0783 x092,42
2804,Anthony Schmidt II,Brice.Ullrich63@example.net,Altonberg,563-790-1547,25
2805,Rene Thompson,Hershel.Abernathy72@example.net,Folsom,(653) 656-3453 x1608,43
2806,Jennifer Wyman,Jared.Abernathy@example.org,Sawayn-Hoegerport,479-955-1027,20
2807,Abel Champlin Sr.,Dorothy32@example.org,Tylerview,741.783.9522 x8808,21
2808,Alexys Bogisich,Ivy_OKeefe@example.org,Rebekashire,1-715-723-4264,29
2809,Suzanne Ullrich,Mazie.Jacobi@example.org,Port Theo,1-701-325-3269,23
2810,Stacey Dietrich,Ramon.Beatty53@example.com,North Corneliusberg,(714) 342-4916 x12657,40
2811,Hulda Mertz,Alfredo94@example.org,South Christine,699-280-9013 x64273,41
2812,Ervin Bartoletti,Gordon_Reynolds@example.org,Janachester,(736) 822-2806 x477,64
2813,Jannie Abernathy Sr.,Ian_Schinner-Grady16@example.net,Magnusfort,1-366-379-7600 x227,56
2814,Marquis Daugherty,Jaida_Schultz@example.org,Carrollchester,278-884-5825,55
2815,Mr. Darin Wehner,Kari_Bechtelar43@example.org,Lake Lailaland,1-442-447-4964,50
2816,Myrl Green,Immanuel_Marks1@example.net,East Lucille,(232) 920-0253,60
2817,Bryan Ward,Bella52@example.net,Norwalk,1-219-379-4106 x49244,64
2818,Jeffrey Gleason,Maci70@example.net,Weston,613.666.0131 x2335,59
2819,Elbert Green-Marks,Macie_Beatty@example.org,North Joshua,698.980.0985,33
2820,Torey Mitchell,Kaela.Collier@example.org,South Bethany,947-661-3278 x07562,18
2821,Audie Mertz,Ardella_Rodriguez@example.com,East Laurianne,1-489-674-0081 x7646,29
2822,Luna Wintheiser,Antonetta35@example.com,Chapel Hill,1-896-895-8344 x56277,31
2823,Janelle Bauch,Charlotte_Yost43@example.org,East Merlfield,330-664-6367 x6065,60
2824,Matthew Macejkovic,Edith_Morar@example.com,Koryboro,672-905-8234 x585,63
2825,Gerald McLaughlin,Fredy.Abbott43@example.com,Hirthefurt,1-919-834-3707,61
2826,Citlalli Jakubowski Sr.,Urban_Williamson@example.net,East Gaston,584-270-5953,41
2827,Duane Renner,Adrienne69@example.com,Fayetteville,600.378.2806 x813,39
2828,Stephen Little,Lori_Sipes78@example.net,Oliviaview,(539) 992-7847 x09892,50
2829,Ms. Rosemarie Koepp,Anjali_Watsica-Schuster@example.com,South Gustavo,912-789-5910 x7093,56
2830,Arely Predovic III,Janet_Luettgen50@example.net,West Miloview,785.433.8106 x83686,21
2831,Mr. Bradley Klocko,George9@example.net,East Annetta,471-781-6614,39
2832,Callie Miller,Jay.Corkery61@example.com,Edwardberg,1-216-487-7990 x65708,34
2833,Clyde Lowe,Rudy_Kemmer@example.com,Julienport,1-665-858-5827 x889,33
2834,Mr. Joe Gulgowski,Brendan.Marks86@example.net,North Alexannestead,1-386-550-9867,41
2835,Rodrigo Kautzer,Magdalena75@example.org,Fort Haileebury,261.903.7190,50
2836,Jayme Block,Jack52@example.org,Lupeview,(240) 397-3463,43
2837,Bailey Ratke,Verla.Emmerich21@example.org,East Grover,423.261.8154 x262,46
2838,Molly Kunde,Efrain.Schowalter44@example.org,Fort Dixieberg,901.777.8554 x679,26
2839,Bethel Zieme,Francis_Graham@example.net,East Josephineshire,587-478-1397,37
2840,Sheridan Anderson,Carl_Jenkins@example.com,West Preston,1-981-238-2225 x74100,53
2841,Emma Kessler,Leora58@example.com,Santee,(699) 966-8203,29
2842,Jeanne Runolfsdottir Jr.,Fidel70@example.org,Daisyborough,(969) 590-0371,60
2843,Nancy Schuppe,Ruthe23@example.com,Hammond,(451) 463-5948,23
2844,Ruben Miller,Jake_Muller57@example.org,Davionland,1-417-443-7947 x013,53
2845,Stacy Anderson,Rylee_Skiles-Jacobson8@example.org,Cummerataboro,815-921-0411 x333,59
2846,Audrey Rohan,Danyka.Abernathy-Hermann13@example.org,Cedricside,314.257.9635 x44944,39
2847,Mildred Rogahn-Ritchie,Annette.Homenick@example.com,West Brendenworth,983-607-5295 x596,42
2848,Ms. Marina Grant,Carl_Heidenreich@example.com,Waldorf,1-377-881-5966 x412,28
2849,Kara Langosh-Heller,Margarette44@example.net,West Wendyfield,(833) 976-7092 x7332,42
2850,Charity Wisoky,Weldon_Crooks39@example.com,Drewboro,(974) 284-7338 x358,59
2851,Misael Jacobson,Loretta.Bechtelar@example.org,Estherfort,276-601-4180,34
2852,Kayla Torp Sr.,Antoinette.Gutmann34@example.net,South Earnestineville,286-286-4907 x9829,59
2853,Shayna Kertzmann,Thelma.Bartell@example.net,Parisianfield,(799) 387-3174 x2520,56
2854,Cristina Grimes,Donnell73@example.net,Pfannerstillchester,451-876-6214 x8644,51
2855,Brendan Olson MD,Myah_Gutmann@example.net,Edmondstead,1-449-743-2645,42
2856,Ms. Christie Schaefer,Edgar_Huel24@example.com,West Jabari,634-538-8622 x7313,26
2857,Marilyn Johns,Javier30@example.com,Lake Billyberg,559.470.6066,38
2858,Jacey Little-Schaden,Federico.Lockman24@example.com,New Maxine,382.641.8664,33
2859,Gerard Hintz,Aylin_Rowe@example.net,New Manuel,1-747-732-2220,19
2860,Lafayette Koch,Neil54@example.org,East Vicenta,309.928.5728 x454,37
2861,Mr. Moses Pacocha,Robyn30@example.org,Pleasanton,(228) 832-0131,54
2862,Lonnie Hickle,Rowan86@example.org,Midwest City,598-904-4734 x791,63
2863,Rhiannon Stiedemann,Edith_Fadel24@example.net,Trompview,722-203-3263 x194,33
2864,Dr. Jalyn Fadel,Ann80@example.com,Henderson,811.542.6466 x0944,30
2865,Cletus Robel,Oliver_Metz58@example.net,Carlosbury,(421) 592-9921 x774,35
2866,Kaley Kohler,Hattie_Leannon42@example.net,Bertbury,(213) 796-1747 x8703,29
2867,Eulalia Hyatt,Darrin_Hand@example.org,Katlynnton,609-685-9191,22
2868,Terence Roberts,Jewel_Nikolaus@example.org,West Karenstad,270-843-7673 x4199,54
2869,Kimberly Von,Lisa.Casper74@example.net,Burlington,(456) 440-4293 x476,40
2870,Montana Rippin Sr.,Kyle40@example.org,Trudieburgh,854-851-9601,42
2871,Miss Tricia Bartoletti-Rutherford,Dwayne12@example.com,Wildermanbury,(903) 546-4258 x321,46
2872,Sedrick Lebsack,Cyrus.Champlin15@example.org,West Keatonchester,705.638.3881 x43672,63
2873,Mr. Wilbert Morar Jr.,Vada_Heathcote@example.org,Morissetteboro,489-651-5632 x184,29
2874,Loren Orn,Laron.Dare2@example.org,Sierraland,375.938.7038 x16484,18
2875,Mr. Ramiro Hamill,Randal31@example.net,New Richardberg,1-650-710-7406 x7123,35
2876,Elsie Daugherty,Fletcher58@example.org,North Elmoboro,813-537-5955 x351,43
2877,Mr. Eduardo Veum DVM,Roger_Wuckert63@example.net,Bedford,403.534.7747 x9647,35
2878,Mr. Justin Hoppe,John.Kulas57@example.net,Hermannshire,1-685-369-2009 x45699,60
2879,Mrs. Lena Waters,Faye.Hermiston@example.com,West Erikaburgh,857.750.5311 x671,18
2880,Jerome Parker-Shields,Kaleigh92@example.com,East Orange,848.284.8932 x608,37
2881,Payton Blanda,Elvira.Anderson@example.org,Port Oraborough,649-287-9221 x2462,28
2882,Toney Williamson,Eileen48@example.org,New Marilyn,1-446-381-2037 x21485,29
2883,Vera Mraz,Emil97@example.net,Yvonneside,592.603.2828 x640,47
2884,Ismael Hartmann,Leah.Paucek@example.org,Mobile,385-797-8373 x80008,58
2885,Gaetano Volkman,Elwin.Braun@example.org,Spokane Valley,397.344.0632 x259,31
2886,Madison Hermann,Elaine55@example.com,South Tia,(400) 710-4745,60
2887,Gustave Breitenberg,Keyshawn5@example.com,Glenview,263-647-0781 x18280,45
2888,Myra Jerde PhD,Aurelie_Paucek56@example.net,Port Rosannacester,1-485-942-7018 x38478,60
2889,Maria Crona,Gladys.Lynch@example.org,Port Veronica,243.550.9189 x34294,40
2890,Annie Ernser,Berenice_Armstrong37@example.com,Carrollton,581.907.1696 x54174,54
2891,Bernadette Watsica V,Marshall_Hoeger20@example.net,Bransonport,(545) 753-2044 x7950,47
2892,Ashley Flatley,Issac_Rogahn@example.org,Lake Owen,(390) 566-5351 x294,52
2893,Mr. Nova Ritchie MD,Amy_Roberts93@example.com,East Edaboro,511.943.4756 x675,36
2894,Mercedes Morar,Etha54@example.com,South Caleburgh,972.412.6648 x89940,55
2895,Emanuel Pfannerstill II,Hector_Spinka@example.net,Kannapolis,(894) 673-6742 x5768,65
2896,Syble Hoppe,Claude.Botsford64@example.net,Jasonburgh,749-671-1829 x8842,35
2897,Hassie Veum,Teri.Aufderhar43@example.com,West Lew,625-248-2403 x080,49
2898,Burdette McClure-Carter,Steve_Koss@example.org,East Jasmine,689-945-8648 x60279,34
2899,Alessandro Heller,Nayeli.Mosciski68@example.net,Jerde-Marquardtfort,1-872-876-3268 x728,36
2900,Maida Auer-Skiles,Shaun.Ferry46@example.net,Lake Allenstead,(269) 438-8775 x7242,42
2901,Sandy White,Declan.Wolff@example.net,Zemlak-Wittingstad,756.714.1680 x93100,50
2902,Michaela Bechtelar,Alexandra_Pfeffer12@example.org,Kristinefurt,695.764.4437 x246,29
2903,Avery Reynolds,Kody50@example.net,Brakusfort,(903) 428-4885 x712,49
2904,Erma Hermann,Dagmar.McDermott68@example.org,Fort Lilly,1-460-799-4263 x1494,63
2905,Ms. Roxanne Blanda,Mae_Casper19@example.net,Lake Penny,(369) 584-5851 x525,33
2906,Serena Hackett,Sterling44@example.org,Pittsfield,599.472.9474 x2014,41
2907,Jeff Hettinger PhD,Arnold_Haley0@example.com,Coconut Creek,1-749-655-3811 x146,55
2908,Alfredo Howe,Elta.Aufderhar8@example.com,Thelmafort,377.984.6815 x90604,25
2909,Floyd Greenfelder,Aaron_Barrows45@example.org,Pearlstad,(909) 689-1895 x47998,28
2910,John Morar,Gretchen.Kunde@example.net,North Crystelshire,(538) 528-4713,21
2911,Earnest Gusikowski I,Brad59@example.org,New Estherboro,990.891.5859 x3200,57
2912,Angelita Kirlin-Leannon,Louis.Halvorson@example.net,West Lelahmouth,1-424-464-4439 x2106,23
2913,Bryan Carter,Billie79@example.net,Detroit,287.429.3014 x13666,41
2914,Candace Anderson,Madge.Kris52@example.net,Port Chad,579-747-6290 x6860,35
2915,Gerard Lang,Amara88@example.org,East Cassandra,(400) 785-9402 x680,35
2916,Mr. Alan Batz,Isabell.Pagac@example.net,Port Lucie,(768) 208-3902,50
2917,Elizabeth Gorczany Sr.,Jarrell.Swaniawski93@example.com,Palm Bay,(548) 601-3005 x16809,56
2918,Jake Cronin,Craig_Zieme90@example.org,St. George,510.381.9358 x4198,18
2919,Irwin Mann-Beatty,Graciela_Parker-Turner@example.com,Mustafatown,1-437-504-0207 x9429,61
2920,Shirley Raynor,Kendra38@example.com,Lake Wymanworth,990-862-2130,51
2921,Allen Gleason V,Everett_Waters-Stamm@example.org,West Victoriabury,(613) 706-0479 x7318,54
2922,Rosella Rogahn,Alessia81@example.org,New Coraville,1-825-631-1812 x755,59
2923,Fredy Kilback,Evangeline_Feil14@example.com,Darestad,366.521.3067 x575,42
2924,Peggie Ziemann,Miranda.Hoeger6@example.org,New Wendellland,(835) 920-3932 x027,44
2925,Miss Wyman Kilback,Brannon.Veum@example.com,South Joseph,1-388-488-0524 x7704,56
2926,Blair Nolan,Era_Weissnat41@example.net,West Lafayette,1-581-673-1541 x1537,52
2927,Eloy Bashirian PhD,Maureen_Krajcik@example.com,North Jeffview,1-851-740-7064 x80011,41
2928,Adrian Gottlieb,Angela43@example.com,Fort Hermanton,1-202-305-5707 x036,56
2929,Kade O'Conner,Justina.Kuhn@example.com,West Ernieboro,753.301.8698 x491,52
2930,Ms. Yolanda Ritchie,Anastasia65@example.com,Goyettehaven,213.440.4287 x72591,26
2931,Johnny McGlynn,Vivian.Kohler76@example.com,Websterstad,386.741.1178 x82667,18
2932,Orville Roob-Hyatt,Rae.Schoen81@example.org,Faustohaven,1-896-588-7240 x4007,28
2933,Zakary Gibson,Jonathan54@example.com,Lake Ben,1-717-985-6313 x4933,29
2934,Sandy Prohaska,Bob26@example.com,Lake Lisa,307-854-3288 x58350,33
2935,Nina Strosin,Steve60@example.net,Katlynshire,(969) 489-6062 x09279,58
2936,Sherman Gerhold-Kshlerin,Kattie29@example.com,Kesslerstad,466-264-6175 x371,54
2937,Miss Charlotte Lueilwitz,Kacie3@example.org,Starkville,973.796.9092 x341,42
2938,Cortez Kshlerin,Shane.Lowe63@example.org,East Lavonview,1-517-761-5461,31
2939,Wendy Rohan-Cole,Armand16@example.net,Ogden,1-953-501-9001 x833,46
2940,Alden Armstrong,Creola_Emmerich@example.org,Yundtview,1-631-731-6448 x79656,39
2941,Mrs. Pamela Quitzon-Bashirian III,Melinda_Volkman@example.org,West Lilliefield,1-282-615-8745 x99613,63
2942,Tom Williamson,Doyle_Considine@example.net,Christiansenbury,638-702-5514,33
2943,Zula Wunsch III,Carole_Gleichner85@example.com,Lake Jacqueline,1-581-567-1496 x626,45
2944,Mrs. Kristy Conroy PhD,Rudy33@example.com,Lake Reuben,1-344-643-0251 x38120,39
2945,Priscilla Schuster,Bernard.Fadel94@example.net,South Hellen,738.304.2272 x47901,57
2946,Becky Parisian,Jaylin12@example.com,Lake Caroleberg,861.332.1463 x010,44
2947,Ulices Conroy,Clovis_Yost@example.net,Coleburgh,242.441.5896,44
2948,Amelia Lynch,Archie_McGlynn70@example.org,Pamhaven,1-477-531-0689,35
2949,Libby Senger,Khalil_Russel74@example.com,Emeryside,1-856-517-4588 x03847,45
2950,Eddie Aufderhar,Janice.Towne15@example.org,Laylaview,843-278-1011 x8229,44
2951,Eric Smitham,Shayne_Tillman99@example.org,Markscester,1-641-852-3020,39
2952,Ottilie Ullrich,Patrick.Conn90@example.com,Cartwrightfort,447-363-9675,39
2953,Germaine Mosciski,Rogelio_Crist11@example.org,Port Miltonbury,1-438-425-4784,38
2954,Bradford Grant,Karla.Nitzsche27@example.com,Port Kristofferboro,290.429.9746 x72793,60
2955,Annette McCullough,Brenda20@example.net,Euless,1-282-563-7879 x37314,18
2956,Hallie Heller,Hazel83@example.org,Port Aubreefield,(672) 430-7341 x9862,45
2957,Cedric Krajcik,Kavon_Ledner0@example.org,Sandy,804-685-7818 x7271,22
2958,Kennedi Adams,Jaden_Welch38@example.org,Feilfurt,1-351-458-8576 x65550,50
2959,Cecilia Leuschke,Paulette23@example.org,Reichelcester,435-545-6540 x6765,33
2960,Hugo Kunze PhD,Lindsay_OKon@example.org,Fort Nettie,1-629-514-2062 x854,55
2961,Sid Pfannerstill,Dulce.Turcotte@example.org,Flatleyfield,1-296-462-9247 x149,36
2962,Lisa Lakin-Schuppe II,Devin.Jenkins47@example.net,Gary,(309) 919-6765 x058,24
2963,Wilfrid Littel,Clovis34@example.org,New Kennedi,1-389-443-3582 x3331,52
2964,Mildred Monahan,Harold_Kirlin4@example.com,Bartolettihaven,914-875-2483 x22803,47
2965,Ms. Rose Lehner,Lauren_Zulauf59@example.org,Mitchelltown,686-569-0299 x966,51
2966,Keenan Rempel DDS,Nathaniel_Keebler@example.net,Des Moines,974-318-4177,65
2967,Aylin Treutel,Harmon15@example.org,Carlosfort,1-323-735-6313 x067,38
2968,Clarence Sawayn,Andrea8@example.com,Bozeman,446-692-9048 x85393,53
2969,Dixie Oberbrunner,Clare.Kuhn3@example.net,New Mae,684.404.0395,22
2970,Soledad Tremblay,Nico16@example.org,West Shemar,903.913.0983 x941,43
2971,Tia Blanda,Justin_Schoen73@example.org,Arjunbury,(915) 884-6748 x89687,34
2972,Laurence Greenfelder,Lamar.Lowe@example.org,South Lucasbury,539-590-8595,59
2973,Roland Maggio,Bridget23@example.org,Funkville,274.203.7066,21
2974,Axel Kub,Beatrice40@example.com,New Jalyn,905.977.7031,22
2975,Gary Cummings,Sue.Watsica77@example.net,South Brandy,1-818-880-9344,30
2976,Lue Deckow,Stephan_Nader@example.net,Miami Beach,980-780-0369 x92522,44
2977,Wendy Boyle,Brennan.Abbott@example.com,Berniershire,1-864-300-0717,37
2978,Percy Deckow,Susan_Schmeler-Hamill25@example.com,Russel-McGlynnburgh,774-411-8788 x9233,41
2979,Rodolfo Bashirian,Tierra.Ruecker@example.org,Port Madelineshire,(316) 443-6763,53
2980,Gavin Dach,Leda11@example.com,Peoria,1-434-536-7300 x9966,65
2981,Jovan Crooks,Megan.Swift@example.net,Fort Shea,1-590-577-1911 x32044,51
2982,Parker Jacobson,Bryant39@example.net,Kundemouth,1-903-369-8135 x7028,49
2983,Napoleon Denesik PhD,Alverta72@example.com,Thompsonchester,(881) 729-8834 x796,30
2984,Junius Connelly,Dee_Bergnaum@example.com,Adalbertoville,1-920-786-4926,46
2985,Kelsi Aufderhar Sr.,Cecile_Leffler@example.org,Roobborough,(757) 580-2097,61
2986,Mr. Bradford Fisher,Donnie.Fisher-Douglas23@example.com,Rauworth,950.506.1609 x906,34
2987,Brady Krajcik,Norma_McKenzie@example.net,Fort Ninaville,(600) 791-8835,35
2988,Nestor Langosh,Herman_OReilly@example.com,Fort Jimmy,1-428-221-5598 x412,22
2989,Mr. Scotty Koepp,Joe30@example.net,Fort Mina,230.782.4272 x11451,56
2990,Edyth Russel,Krystal.Lubowitz48@example.org,Boyleland,1-888-565-0283 x604,31
2991,Jarvis Kuhlman,Rosemarie.Harris@example.org,West Kacieside,1-478-266-6020,38
2992,Godfrey Huels Jr.,Julian20@example.org,East Roderick,1-257-873-8173,35
2993,Salma Emard,Antonio_Kreiger25@example.com,MacGyverton,(931) 771-4188 x50323,22
2994,Johnathan Prohaska,Mallie.Stehr63@example.org,Tabithaberg,1-880-508-1838 x11460,46
2995,Nayeli Waters,Toni_Howell43@example.net,Ramirocester,(872) 269-2326 x599,22
2996,Maia Rowe,Wm19@example.org,Blakeport,1-827-493-8178 x491,28
2997,Clair D'Amore,Catherine.Mohr63@example.com,Reichelland,474.960.2222 x22712,21
2998,Faye Stiedemann PhD,Horace.Yundt47@example.org,Franklin,(299) 769-6370 x34320,50
2999,Derek Friesen,Grace.Stehr48@example.com,Lake Francoland,1-264-353-5169 x064,18
3000,Noel Pouros,Edmund_Mante@example.org,Bowie,(355) 736-5365 x79617,25
3001,Jeff Dickinson,Mae98@example.org,Travisborough,681.489.4367 x7403,65
3002,Llewellyn Willms,Madge.Huel@example.com,Minniefort,(930) 866-9660,26
3003,Gwendolyn Mills,Vivianne.Bashirian@example.net,North Ariannacester,711.969.4587 x751,37
3004,Candice Spinka,Alejandro.Beatty63@example.net,Fort Keshawn,781.856.0417 x6251,18
3005,Verna Goyette,Julia_Windler48@example.com,Orlobury,887-400-7222,45
3006,Hermann Kuphal,Tracey.Tremblay@example.org,Port Tarynbury,(797) 841-0200 x20784,19
3007,Delaney Franey,Chaz_Considine80@example.com,Ezequielshire,1-649-467-8349 x188,55
3008,Janet Conroy,Stanford15@example.com,East Eloise,1-874-440-7639 x9153,63
3009,Al Cruickshank Jr.,Brandy.Hermann@example.org,Elsiehaven,512-362-3447,40
3010,Lana Ward,Barbara.Berge@example.org,Gerlachton,685-242-1706,21
3011,Roberta Parker-Streich,Clinton_Moen90@example.org,Smyrna,256-292-9182 x3526,26
3012,Nathanael Johnston,Carol21@example.com,Danielport,928-885-0462 x4307,25
3013,Juwan Kreiger,Bobbie_Larkin@example.com,Oklahoma City,(953) 588-4818 x589,54
3014,Mrs. Patti Osinski-O'Keefe,Alfonzo_Tremblay72@example.com,Lake Kaseycester,(232) 750-5583 x2055,53
3015,Barbara Marks,Janet_Wiza@example.net,Wilsonstad,636.928.6000 x495,64
3016,Bobbie Ward,Ruthe_Collins@example.org,San Diego,662-417-9908 x167,18
3017,Sara Terry-Wehner III,Shelley_Glover@example.org,New Stevie,701-781-4481 x02262,61
3018,Ms. Cristina Conn,Lucy.Buckridge17@example.org,Kendallfort,631-483-6076 x9357,53
3019,Kathlyn Becker Sr.,Mildred48@example.com,Lake Gilbertocester,344.704.1757,22
3020,Dennis Macejkovic,Daphnee_Gleichner@example.com,Missourifort,(496) 375-2109 x2787,51
3021,Keagan Moore,Gene_Will@example.net,Zackerycester,536.302.6632,58
3022,Joe Ward,Clayton.Flatley99@example.com,Lake Salvatore,661.483.6797 x77712,32
3023,May Abernathy,Bertha82@example.org,South Talonstead,(888) 617-7230 x9301,24
3024,Luther Wilkinson,Molly.Hansen@example.com,Fond du Lac,740.831.4089 x436,58
3025,Genoveva Gottlieb,Darius.Koepp@example.com,North Owen,626.822.0130,47
3026,Cassidy Hand II,Estelle84@example.net,North Theo,458.272.1485 x4431,37
3027,Armando Nienow,Milo.Swaniawski79@example.net,Feilmouth,217-302-5609 x950,21
3028,Citlalli Bode,Colleen.Miller@example.net,Lake Charles,1-473-769-0176 x779,21
3029,Kelton Carter,Cristina_Lueilwitz74@example.net,Chandler,537-763-8241 x358,29
3030,Janick Keebler III,Cody_Yundt@example.org,East Brittanychester,291-980-1649,35
3031,Miss May Satterfield,Gilbert_Auer64@example.com,West Newtonview,455.609.9249 x8729,46
3032,Brittany Rowe-Bayer,Bella_Kunde3@example.com,Gastonia,651.726.3188 x940,22
3033,Mekhi Cronin,Barney92@example.com,Lake Aliyahside,531-297-8055,26
3034,Lisa Gislason,Johnny.McDermott@example.net,Paoloborough,1-933-881-3582,39
3035,Lola Batz,Marilyn.Heaney@example.com,Ullrichbury,1-400-272-6885 x72747,65
3036,Carol Smith,Nettie57@example.net,Port Abe,(983) 803-8660 x6669,52
3037,Tracy McKenzie,Rosario.Stroman58@example.org,Port Adrielhaven,1-542-919-5725 x0427,27
3038,Austin Kiehn-MacGyver,Todd78@example.com,Cartermouth,1-206-852-2632,29
3039,Ralph Lesch,Kaelyn63@example.org,West Christopland,1-506-985-9768,39
3040,Alexandria Shields,Lena73@example.com,Brekkemouth,671.769.2817 x73760,24
3041,Gerard Volkman,Odell_Balistreri@example.com,Roobton,1-377-327-3177 x860,55
3042,Pete Hansen Sr.,Cordie15@example.org,Norwalk,1-572-753-9411 x067,35
3043,Kristy Collier-Kreiger PhD,Laverne_Senger@example.net,Elwynfurt,(813) 497-7480 x78924,24
3044,Charles Pollich MD,Marta_Ziemann28@example.net,South Lulachester,777.248.0882 x50696,64
3045,Leland Dare,Ana.Denesik@example.com,Lauriefield,781-291-9562 x72480,55
3046,Saul Kutch,Destiney.Funk@example.net,Huntington Park,551-897-0492 x06549,19
3047,Lamar Rempel,Tommy_Denesik73@example.com,Triciaberg,709-944-0067 x5328,36
3048,Brittany Windler,Estrella40@example.org,Darionview,(266) 734-8853 x5321,40
3049,Lois Hoeger,Gordon.Schmeler51@example.org,Donatoville,(571) 496-0756 x697,31
3050,Eino Howe,Dora.Mante@example.com,Fort Reidport,299.492.8139 x146,54
3051,Blair Douglas,Bria_Mertz@example.org,Weston,1-711-870-8567 x5423,41
3052,Ramon Will-Jones Jr.,Willis_Anderson@example.com,Nellieburgh,1-414-237-3705 x1884,37
3053,Sister Rohan,Avery.Beahan@example.org,Lake Kelli,403-686-6445,18
3054,Hazel Hintz,Treva.Pfeffer89@example.net,Elyria,373-267-3324 x80899,29
3055,Tod Jast,Bernice.Kilback75@example.com,South Delpha,1-609-673-6470,20
3056,Matt Bednar Sr.,Cindy92@example.org,West Colleenshire,(784) 248-1584 x581,56
3057,Viola Wintheiser,Leo.Stehr75@example.com,Lake Pablo,831.204.8948,34
3058,Cassandra Tremblay Sr.,Marcelina.Lehner@example.com,New Sherry,710.844.6425,22
3059,Sara Will,Josefa_Monahan@example.org,Lake Vickyton,1-433-236-7775 x99335,40
3060,Conner Hettinger,Valerie_Grant81@example.com,Fort Edgar,763.312.4843,57
3061,Chandler Jacobs,Denise.Maggio20@example.com,Ortizfurt,1-457-759-6148 x2113,60
3062,Princess Wyman,Elena51@example.com,Runteburgh,1-980-430-5418 x73520,54
3063,Ms. Lula White,Lisa_Erdman@example.net,West Randyport,746.547.2025,42
3064,Wade Jaskolski,Margaret87@example.net,Flower Mound,815-302-9002 x5476,36
3065,Gregoria Hilpert,Cary.Crona@example.net,North Noraside,(753) 972-1373,24
3066,Mr. Eulah Funk,Osborne_Kautzer@example.com,Hagenesshire,(580) 404-9255 x055,52
3067,Erica Ratke,Declan_Barton-Smitham@example.net,Durganburgh,(574) 696-7609 x966,22
3068,Vergie Bayer,Michaela.Schultz52@example.net,O'Connellworth,1-564-370-2189,38
3069,Anita Kovacek,Ron_Turner@example.org,West Palm Beach,(895) 943-0395 x58987,62
3070,Arvid Goyette,Raquel.Williamson@example.com,Port Lutherfield,609.941.9520,60
3071,Arturo Friesen,Candace63@example.com,Treutelville,281-821-2650 x0661,29
3072,Lloyd Greenfelder,Colleen55@example.org,Izabellaside,(944) 968-5787,35
3073,Jasmine Kreiger-Leuschke,Lora.Carter@example.com,Beierton,446.396.6299 x054,54
3074,Lou Heidenreich,Ottis.Hane@example.net,Lake Deanna,(884) 412-6471,53
3075,Maybell Hyatt,Lindsey92@example.org,East Brad,364.370.8883,58
3076,Camden Pfannerstill,Geoffrey20@example.org,South Haroldshire,276.530.1135 x398,63
3077,Kasey Sipes,Ricky_Labadie@example.net,Luefort,749.464.9787 x7762,37
3078,Tanner Lakin,Adolfo.White88@example.com,Port Angelicachester,1-415-206-3456 x386,53
3079,Maya Hudson,Brandon.Ullrich52@example.com,Jonesfurt,1-858-650-9358 x6631,40
3080,Andres O'Kon,Reanna28@example.org,Lake Oliver,897-508-6735,49
3081,Chadd Leannon V,Sammy.Boyle@example.net,East Clydeville,1-662-523-9574 x795,25
3082,Terrance Feest,Marilyn_Berge2@example.com,Broken Arrow,(741) 809-5762 x9032,39
3083,Norris Senger,Josefina.Kuhn66@example.net,Ratketon,529-776-3270 x2542,42
3084,Houston Predovic-Ward,Shari55@example.org,Fort Floyd,1-250-558-1467,41
3085,Emilio Huels-Bins,Cindy.Cole@example.com,Adelamouth,724-283-3999 x224,18
3086,Guy Kreiger,Darian_Nienow97@example.org,North Jenastad,1-688-738-3884 x3305,22
3087,Amanda Anderson,Evan.Balistreri93@example.net,East Allen,1-439-797-9377,50
3088,Gloria Rutherford,Arvel3@example.com,Conroe,548.979.6089 x65755,59
3089,Dr. Albertha Gutkowski,Lance.Kautzer@example.net,North Halle,593.602.0032 x9639,48
3090,Julius Padberg-Cruickshank,Kimberly.Jacobi81@example.com,Steuberboro,522-358-9083 x22769,53
3091,Ms. Ryder Schulist,Sabrina_Schaden@example.com,O'Harachester,289.983.2156 x73511,38
3092,Shane Erdman,Myrtle60@example.org,Lake Minnie,916.322.8644 x4261,39
3093,Kathryn Quigley,Leland52@example.org,Doral,(751) 381-8890 x846,52
3094,Alan Rodriguez,Faustino.Kozey79@example.org,East Sophie,396.749.4531 x39688,65
3095,Mr. Clair Hessel,Marlee.Boyle17@example.com,Homenickview,667.773.7002 x0787,36
3096,Cynthia Greenfelder,Laverna1@example.com,New Brennancester,(382) 732-6047 x25551,41
3097,Elyssa Cremin,Helen_Sauer-Hilpert@example.org,South Melvin,1-394-574-0764 x55171,64
3098,Bridget Aufderhar PhD,Shaniya_Powlowski61@example.com,Paulberg,(707) 895-1472 x66739,59
3099,Naomie Bins,Garland95@example.org,Lake Caterina,(689) 472-6080 x5430,65
3100,Benjamin Thompson,Lorraine43@example.org,Ricecester,775-552-9869 x2916,44
3101,Rodolfo Howell,Winfield_Armstrong88@example.com,Thornton,303-327-1656 x44049,49
3102,Rhiannon Anderson V,Jacinto.Johns54@example.net,Fort Gregoriaboro,898.706.1902 x85464,53
3103,Albin Jacobs,Vida_Welch@example.org,North Garth,973-330-5836,56
3104,Dr. Frederick Kerluke IV,Deontae.Turcotte@example.net,Killeen,944.367.1239,26
3105,Jazmyne Pacocha,Ollie77@example.org,Port Nellaworth,438.846.6593 x147,39
3106,Nestor Gusikowski,Cristobal.Von@example.org,Bentonville,668.562.0145,28
3107,Dr. Dalton Stanton,Renee.Waters2@example.net,Simi Valley,1-868-789-8015 x19512,40
3108,Murl Olson,Carol40@example.net,Greenholtstead,555.984.7857 x16547,19
3109,Abigail Beier,Doris.OKon@example.net,New Laurel,678.475.1956 x88595,56
3110,Candice Kutch,Richard13@example.com,East Solonland,1-946-865-3667,57
3111,Lillian Parisian,Clinton61@example.net,Fort Maggiecester,705.510.1617 x10614,61
3112,Mollie Waelchi,Hildegard.Willms@example.net,South Nicole,(918) 900-7258 x962,60
3113,Hettie Grant,Marshall.Lynch@example.org,Goyetteboro,244-416-5068 x1190,47
3114,Armando Schaefer,Felix93@example.net,Tucson,349.716.4747 x2774,53
3115,Unique Barton,Betty_Reynolds19@example.org,East Joy,(820) 789-5061 x19708,22
3116,Mr. Breana Russel DVM,Gail.Kuhic@example.com,South Thelmaworth,1-487-547-9269 x6462,25
3117,Antone Luettgen,Randy.Ryan19@example.net,New Carolyn,475.762.8359,28
3118,Otha Reichel,Marion.Weimann@example.net,Fort Zionstad,978-323-3181 x88884,59
3119,Alyssa Moen MD,Rosalind.Koch78@example.net,Port Korbinburgh,420-213-6688 x688,26
3120,Gerhard Corwin,Clyde98@example.net,Nitzscheton,889-625-4134 x874,55
3121,Destin Donnelly,Heidi_Lowe13@example.net,Tabithafort,1-856-630-9343 x21301,51
3122,Dr. Arnoldo Sauer,Holly_Wisozk@example.net,Fort Vickystad,1-206-801-1680 x1728,24
3123,Jenny Ferry,Crystal_Rowe58@example.net,Port Antonia,314.477.3799,55
3124,Percy Purdy II,Imelda26@example.org,Turlock,527.892.0861 x93571,65
3125,Gail Pagac,Lindsey18@example.net,New Myah,781.913.5862 x53634,62
3126,Leona Schroeder,Howell.Kuhic-Kohler7@example.org,Bethlehem,684.573.2890,33
3127,Teri Rowe,Rosalee_Towne@example.org,Temple,329-267-7291 x310,54
3128,Roselyn Satterfield,Joseph65@example.com,McGlynnborough,1-405-391-9392 x74878,52
3129,Kristofer O'Reilly,Shelly_Greenholt@example.org,Lake Lillianatown,344-243-9227,22
3130,Harriet Sipes-McLaughlin,Alysa_Conroy@example.net,West Amyside,1-619-360-3346 x61331,54
3131,Mr. Clinton Rogahn,Effie_Ward69@example.org,Lake Akeemshire,511-479-4374 x692,37
3132,Markus Harber,Eleanore_VonRueden@example.com,Hackensack,884.593.5991 x25026,40
3133,Kelsi Marks,Tanner.Huels64@example.com,Melbourne,1-539-447-1062,59
3134,Libby Ondricka,Gennaro.Ward@example.com,South Lynetteville,(257) 360-8610 x911,20
3135,Keith Kreiger,Gerald.Wilderman26@example.org,Tinley Park,643-366-9457,42
3136,Mr. Alejandrin Homenick PhD,Raphaelle_Moore25@example.net,New Leviborough,271-888-8141 x09848,30
3137,Rasheed Stark,Francisco_Graham@example.com,The Villages,384-510-4387 x5023,47
3138,Leigh Gottlieb-Trantow DDS,Kristie_Boyer@example.com,Levittown,(692) 538-0494 x2158,37
3139,Theresa O'Conner,Boyd96@example.net,Port St. Lucie,591.214.8989 x1016,63
3140,Evan Hamill IV,Stewart_Reichert7@example.org,Jaidentown,742-246-3782,32
3141,Daniella Welch,Petra_Auer77@example.net,New Joaquin,577-890-7342 x81137,60
3142,Mrs. Eulah Dicki,Barbara_Bailey2@example.net,Hahnland,553-472-7208,43
3143,Ellen Gleichner,Emma59@example.com,Ferneboro,(480) 719-6107 x47944,64
3144,Sheldon Spinka,Cesar_Legros69@example.com,Lynwood,(246) 399-0025 x23545,49
3145,Mr. Reid Upton,Jordan8@example.org,Cormierton,700-760-7303 x3082,30
3146,Edgar Leffler Sr.,Matilda.Marquardt45@example.net,Rochelleberg,(986) 230-5463 x8745,39
3147,Krystal Herman,Tina.Erdman6@example.net,Oak Park,259-853-9347 x73854,21
3148,Peggy Rempel Jr.,Devin59@example.com,Franklinshire,(272) 407-9738 x2544,53
3149,Alexis Wilkinson,Margarita.Fadel45@example.net,Ramonaborough,1-262-790-5180 x5205,34
3150,Mr. Benjamin Volkman-Waters,Luis.Hintz@example.net,Alexanderfurt,349-508-3795 x5534,19
3151,Clint Beier MD,Yessenia.Wilkinson@example.org,New Floyd,227-868-3917 x991,53
3152,Rene Halvorson,Mathew_Shields89@example.com,New Brooketown,550-357-4564,58
3153,Walter Tremblay,Rowland.Cruickshank@example.com,Fort Jared,447.233.9728 x8466,31
3154,Hobart O'Hara,German_Skiles58@example.org,Tiannastad,867-338-7372,45
3155,Zoe Heaney,Isabel_Littel@example.org,South Alanis,1-733-710-4606 x0648,38
3156,Terrence McDermott,Dorthy_Marquardt@example.org,Lake Linneafort,1-888-796-1479,45
3157,Jorge Lakin,Jeffery_Hermiston@example.com,Batzboro,935-387-6137 x79973,26
3158,Mrs. Allison Leannon,Skye23@example.com,Menifee,660.694.9303 x448,24
3159,Gilberto Reichert,Harvey57@example.net,East Orange,(325) 238-7398,24
3160,Meggie Emard-Hintz,Abdiel_Stiedemann@example.org,Sheboygan,521.511.8507 x6231,65
3161,Sonia Nienow,Reid_Nicolas9@example.org,Birmingham,970-871-0331 x5569,30
3162,Juana Dickens,Issac.Murray@example.org,Daytonton,958.654.5309 x2336,28
3163,Augustine Gottlieb DVM,Flora_Marquardt@example.org,North Jessie,1-452-244-6123 x7579,26
3164,Dr. Mack Murazik,Ernesto.Price@example.org,North Gwendolynshire,1-854-782-4471 x48152,40
3165,Estefania Herman,Ova0@example.org,Corkeryport,1-762-327-7584 x2288,25
3166,Reymundo Mante DVM,Bridget_Stamm78@example.net,West Haven,1-565-276-1098 x1572,53
3167,Belinda O'Keefe Sr.,Rosie28@example.net,Port Maynardtown,(211) 729-9626 x946,65
3168,Gaston Hahn DDS,Bell_Doyle-Farrell35@example.com,Lake Cristian,(524) 606-7404 x126,29
3169,Dr. Nyasia Jerde,Annie.Jaskolski@example.com,West Coryside,311-903-3365 x04773,54
3170,Mr. Cameron Funk,Harriet_Dooley12@example.com,Kesslerfield,716-783-6543 x6439,31
3171,Dr. Zachery Grant,Georgia_Kihn43@example.org,Johnsonworth,862.852.5173 x6276,19
3172,Eudora Larson,Phil56@example.net,Jonside,765.743.3801 x956,59
3173,Kaitlin Keeling-Nader,Rachelle_Schinner-Wilkinson65@example.net,North Emmiehaven,1-728-689-1261,56
3174,Pauline West,Alexis8@example.com,Fort Isai,785-869-9575 x75527,50
3175,Dewey Rodriguez MD,Steve48@example.net,West Sacramento,1-781-991-4893 x384,38
3176,Sonya Becker,Roderick63@example.com,Bauchmouth,630.866.7505 x0286,60
3177,Doug McDermott I,Scott.Stark@example.com,Bernhardton,879.238.9246 x415,42
3178,Georgia Lemke,Colin_Schmitt19@example.com,Pensacola,587.444.0533,62
3179,Lela Bednar,Gerard_Beer34@example.org,South Adelaside,804-868-5050 x80760,24
3180,Jenny Koch-Wilkinson,Olivia.Schroeder@example.net,Effiechester,(456) 960-7408 x0596,30
3181,Kathy Kautzer,Elinor_Corkery-Johnson75@example.org,Arecibo,809.567.5008 x474,62
3182,Vicky Goldner,Israel16@example.net,Rolfsonborough,556-804-0896 x2146,63
3183,Reuben Ritchie,Eden.Crist68@example.com,Ziemannton,(736) 972-8786,29
3184,Vivian Bode,Cesar_Connelly48@example.org,Compton,1-983-786-4619 x298,21
3185,Darrion Franecki II,Fern74@example.com,Estellechester,687.255.5433 x35206,30
3186,Josephine Herman,Arlene_Bernhard@example.com,St. Louis Park,(741) 582-0624,25
3187,Vito Torphy,Rubie_Ebert52@example.org,Lake Adamhaven,1-550-548-3765 x483,49
3188,Leatha Senger,Ellsworth_Adams4@example.net,Lake Danny,557-483-6790,37
3189,Salvador Predovic,Jenna.Hamill@example.com,North Tressie,671-940-3169 x3521,29
3190,Cortney Berge,Adelia_Barton33@example.net,Reichertchester,(328) 630-9537 x39188,19
3191,Mabel Larkin,Eunice52@example.org,Hoegerchester,(585) 930-4152 x14420,21
3192,Kaylie Nolan DVM,Connor_Green@example.net,Strackemouth,973.214.9375,32
3193,Nola Frami,Donna.Bartell33@example.com,North Sherrystad,(387) 606-2164 x25011,23
3194,Kellie Jerde,Jaclyn.Morissette@example.org,South Pamelafurt,1-766-763-9974 x6355,23
3195,Wilhelm Cassin,Hubert_Veum@example.com,Kimberlyworth,379.653.3216 x631,30
3196,Rylee Bergstrom,Santos77@example.com,Morganberg,1-889-543-9792 x53506,56
3197,Mr. Elijah Hane,Else_Kertzmann@example.net,Hermanstead,789.929.7084,39
3198,Josh Torp,Glennie53@example.com,West Chris,643.498.7707 x736,50
3199,Brendan Huels,Kay.OConner@example.org,North Traci,(427) 329-5205,54
3200,Shea Emard,Elvira_Schmitt80@example.org,West Sibyl,916.575.6290 x80974,25
3201,Mr. Stanley Schmitt,Magali11@example.org,Judithtown,1-652-802-8739 x38259,56
3202,Lurline Rodriguez,Jayde_Volkman@example.org,North Juanitafield,792.725.8601 x97266,30
3203,Kenneth Brekke,Keon29@example.net,Fort Tylerstad,492-289-0442 x762,65
3204,Mr. Ramon Wisozk,Kurt_Kulas34@example.net,Lake Emmanuelbury,936-512-0515,39
3205,Nova Little,Jeffery52@example.org,South Antonetteside,489.284.0883,21
3206,Lucile Ward,Leone_Yundt@example.org,West Adeliaton,225-228-7094,50
3207,Jonathan Goldner,Llewellyn36@example.net,Waukesha,(939) 331-3854 x6055,33
3208,Mr. Mekhi Deckow,Paige22@example.org,McClurefield,236-344-4905 x720,32
3209,Clint Hoeger,Telly96@example.org,Simonisboro,214-997-0879 x78946,34
3210,Irving Walker,Angeline.Feil@example.org,Port Abdiel,1-302-635-8329 x0675,39
3211,Jude Oberbrunner,Madonna6@example.org,Port Sienna,(651) 609-1324 x927,28
3212,Kobe Feil,Sylvester47@example.org,North Angelica,785.456.8238 x6018,47
3213,Estefania Little,Joe44@example.com,Zechariahchester,443-768-8821 x68359,65
3214,Gordon Lockman DDS,Fabiola.Schamberger83@example.com,Brionnamouth,(475) 663-5595 x45924,36
3215,Terrance Blick,Josefina38@example.net,McClurechester,492.250.7400 x7662,53
3216,Kale Renner,Katelyn35@example.org,East Jarrellview,529-713-5466 x182,28
3217,Skyla Huel,Susanna.Weimann9@example.org,Mesquite,1-631-661-5090 x94647,37
3218,Jovanny Mosciski DVM,Colby0@example.com,Roweboro,704.831.8500,25
3219,Dawn Rosenbaum-White,Hudson37@example.org,South Henriettaside,(869) 366-6034,25
3220,Earl Parisian,Vicenta48@example.net,Naderfort,971-803-7194,42
3221,Jo Howe,Loma_Dooley-Daugherty59@example.com,North Fredrick,996.688.6023 x160,38
3222,Janet Parker,Peggy34@example.com,Port Hankmouth,805-625-6061 x618,65
3223,Pink Walsh,Oscar9@example.com,Jamelmouth,954.967.9290 x12206,54
3224,Claire Kihn-McLaughlin,Sarah.Torp0@example.org,Pleasanton,1-419-359-0724 x2084,31
3225,Gregg Erdman,Jo23@example.org,North Alicia,1-527-788-9297 x7997,56
3226,Amparo Carter,Mario.Herman55@example.net,Hudsonfurt,452-776-3079 x658,50
3227,Jesse Borer,Moses_Dooley@example.com,Naderfort,548.220.6323 x412,25
3228,Guillermo Carter,Mittie.Parker@example.net,Port Gertrudeville,1-331-933-9815 x236,56
3229,Louise Hirthe,Holly.McGlynn@example.com,Normal,1-213-866-4832,38
3230,Clifford Collier,Arnold.Witting61@example.net,North Chazboro,831.449.2778 x46248,37
3231,Connie Quitzon DVM,Philip_Bruen@example.net,Kulasshire,1-839-830-0149 x8611,23
3232,Deborah Zemlak,Neil_Collins88@example.com,Goldnerstad,(898) 470-9838 x6479,24
3233,Doug Rempel,Glen.Sporer81@example.org,Port Eribertotown,1-726-882-4533,40
3234,Mrs. Loretta Glover,Norman.Stroman@example.org,Raynorfort,346-747-4558 x35496,54
3235,Essie Wolf,Irwin_Schimmel@example.net,Vancouver,(333) 226-6325,49
3236,Mrs. Samantha Langworth,Rosa60@example.net,Kunzeberg,502-534-7627 x840,31
3237,Jany Koelpin,Chesley65@example.org,Hollyberg,347-589-3506 x410,32
3238,Dr. Shania Hyatt,Duane.Murazik88@example.org,West Katrineview,(620) 980-9775 x18230,38
3239,Benjamin Price,Natalie.Johnston52@example.net,Centennial,(803) 329-4535,21
3240,Ayden Hudson,Elyssa97@example.com,Greensboro,330.611.6167 x55292,50
3241,Josefina Gerlach,Malcolm_Daugherty21@example.net,East Litzyburgh,(773) 552-7790 x6092,20
3242,Hilda Schneider PhD,Marlee75@example.com,Schroedershire,716-321-9558,56
3243,Ryan Feeney,Rodolfo99@example.org,Sharonstad,(607) 537-1451 x02015,58
3244,Angie Marks,Stewart.Mann68@example.net,Columbia,218.307.2780 x2816,28
3245,Hilbert White,Dianne.Treutel@example.org,New Brendaboro,767-930-7160,49
3246,Dallas Wunsch,Chad_Mante@example.org,Bartonbury,850-301-3105 x3875,56
3247,Sophia Pagac,Mossie.Schinner@example.net,Kerlukeburgh,1-858-215-8836 x902,27
3248,Kristofer Jones,Ciara.OKon30@example.net,Port Gustavo,543-564-0760,28
3249,Eugene Carter,Ross_Klein47@example.net,Rowlett,1-702-921-0213 x1915,40
3250,Kent Heaney,Delia.Dickinson@example.net,Christyside,650.983.1500 x1856,30
3251,Jacquelyn Hodkiewicz III,Ebba.Torp@example.com,Strosincester,(203) 445-1567 x04356,32
3252,Dr. Maggie Hyatt,Orville_Bogisich@example.com,Ziemannbury,208.589.8203 x143,32
3253,Eldred Heaney,Glenn59@example.org,Boise City,785-236-5367,24
3254,Tami Bode-Pfannerstill I,Vada16@example.org,New Cole,(482) 859-8762,44
3255,Jarod Walsh-Krajcik,Leanne30@example.net,North Deja,1-449-512-9038 x6075,51
3256,Lindsey Doyle,Eliezer4@example.com,Eudoraborough,1-203-298-2843,33
3257,Sam O'Connell,Scot_Stamm@example.com,Streich-Farrellburgh,337-945-1509,64
3258,Harmon Zboncak,Kelli_Mante@example.com,Aidaville,(239) 583-0196 x393,19
3259,Shanie Towne,Heaven7@example.org,Pawtucket,1-395-688-8541 x30441,32
3260,Santina Armstrong-Altenwerth,Jeffrey23@example.net,Port Prestoncester,(866) 410-6217 x180,51
3261,Maximillia Block PhD,Roberta87@example.org,Lake Terrence,(619) 203-4620,27
3262,Mr. Ena Effertz,Regan_McLaughlin53@example.org,Apopka,(796) 244-5825,58
3263,Pauline Spencer,Freda38@example.org,North Rodport,1-982-655-5862 x469,31
3264,Ezequiel Anderson,Elisha.Harber0@example.net,West Valerie,507-479-6236 x5973,44
3265,Ashtyn McKenzie,Jarret54@example.com,New Matthew,1-387-446-6525 x42258,47
3266,Gertrude Cummings,Brooke.Muller9@example.com,Adellland,(321) 463-4382 x11414,49
3267,Trent Thompson,Cloyd.Mertz56@example.net,Beierhaven,1-947-888-4680 x4691,27
3268,Wanda Legros,Marcel.Gutmann@example.org,Lolashire,283-802-8946,19
3269,Deangelo Johnston,Chad.Witting11@example.net,Rolfsonside,1-507-574-7497 x8025,26
3270,Lisa Moen,Ardith_VonRueden@example.org,Sanfordville,(764) 245-8732 x004,52
3271,Lena Oberbrunner IV,Odessa.Windler@example.org,Port Everettchester,1-292-881-6900 x7512,34
3272,Luciano Wyman,Lana34@example.net,Severn,927.388.4502,26
3273,Dr. Patrick Gutkowski,Lester43@example.net,Moen-Harrisstad,(891) 766-3800 x98231,32
3274,Donato Ortiz,Tyra.Grant1@example.com,Fort Terrellfield,1-835-389-6693 x766,28
3275,Dr. Cora Thiel,Kathryn.Haag69@example.org,Okunevastad,(805) 465-4788 x6194,18
3276,Mrs. Chaim Franey,Nikki.Abernathy@example.net,South Kellieboro,(539) 295-3097,44
3277,Owen Gulgowski,Michaela_Mosciski49@example.net,Claudestad,601-460-3566 x0031,22
3278,Rusty Quitzon,Rosina.Gottlieb80@example.com,New Stephanieburgh,1-772-791-5870,53
3279,Raul Ziemann,Colleen.Bergnaum@example.net,Monterey Park,689-657-8347 x2979,23
3280,Antonio Schiller,Charlene97@example.org,Kenner,1-292-577-2995 x550,26
3281,Ms. Kiarra Baumbach,Geraldine25@example.net,Abdielchester,(372) 827-1525 x7154,33
3282,Prudence Fritsch,Jerome_Stanton@example.org,North Jordanton,429.263.4465,24
3283,Enoch Boyle,Boyd68@example.org,New Kenya,(703) 535-1072 x5201,25
3284,Dr. Phillip Hermiston,Alaina.Treutel@example.net,Beier-Mohrville,721-669-0914 x58020,52
3285,Clifton Hirthe-Walsh III,Santiago_Dietrich65@example.net,Fridachester,1-491-918-7693 x304,40
3286,Myrtie Bogisich,Matilde.Dibbert38@example.org,Haagworth,730-786-6099,25
3287,Alvera Rogahn,Latoya_Purdy72@example.com,Burnsville,(518) 664-3933 x294,42
3288,Amber Terry,John.Pagac@example.org,Stokesfield,944-676-4534 x411,31
3289,Ms. Mariana Cronin PhD,Piper.Turner24@example.net,West Kielcester,(478) 499-4819 x09336,32
3290,Deborah Williamson,Janie.Waters74@example.org,Chandlerbury,765-809-6110 x8946,62
3291,Victoria Grant-Gerhold,Mary.Ruecker-Lowe12@example.org,Durwardland,450-731-0250 x91683,36
3292,Josephine Thiel-Farrell,Katheryn3@example.com,Jessiestad,1-336-437-6608 x45553,48
3293,Marcia Okuneva,Natasha.Hamill@example.net,Beierville,690.761.8222,33
3294,Byron Lind,Archie26@example.org,New Ellis,712.242.8911 x63768,56
3295,Douglas Huel,Palma_Hermann56@example.org,Port Braedenstead,316-251-1594 x90764,26
3296,Silas Bosco,Corey.Dare88@example.com,Lee's Summit,670.860.7685 x8495,52
3297,Misael Kuvalis,Samson_Huel@example.net,West Shanny,950.586.7680 x40172,31
3298,Althea Parker-Hermann,Gerry93@example.org,Tonifurt,508-341-4331 x986,51
3299,Dr. Antonina Corwin,Meredith.Abernathy51@example.com,Georgiatown,236-604-0832,53
3300,Blanche Abernathy,Debra.Rodriguez77@example.com,New Lyla,1-834-555-9033,52
3301,Demarcus Kilback,Nick_Larkin50@example.net,Predovicworth,817.608.3215 x5680,48
3302,Paula Schuster,Gene.Marks51@example.com,Fort Emanuel,1-895-355-5009,34
3303,Jordan Hilpert I,Deborah_Russel11@example.net,Silver Spring,842-417-7909 x18402,18
3304,Gary Cartwright,Micheal_Cremin94@example.net,O'Keefefield,(540) 416-7163 x652,20
3305,Frida Davis,Vada_Kunze86@example.org,Port Jaimeton,221-570-9550 x6205,34
3306,Merritt Kreiger,Katrina_Powlowski46@example.org,Fort Delbert,(336) 403-6924,31
3307,Thelma Gorczany,Mabel.Strosin35@example.com,New Wilfred,747.688.8870 x49912,39
3308,Ruth Labadie II,Citlalli32@example.net,Clifton,775.596.8744,25
3309,Cedric Hodkiewicz,Dustin_Heller25@example.com,Port Margarett,(278) 388-6935 x88708,27
3310,Nils Mann,Jaylan.West63@example.com,Shyannville,354-996-0156 x171,60
3311,Kian Koepp,Shaun.Steuber70@example.org,Klockoview,(695) 825-4831 x87403,19
3312,Mr. Rodney Ward DVM,Sasha_Rosenbaum@example.com,Port Carlborough,1-278-773-3368 x634,40
3313,Orlando Zemlak,Margaret.VonRueden@example.net,South Kim,1-808-637-0800,52
3314,Maximilian Hintz,Ernest34@example.com,South Bennychester,553-856-5052 x9341,39
3315,Dr. Pam Abshire,Danyka.Greenfelder@example.net,Pleasanton,588.493.4064,64
3316,Donna Runte,Gregg28@example.org,VonRuedenview,(477) 942-6027 x214,63
3317,George Bednar,Jesus28@example.com,Romanton,1-389-308-0792 x23534,18
3318,Josianne Goldner-Harber,Becky45@example.net,West Reyville,1-784-993-2202 x2637,45
3319,Dr. Marlee Reynolds,Zachariah_Mosciski11@example.org,San Marcos,1-545-601-7431 x38935,62
3320,Ed Feest,Adam.Hauck18@example.net,New Micahview,1-787-422-2827 x799,55
3321,Anjali Anderson,Deven.Abbott-Bode@example.org,South Talia,493-676-7168 x53898,23
3322,Loren Russel,Jonathon22@example.net,Morar-Dickensburgh,(230) 912-9836 x009,33
3323,Evelyn Zemlak,Katie56@example.net,Wilfordmouth,641-711-8509 x639,44
3324,Elroy Brakus,Jerrell.McCullough@example.com,South Brantmouth,345.329.0643,59
3325,Edyth Trantow,Marshall69@example.net,North Floridafort,262.491.8904 x3283,27
3326,Aaron Herman,Koby.Stiedemann44@example.org,East Meghantown,(425) 847-7151 x42260,41
3327,Cathrine Boyer,Dominic_OKon@example.com,Toledo,852-610-2749,42
3328,Laney Medhurst,Carol.Satterfield96@example.org,Alburgh,272-578-9267,41
3329,Karlie Ernser,Tony_Lehner@example.net,DuBuqueland,883-553-8574 x789,22
3330,Jonatan Roob PhD,Genevieve50@example.org,Flatleystad,587.898.4969 x4362,41
3331,Kaycee Veum-Volkman DDS,Newell99@example.net,Bolingbrook,247-711-5530 x52851,32
3332,Elijah Donnelly Jr.,Lennie_Daniel@example.org,Tanyaside,(251) 246-7781,54
3333,Frederick Gutkowski,Miguel_Spencer6@example.org,White Plains,(911) 670-7682 x070,38
3334,Rodolfo Batz,Cassandra68@example.net,East Harmony,210-777-7685 x4271,55
3335,Christa Wiza,Mortimer.Ernser96@example.com,North Emmet,1-392-241-1722,57
3336,Gerard Lynch,Geraldine.Hansen89@example.org,York,1-334-229-1493 x040,23
3337,Becky Sawayn Jr.,Major_Swaniawski65@example.org,Ellenbury,941-915-5164,65
3338,Kristie Murazik,Eileen.Pfannerstill@example.org,Kendrabury,549-353-6580 x40709,31
3339,Nadine Zieme,Reynold_Murphy80@example.com,South Peter,1-241-746-5713 x405,37
3340,Kristie Bogan,Mabelle_Goldner@example.org,North Dorrisview,969.596.8385,26
3341,Emily Parisian,Harry80@example.org,Kuhlmanland,934.981.1923 x87907,23
3342,Abby Ritchie,Michael_Flatley@example.net,Kundeport,730.467.5991 x83017,47
3343,Gabrielle Toy,Bridgette80@example.net,Amosbury,389-674-0758,43
3344,Nathan Quitzon,Cale_Bechtelar@example.org,South Valley,595-469-5816 x0190,28
3345,Rogers Feeney,Ismael94@example.com,Bentonville,230-228-5743 x5098,34
3346,Caroline Baumbach,Filomena.Hand@example.com,West Leviberg,1-564-318-9047 x5435,35
3347,Noemie Flatley,Elna.Flatley28@example.com,Homestead,611.506.8592 x5679,22
3348,Coy Koch,Kaleigh.Stanton@example.com,Beierhaven,548.323.8912 x652,24
3349,Jeannie Marvin I,Bailee_Wuckert60@example.com,Paramount,1-486-824-7883 x836,51
3350,Mr. Mack Sporer IV,Joan92@example.net,Rolfsonburgh,1-587-560-0621 x960,29
3351,Karla Ledner,Margaretta_Goyette@example.com,East Eunaville,337.754.8798 x0175,39
3352,Mr. Clarence Lynch,Theodora_Carter@example.com,North Ramon,(259) 312-8180 x888,58
3353,Jed Flatley,Tyrese.Kemmer@example.net,Lake Damionstead,1-855-870-4253 x049,60
3354,Mr. Terrance McKenzie III,Dianne.Veum@example.net,Friesenfort,1-597-974-2921 x5321,18
3355,Phyllis Dickinson DDS,Mabel10@example.com,New Kelleystad,804.332.6838 x811,23
3356,Tia Heller,Alexander59@example.org,Newport Beach,553.569.8599 x473,65
3357,Rolando Becker,Henriette.Kautzer48@example.org,Lake Terrence,1-519-784-8831 x465,32
3358,Bradly Heathcote,Cristina46@example.net,Fort Feliciatown,(942) 354-6009,58
3359,Duane Goldner,Kay81@example.com,East Reece,(643) 337-3902 x42207,59
3360,Marsha Moore,Ron_Mueller@example.net,Port Arleneland,1-225-635-9461 x7436,29
3361,Antonia Green,Reuben_Kozey@example.com,Port Pearl,799.920.9282 x437,49
3362,Jose Predovic,Rosalinda32@example.org,North Kole,913.322.8360 x6446,34
3363,Stone Quigley,Gordon30@example.org,New Nettie,216-667-8503 x69155,64
3364,Leroy Bartell III,Autumn.Durgan67@example.com,Wisokystad,1-656-395-9036 x131,38
3365,Catharine Hand,Jimmie_Bergstrom20@example.com,South Merrittmouth,1-697-575-5202 x43340,52
3366,Muhammad Deckow,Moshe84@example.org,West Rodrickside,(665) 532-8358 x1166,35
3367,Timmy Waelchi,Marsha_Hintz@example.com,Strackeborough,(832) 793-5948 x4744,35
3368,Mrs. Lillian Russel Jr.,Fidel.Keebler71@example.net,New Jerome,(692) 981-0408,52
3369,Marlene Franey,Dayna.Hayes82@example.org,Fort Rosario,(553) 684-8696,55
3370,Emerald Tromp,Evan89@example.com,Moreno Valley,1-879-509-5838 x63469,19
3371,Estrella Rath MD,Delores45@example.net,East Myronport,246.937.5895,45
3372,Ethel Renner,Jonatan.Stracke61@example.com,West Shea,848.852.4490,26
3373,Macy Torp,Evan_Swaniawski@example.com,Mullerchester,747-224-4274 x913,32
3374,Roger O'Keefe,Ambrose_Lubowitz@example.net,South Graham,(601) 773-3187 x236,45
3375,Jo Heaney,Whitney_Maggio@example.com,Tammyshire,426-995-8807 x143,41
3376,Samara Hilll,Myra2@example.com,Marshallfort,(940) 484-8475 x63660,48
3377,Elijah Auer,Jeannette_Koss@example.org,Bountiful,827.619.4094,36
3378,Julio Quigley,Tod92@example.net,Daly City,1-479-600-5455,49
3379,Osborne Stroman,James_Nienow73@example.net,Xanderstead,(517) 419-2867 x6290,59
3380,Millie Greenfelder,Lance44@example.net,Fort Neha,703-294-3799 x66459,65
3381,Lawrence Bashirian,Fannie72@example.net,Port Timmothy,363-362-9978,45
3382,Destany Rippin,Brionna16@example.com,Spokane Valley,(728) 369-6990,64
3383,Laverne Medhurst,Eloise.Reynolds@example.org,Chazburgh,1-254-596-1586 x55832,37
3384,Jasen Kertzmann,Gonzalo95@example.com,Reading,343-808-6098,23
3385,Rod Green,Edgar69@example.org,Elk Grove,1-964-858-7094,51
3386,Katrina Brown,Lonnie.Armstrong@example.org,Toyport,856.637.1525,35
3387,Lola Okuneva,Freddie_Cummerata@example.com,Mannfield,1-238-350-9591 x62295,37
3388,Frederik Buckridge,Daisy_Wisozk54@example.net,Peoria,999.747.1154,22
3389,Myrna Oberbrunner,Debra_Ernser@example.net,Diamond Bar,1-783-940-1967 x530,49
3390,Blake Brakus,Arthur.Rohan6@example.org,West Rodrick,(815) 957-0998,29
3391,Max Rowe,Vanessa42@example.net,Considinestead,480-440-9756 x81856,22
3392,Jacqueline Erdman,Sophia86@example.net,Erdmanview,531.740.3137 x22232,53
3393,Dr. Cassandra Kling,Misty_Lubowitz@example.com,East Rozellatown,(581) 782-8880 x23683,28
3394,Edna Gerhold,Sabryna_Berge64@example.net,New Garrettside,(652) 898-4277 x1665,25
3395,Kitty Schultz,Celia16@example.com,Darlatown,1-490-568-5407 x44265,33
3396,Raymundo Schamberger,Marlon.Denesik16@example.net,Flohaven,512.207.9671,45
3397,Tamara Johnson,Morgan.Harber@example.net,Frisco,(368) 560-9629 x730,43
3398,Chase Heller,Hugo.Rempel13@example.com,Troyville,915-828-9911 x092,63
3399,Keshaun Gislason,Gladys16@example.org,Julianport,346.416.9428,56
3400,Aidan Grimes DVM,Hassie_Rogahn@example.com,North Garetthaven,1-391-656-3154 x384,57
3401,Mrs. Ettie White,Cary25@example.org,Dearborn Heights,667.417.5131 x607,56
3402,Felicia Koch,Broderick.Prohaska10@example.net,Inezfort,(926) 693-6812 x5856,26
3403,Sheldon Lind,Nikki_Abshire@example.org,Roweboro,875.739.8737 x98219,32
3404,Chris Larkin I,Frieda.Runolfsson@example.net,Evanston,486-272-5545 x186,47
3405,Corey Keebler,Antonio_Watsica63@example.org,Franeckishire,815-378-4840 x0910,46
3406,Mr. Frederick Boyer,Gilbert24@example.com,West Brando,(743) 464-9471 x23299,64
3407,Allene Jerde,Isabelle_Metz62@example.org,Langworthville,1-939-518-0247 x0146,33
3408,Celia Gottlieb,Shelia71@example.com,Francescoborough,1-623-203-3349 x81501,32
3409,Ruby Tremblay,Delmer32@example.net,Javierchester,261-556-9776 x45868,63
3410,Ursula O'Reilly,Vivian_Yost@example.com,East Rosendo,1-385-399-6751 x00127,46
3411,Marcus Heller-Klocko,Alfred40@example.com,South Fernando,294-747-3886 x202,65
3412,Lonnie Kuhlman,Howard69@example.net,Hughborough,1-670-993-6145 x56899,30
3413,Corbin Maggio,Daniel44@example.net,Berniershire,(583) 993-6888 x5519,19
3414,Clotilde Schuster,Allan95@example.net,Alanstad,835.470.6144 x7666,38
3415,Mr. Eriberto Witting,Ivah.Corkery@example.net,Reno,1-746-572-2525 x4820,50
3416,Baby Lindgren,Savannah_Daniel42@example.net,Johnstonside,(682) 367-2632 x37181,64
3417,Collin Schaefer,Megan80@example.net,Edgarworth,472-992-1950 x5345,36
3418,Conrad Hoeger,Olive.Hammes11@example.org,Zulaufberg,733-830-6585 x97228,47
3419,Toby Bernier,Brent95@example.net,Hackettton,1-340-399-9151 x82134,51
3420,Tiara Ratke,Genoveva_Ledner@example.net,Omaha,698-856-3103 x63701,45
3421,Mr. Talon Batz,Ocie.Jakubowski3@example.org,North Jalon,486.683.5800 x557,56
3422,Ila Ferry,Rodger30@example.org,West Bruceland,(901) 589-8095 x058,63
3423,Sheryl Davis,Ian.Spinka85@example.net,South Wilfredo,343-975-3374 x463,27
3424,Pete Kuhlman,Wilford46@example.org,Deckowstad,(615) 628-4635,61
3425,Kane Considine,Tevin_Crona@example.org,Rochester,430.779.3403 x0486,36
3426,Don McCullough,Mathilde_Boehm94@example.com,Pompano Beach,1-290-389-8912 x4331,29
3427,Lou Casper,Joyce_Roob59@example.org,New Georgefurt,(632) 714-5443 x0270,41
3428,Anna Ratke,Sammy.Anderson94@example.com,Justinland,641.290.5622 x09474,34
3429,Jalon Krajcik,Patricia_Dicki35@example.org,Romagueraview,1-567-454-5315,51
3430,Kattie Rice,Noel91@example.org,Rebeccaside,756.612.3446 x0627,56
3431,Melissa Bogan,Abelardo_Rowe@example.com,North Caryland,716-693-9225,27
3432,Vinnie Swaniawski,Nicholaus.Vandervort@example.net,East Judithworth,(401) 842-0850 x2590,62
3433,Dr. Scot Wisoky Sr.,Gabrielle.Reilly@example.net,West Holden,1-549-215-9644 x4226,22
3434,Mrs. Stella Strosin DVM,Erica.Hudson30@example.org,Yucaipa,(749) 824-2491 x7889,64
3435,Garrett Runolfsson,Tamara44@example.org,Lenaboro,(524) 331-5752 x8952,41
3436,Jerald Nolan-Brown V,Cristina.Koss11@example.com,Greentown,1-276-369-1567 x3361,49
3437,Juanita Jenkins-Bruen,Ellen0@example.org,Jodystead,(976) 879-4104 x23435,21
3438,Mr. Christian Keeling,Octavia.Kuhn43@example.net,North Paulinemouth,741-637-1225,25
3439,Jany Bode,Bernard90@example.net,Lake Bruceberg,410-665-3490 x7291,42
3440,Ernesto Krajcik-Strosin,Marcelle_Gerhold@example.net,New Wilbertview,1-406-817-7360 x65269,27
3441,Alessandro Franecki II,George_Wolff@example.com,Birmingham,827.819.1353,55
3442,Frederique Schmidt-Klein DDS,Ruby_Miller@example.org,New Donnie,(735) 615-3288 x02172,55
3443,Noel Johnson,Tania.Funk92@example.org,Port Rahsaanstad,303.211.5546 x78502,35
3444,Jaiden Farrell,Noemi_Hyatt89@example.org,East Joyce,1-561-732-9897 x40328,28
3445,Derick Turner,Lonnie.Lockman@example.org,West Florida,(947) 693-4921 x970,36
3446,Angelo Lesch,Brooke_Franecki26@example.net,Langworthborough,1-789-678-7851,22
3447,Joe Kihn,Meggie41@example.net,West Mikefield,(642) 294-2952,24
3448,Vada Aufderhar,Esta.Hintz@example.org,Hermanchester,729-732-1898 x7034,24
3449,Tony Flatley,Annabell_Stiedemann@example.com,North Giuseppeland,1-436-489-5731 x542,39
3450,Tito Schmeler,Marc_Stokes-Schaden81@example.org,Mathewborough,(835) 566-5422,45
3451,Ervin Turner,Julie.Hansen73@example.org,South Dave,870-357-4170 x215,50
3452,Imogene Thompson,Steven_Ziemann21@example.com,New Sylvanstad,(210) 668-8792,31
3453,Elaine Cassin-Volkman,Katherine64@example.org,East Hubert,1-661-365-9383,64
3454,Bartholome Spencer,Joaquin.Adams75@example.net,South Orachester,1-310-270-7183,35
3455,Marshall Strosin,Elsie48@example.com,Carmenside,1-926-875-2737 x65822,60
3456,Yvette Bogisich,Tyrone_Moen50@example.com,Michellechester,798.332.2202 x839,57
3457,Andrew Crist,Marilie_Weissnat@example.org,Spokane Valley,1-363-694-9861 x722,46
3458,Kareem Hagenes,Alejandro77@example.net,New Steven,(819) 248-1503 x400,43
3459,Leda Sipes,Yvette73@example.net,Jacobsonstead,(738) 739-7477 x78009,32
3460,Craig Bartell,Debra75@example.net,Miami,855-893-7285 x71297,46
3461,Mr. Kelvin Stroman,Sylvester_Mosciski@example.com,Millschester,(221) 660-6664 x6515,36
3462,Georgia Gleason MD,Maxwell_Russel93@example.net,Fort Yeseniaborough,(445) 727-1754 x05508,53
3463,Tonya Fahey,Maudie66@example.org,San Tan Valley,1-355-968-8880 x141,49
3464,Maggie O'Keefe,Jimmy.Kunde93@example.org,North Estevan,909-342-1934 x474,33
3465,Jodie O'Conner,Janet.Ryan96@example.com,Floratown,587-415-7181 x868,54
3466,Glenn Schmidt-Moore,Rosina79@example.net,Rickyland,255-372-9820 x9240,22
3467,Nella Parker,Leigh22@example.org,Turcottebury,788.860.2968,47
3468,Maybelle Rogahn,Julian.Mosciski42@example.org,Lednerport,1-618-256-7323 x4487,28
3469,Lillie Donnelly IV,Nash.Heidenreich61@example.net,Ricardofield,685.779.5332 x69952,22
3470,Matilde Satterfield III,Penny.Funk@example.net,Tobyborough,379-217-6103,28
3471,Lance Funk,Kaden90@example.net,North Karlaton,262.995.8578 x0819,39
3472,Steve Gerlach,Skylar.Jenkins@example.org,Port Minervaborough,587.911.4896 x816,44
3473,Peggy Bergstrom,Parker_Conroy49@example.org,Considinemouth,949-519-6367 x506,51
3474,Victor Lebsack,Cydney7@example.com,Tatefurt,(820) 485-0919 x3188,54
3475,Michelle Daniel DVM,Waino_Bergnaum@example.net,Kozeystad,(779) 375-8073,25
3476,Neil Gutkowski,Wilbur_Thompson@example.com,Justoncester,846-217-9918,18
3477,Dr. Angelo Predovic,Julianne79@example.com,Kuhnshire,357-473-4756 x461,26
3478,Carrie Dibbert,Julie_Fritsch57@example.com,Port Rockyside,(659) 289-1284 x1450,50
3479,Tomasa Hills,Madeline.Upton@example.org,Fort Noemie,665-967-7069 x3870,24
3480,Thelma Fritsch IV,Joseph49@example.com,Deeburgh,753-942-9500,26
3481,Jenna Wiegand,Ettie13@example.net,Mattieboro,871.869.9577,64
3482,Elouise Kirlin,Jeffry.Bergnaum34@example.net,South Carmen,1-477-822-9186 x15513,39
3483,Sandra Fadel,Meaghan_Aufderhar5@example.net,New Lynda,383-713-1563 x40834,28
3484,Jazmin Bogan,Lynne_Aufderhar4@example.com,Anaheim,526.925.1815 x2823,56
3485,Martin Breitenberg-Pacocha,Carlton22@example.com,Wichita Falls,1-679-333-2654 x263,60
3486,Kyla O'Kon-Johns,Hoyt.Osinski@example.com,Dwightfurt,1-879-828-4140,46
3487,Adriel Witting,Lewis.Bode83@example.net,East Sarashire,1-519-332-3449,62
3488,Anthony Predovic,Davon_Jacobs@example.org,Yazminberg,909.228.7653 x827,50
3489,Katelin Reilly,Bonnie45@example.org,North Debrabury,(682) 248-5136 x40308,28
3490,Eugene Greenholt,Kathy_Mohr@example.org,Missourihaven,640-894-8244,18
3491,Louise Keebler,Warren.Mitchell@example.org,Grantbury,(477) 404-7166 x541,37
3492,Aimee Ledner,Valentin.Von71@example.net,Miami Gardens,1-565-392-5018,18
3493,Fernando Roberts,Preston68@example.com,Hempstead,(876) 632-9259 x951,24
3494,Mercedes Bradtke,Vicki99@example.net,Rogelioworth,1-280-402-1851 x29766,29
3495,Alison Langworth,Rosalie87@example.com,Starkborough,(503) 783-3293,36
3496,Clint Tremblay IV,Estella50@example.org,West Devin,1-437-335-8856 x2640,42
3497,Nicolas Lebsack-Beier DDS,Jackie94@example.org,North Orphaville,709-264-8006,48
3498,Kristi Moen,Delta.Mayert85@example.net,Lake Bertboro,1-905-511-7622,46
3499,Wendell Nicolas,Filomena.Nicolas-Conroy@example.com,East Adrain,(774) 567-4364 x636,30
3500,Ruby Ullrich,Ross52@example.org,New Keely,(326) 927-5846 x8818,35
3501,Cheryl Fahey-Wyman,Dorothy_Pfeffer82@example.org,Youngstown,354.720.1068 x5735,59
3502,Thelma Kuhic,Lempi57@example.org,New Judith,(904) 638-0139,20
3503,Letitia Jakubowski,Ben63@example.net,Fort Worth,869.930.6773 x24752,26
3504,Frank Haag,Arnulfo_Ryan@example.org,Swiftborough,400.889.8436,44
3505,Mr. Rico Bogan,Hobart.Jacobson-Ledner17@example.org,Prohaskachester,233-905-6715 x14810,58
3506,Denise Ullrich,Era.Satterfield@example.org,New Andres,862-728-7571,23
3507,Casandra Pfannerstill,Janice.Bauch57@example.net,Howechester,1-753-592-9380 x475,65
3508,Justus Casper,Abe_Koelpin@example.com,Schimmelborough,1-964-494-3701 x984,39
3509,Dr. Glen Barrows,Michele_Lehner@example.com,Lake Sydney,(720) 825-1743 x991,54
3510,Anahi Ratke,Kristen.Bogan@example.com,Largo,731.931.1434 x046,52
3511,Olive Kling,Sophie_Schowalter@example.net,South Marisa,1-374-396-2310 x13439,21
3512,Claudine Jerde,Kelley.Volkman@example.net,East Alexandra,1-732-343-3019 x14060,48
3513,Dr. Irving Schmitt-Heaney,Natasha42@example.net,Glennieport,225.482.7287 x682,63
3514,Luis Stiedemann,Dayana_Kulas-Senger@example.net,Lowe-Rauport,(500) 377-1218,19
3515,Mrs. Alison Fahey,Ubaldo4@example.org,North Mindyton,(543) 253-0093,26
3516,Fanny Waters-Lang,Bert.Ryan81@example.net,New Altonstead,351.419.1446,34
3517,Tami O'Conner,Terrence.Sawayn58@example.net,Fort Smith,218-473-4845 x9861,49
3518,Al Halvorson,Tamara_Leannon@example.org,Sacramento,(901) 654-1191,59
3519,Angela Quitzon,Elaine_Dickens@example.com,Magnoliaboro,773-230-9208 x9223,38
3520,Eddie Kub,Aletha.Bosco@example.com,Vivaberg,556-763-5802 x4970,58
3521,Olivia Friesen,Loretta56@example.com,Rainafurt,1-778-477-0002 x2832,20
3522,Enrique Vandervort I,Keyshawn.Prosacco@example.org,Walterview,(371) 931-9067 x86711,50
3523,Gerard Rice,Valerie37@example.org,Lake Junior,(423) 775-6850 x397,63
3524,Hildegard Orn,Miles.Cole@example.com,Dareshire,491-682-2188,63
3525,Kian Daniel MD,Cindy3@example.com,South Dejuan,(563) 775-2335 x5900,41
3526,Mr. Rocio O'Hara,Lorraine51@example.net,Cruickshankside,(586) 580-3977 x577,26
3527,Brandt Baumbach I,Cristobal_Roberts@example.com,Lubowitztown,908-650-1351 x499,44
3528,Miss Rosanna Howell II,Alexandra.Cummings89@example.net,Claudiestead,1-400-603-9813,34
3529,Alexandra Bednar Sr.,Ricardo.Gottlieb-Williamson79@example.org,South Wesley,215-599-5817 x2460,21
3530,Melyssa Heller,Douglas_Rutherford@example.com,Lennystead,738.288.8315 x12940,50
3531,Dr. Arely Greenholt Jr.,Jamie_Prohaska90@example.com,East Marcella,1-948-959-1782 x6371,21
3532,Esmeralda Bernhard,Jenifer.Huels@example.net,Port Lavonneside,239.214.0929 x4836,50
3533,Cheryl Jakubowski,Austin60@example.org,Jeanetteboro,802-508-6680 x26047,54
3534,Josue Ryan,Heather70@example.net,Sarafort,561.719.3552,47
3535,Juana Beahan,Mamie_Swift@example.org,Sabrinaborough,(393) 309-9248 x8601,43
3536,Elroy Runolfsdottir,Dale.Marks37@example.com,West Tamitown,329-780-6964 x7427,37
3537,Melvin Hickle III,Cloyd_Becker8@example.com,Pontiac,219-641-7228 x54928,43
3538,Coy Runolfsson,Selena_Smitham@example.com,Rafaelaville,(687) 662-6162 x588,27
3539,Delia Corwin,Eldora.Padberg77@example.com,Bonita Springs,1-636-609-9620 x987,60
3540,Lucy Stracke,Mason_Jakubowski81@example.net,Bernierport,898.837.7749 x7469,40
3541,Kirstin Towne,Therese82@example.com,Port Edmund,982.610.4334 x98391,25
3542,Dr. Margarette Lebsack,Whitney_Morissette39@example.com,Sayreville,1-983-846-3529 x199,43
3543,Clarence Schuppe,Ora65@example.com,Harris-Gislasonbury,1-203-397-5198 x980,55
3544,Marilyn Jerde,Juana_Vandervort@example.com,Waters-Corkerystad,1-257-979-6061 x398,46
3545,Abraham Goldner,Gustavo89@example.com,Joland,431-903-4238,18
3546,Israel Nolan,Madie.Flatley8@example.com,North Elody,1-473-544-7955,60
3547,Vallie Stiedemann,Clay.Runolfsson2@example.com,New Alexysmouth,698-907-2447,42
3548,Jaquelin Frami,Ephraim19@example.com,Scranton,454-309-6636 x28163,62
3549,Ruby Block,Marshall.Champlin-Hammes@example.com,Clearwater,666-326-1480 x9526,48
3550,Ernest Fisher,Sergio25@example.com,Michellestead,(229) 591-4791 x20688,64
3551,Penny Witting,Simeon28@example.net,South Emoryfield,710.880.3940 x588,33
3552,Ignacio Donnelly,Tara64@example.net,Lomaside,301-536-5263 x63667,46
3553,Mr. Owen Kohler DDS,Conrad_Trantow@example.com,South Horacefort,1-814-240-4807 x307,22
3554,Isabelle Emard,Jody_Green@example.net,Antelope,1-315-286-1056 x69124,57
3555,Ernest Emmerich,Benny_Osinski@example.org,Ankeny,1-473-416-9546 x337,26
3556,Rogelio Yost,Audrey66@example.net,Helenmouth,1-454-552-9545 x509,32
3557,Dr. Lyle Kuhn,Jeremy.Rempel21@example.com,Leonardostad,1-518-989-3963 x33919,32
3558,Leticia Mante,Laverne78@example.com,Mitchellville,1-866-632-1889,57
3559,Bernardo Kemmer IV,Stephan63@example.com,Nicktown,815-559-6452 x9486,44
3560,Yolanda Brown,Geraldine.Goodwin@example.com,Bedford,1-668-691-6757 x154,21
3561,Connor Morissette,Sedrick_Krajcik@example.net,Port Billie,557-428-8458 x305,28
3562,Saige Raynor,Sonja.Herman@example.org,Haleighstad,(567) 492-8268 x6583,19
3563,Candace Fay,Shad_Lang45@example.net,Millcreek,951.550.7677 x76748,37
3564,Mr. Shania Koelpin,Thurman.Boyle65@example.org,Ethelstead,1-698-972-4408,24
3565,Alessandra Flatley-Daniel,Saul94@example.com,North Larry,(591) 538-5431 x68915,46
3566,Izabella Roob V,Kyler_Roob42@example.net,Martinville,337-767-3236,40
3567,Mr. Christopher Daugherty,Elroy.Konopelski@example.org,Erwinberg,(486) 714-4345 x69394,19
3568,Todd Kertzmann,Darrell_Douglas80@example.org,South Latoyafurt,796-844-5033 x353,48
3569,Doyle Konopelski,Lesley_Beier32@example.net,Myleston,775.309.3574 x205,30
3570,Josefa Murphy,Ora.Vandervort76@example.com,North Salvador,(488) 963-7098 x0375,39
3571,Brittany Treutel,Charles_Koepp@example.com,Elizatown,977.908.4895 x7579,20
3572,Mr. Crawford Leannon,Woodrow8@example.net,Ziemefield,1-904-921-1225 x302,63
3573,Ramona Cronin,Wallace.Doyle@example.net,Fort Jamesoncester,579-310-1591 x802,24
3574,Kayden Wolf,Carole_Greenfelder@example.com,Anneboro,746-860-7774 x4819,46
3575,Brooke Hammes,Jerome81@example.com,West Randolphfurt,204-354-9249,51
3576,Craig Berge,Christina.VonRueden18@example.com,Philipville,970-624-3966 x79674,57
3577,Irvin Welch IV,Laurence.King@example.net,Vickyfield,406-539-9136 x69144,51
3578,Cora Altenwerth,Hattie28@example.org,Hartmannland,(431) 676-6979 x60509,57
3579,Priscilla Hackett,Ari93@example.org,Port Charlotte,585-535-1408 x160,22
3580,Jarrod Dare,Skyla_Jerde@example.net,Pine Bluff,1-572-704-3940 x714,33
3581,Christy Sauer,Amanda.Hauck@example.net,Lafayette,288.735.4806 x038,53
3582,Jean O'Kon,Aurelie89@example.net,Lake Alexanderchester,295.220.3035 x70141,20
3583,Violet Will,Jessie_Denesik65@example.net,New Jazmynstad,826.277.9965 x94239,42
3584,Phoebe Rosenbaum,Christophe.Sauer@example.net,South Faithworth,232.408.4806 x028,33
3585,Sarah Sporer DVM,Jack_Roob17@example.net,Port Luz,665.435.7762 x6614,39
3586,Essie Mills,Lila25@example.net,Pueblo,(297) 371-0917 x031,27
3587,Russel Oberbrunner DDS,Luther35@example.net,O'Reillyberg,965-511-4894 x883,53
3588,Ms. Sheryl Schinner PhD,Arnold.Treutel96@example.net,Freeport,1-648-315-7047,58
3589,Loren Padberg,Joshua62@example.net,Williamsonfield,357-230-9312 x1159,45
3590,Carmelo McCullough,Eduardo_Legros19@example.org,South Pierre,1-453-988-6732,45
3591,Mozell Graham II,Floyd_Harris@example.org,Tinaboro,907-696-0187,51
3592,Mrs. Reese Davis,Myra.Frami@example.com,Gorczanyhaven,1-867-690-3896 x99200,56
3593,Ashtyn Gibson Jr.,Monserrat.Franecki@example.com,East Reneberg,848.541.2282 x93615,32
3594,Sheila Collier,Salvador39@example.net,Salt Lake City,909-238-0835 x17218,52
3595,Flora Kling,Rey77@example.org,Lake Armandoland,623.378.5125 x59622,41
3596,Eula Jacobs,Krystal40@example.org,East Bradleyworth,610-450-8541 x266,26
3597,Lorenza Trantow,Aileen.Rosenbaum@example.com,Lake Amos,992.778.3416 x6175,27
3598,Winifred Schmidt,Paulette.Stiedemann@example.com,Kilbackhaven,845-345-8629 x87227,33
3599,Fred Schimmel,Kiel.Berge24@example.net,Doloresland,526-562-6041 x36993,61
3600,Mateo Willms,Broderick9@example.com,Cummerataboro,1-625-448-7417 x31860,45
3601,Jim Kirlin II,Edith77@example.org,North Ayden,(529) 825-8131 x925,37
3602,Lowell Ortiz,Dora_Stanton@example.net,Gleichnerburgh,1-879-657-4167,52
3603,Jakayla Cartwright,Lesley_Wisoky67@example.com,Reichertshire,700-740-2490,22
3604,Elisa Feeney,Faustino_Kuhic@example.com,Cassandraburgh,(210) 621-2979 x63638,23
3605,Katrina Lehner,Danielle74@example.com,North Prince,1-476-340-6973 x81002,47
3606,Stuart Hahn,Francis25@example.org,Perris,527-668-2907 x3523,50
3607,Austin Ortiz,Monique.Greenholt32@example.net,Grantfort,889-620-6915 x0788,30
3608,Dangelo Ratke,Tyson_Moen@example.org,San Diego,738-388-8533 x384,23
3609,Cristobal Hane,Cletus.Durgan23@example.org,Hesselchester,534-264-3634 x3299,19
3610,Mr. Bernita Wisoky,Alek_Haley0@example.org,Fort Pierce,1-314-340-9325 x322,43
3611,Kurt Murazik PhD,Dorris_Labadie@example.org,Clifton,320-387-5783 x42121,64
3612,Janiya Ward,Melany_Ebert98@example.com,San Rafael,854-550-0333 x832,33
3613,Ashlee Pacocha V,Rolando65@example.org,South San Francisco,1-705-628-0685 x9882,36
3614,Dorothy Kassulke,Brendan58@example.org,Kautzershire,783-637-0419 x617,40
3615,Bennie Von,Harriet94@example.com,Brandyworth,1-727-822-8072 x2392,65
3616,Carolyn Zieme,Henrietta20@example.com,Fort Kaceyfurt,1-470-774-0368 x89667,55
3617,Ms. Gloria Halvorson DDS,Geovanni97@example.com,O'Fallon,714-235-2560 x0370,39
3618,Gennaro Fritsch,Stefanie_Barrows63@example.net,Angelicaview,1-802-907-3765 x6528,36
3619,Darien Monahan-Kautzer,Russell_Adams25@example.org,Gibsonfurt,(417) 760-4006 x25136,54
3620,Dalton Schumm,Darrell.Schmitt@example.net,Corkeryfort,(615) 500-5982 x0388,63
3621,Lindsay Jenkins,Brandt46@example.net,Micheletown,765-813-6832,61
3622,Elvira Bailey,Jarvis28@example.com,West Sophieshire,(643) 288-9216 x5824,40
3623,Lorena Hane,Sandy.Turcotte@example.net,New Lonnieton,398-896-8884 x1863,53
3624,Martina Hickle,Herbert91@example.org,South Akeem,501.206.4449 x9881,59
3625,Marcia Aufderhar,Augustus_Robel38@example.net,Port Clementine,(555) 384-4915,41
3626,Birdie Gislason,Leta38@example.com,Fort Helmer,210.992.8200 x38704,24
3627,Elena Funk,Ole_Abbott@example.net,Ernestocester,1-815-638-7803 x264,53
3628,Everette Krajcik,Deion_Mertz42@example.org,Fort Gudrun,1-408-868-7020 x04381,58
3629,Cornelius Lynch,Wm37@example.net,Shemarborough,(737) 427-1034,48
3630,Logan Homenick,Elizabeth59@example.net,Jillianboro,(287) 898-3065 x4558,58
3631,Genoveva Langosh,Joan.Kunze37@example.com,New Albin,817-724-3994 x54488,53
3632,Kristian Batz,Lucinda.Ritchie@example.com,Fort Otiliaworth,542.693.4204 x82687,58
3633,Jaquelin Sipes,Jordane.Gleason@example.org,Wolfmouth,599-559-7906 x9554,45
3634,Molly Padberg,Hector_Hauck-Schultz6@example.com,Steuberboro,488.487.6330,40
3635,Colton Terry MD,Tabitha30@example.com,Stiedemann-Kemmerland,(983) 926-7139 x50354,54
3636,Natalie Reynolds,Bernadette_Reinger5@example.com,Considinestad,(493) 251-3976,60
3637,Louie Pfeffer II,Jesse98@example.net,Macon-Bibb County,(728) 566-2148 x453,50
3638,Nicholas Larkin,Raina.Donnelly@example.com,Norfolk,722-594-7013 x297,56
3639,Gracie Nader,Dominick.Gerhold52@example.com,South Carter,221.348.6272 x0923,29
3640,Roosevelt Reinger,Ignacio96@example.org,Lululand,(877) 817-9283 x79394,56
3641,Danny Wolf,Leila.Altenwerth@example.net,Huldaland,583.263.8476,50
3642,Rafaela Halvorson,Richard.Beier@example.net,Aracelyport,574.365.3054,50
3643,Gerard O'Keefe,Javonte_Crist-Heidenreich46@example.org,Palm Springs,679-388-5170,38
3644,Miss Lana Quigley,Layne96@example.com,Kulasborough,492-614-0556 x1542,54
3645,Adella Rempel,Kerry.Mosciski88@example.net,Zackeryville,630-758-9349,23
3646,Marley Bednar,Conrad_OKon@example.com,North Richland Hills,924.529.4042 x13367,40
3647,Tom Boyle,Julie13@example.com,Clementfort,634-965-6012,52
3648,Wallace Jakubowski,Mildred.Considine54@example.net,Poway,442-420-2000 x94274,41
3649,Tate Cronin,Marvin.Kuhn64@example.net,El Dorado Hills,(939) 333-2397,40
3650,Todd Mayer-Ratke,Leigh55@example.com,Boehmfort,954.387.5961 x03834,54
3651,David Hyatt,Burley34@example.com,Port Jade,556.838.3938 x0572,25
3652,Aurelie Skiles,Santiago40@example.com,Lake Mariane,895-367-5226,51
3653,Myron Wuckert,Jose75@example.net,Lake Ibrahimburgh,(648) 939-7082 x504,64
3654,Domenica Baumbach,Gladyce35@example.com,Christiansenhaven,449-233-5126,21
3655,Alfonzo Wiegand,Fernando_Marquardt-Quigley30@example.org,Porterville,284-639-5619,60
3656,Calvin Gorczany,Blaze76@example.com,New Luis,1-531-679-1442 x402,20
3657,Ford Schowalter,Rogelio_Stanton90@example.net,Binsview,1-496-946-4428 x361,57
3658,Eusebio Mitchell,Penny.Skiles@example.net,West Samsonborough,1-444-585-3155 x2246,49
3659,Pearline Hilll,James40@example.net,Port Arthur,1-356-396-4950,32
3660,Warren Hand,Darnell.Lowe@example.net,Joaquinton,1-210-824-5246,61
3661,Eldred Kovacek,Lilliana.Crooks47@example.net,New Carlton,(510) 261-0456 x997,33
3662,Dr. Alfonso Huels,Zena56@example.org,Redding,1-438-716-9011 x6061,28
3663,Fae Treutel,Shelley_Kerluke-Daugherty@example.org,Fort Ernestinafort,1-555-925-6046 x55010,30
3664,Aniyah Cartwright,Elyse20@example.org,Santinaborough,(799) 896-6794 x5772,52
3665,Mrs. Antonina Gleichner,Nyasia26@example.com,Jacobsberg,1-952-842-6022 x1599,19
3666,Amber Crist,Mario_Wilderman36@example.com,Jesseview,397-332-2155 x10684,50
3667,Gabrielle Johnston,Sheri_Barton88@example.com,Lehigh Acres,795.918.4215 x7713,65
3668,Mariano Upton V,Dylan14@example.net,Jacobiville,861.253.3558 x2158,40
3669,Odessa Herzog,Angelo_Padberg13@example.net,Erie,953.641.2607 x1149,38
3670,Betsy Bradtke,Felipe16@example.com,Port Adahview,1-692-640-0288,55
3671,Jalyn Bins PhD,Vito65@example.net,North Leroyfurt,364.934.9532 x77605,19
3672,Kayley Huels I,Florence10@example.com,New Debbieside,232.410.5687 x7385,53
3673,Shanel Kshlerin III,Delia.Hagenes@example.com,East Garret,394.221.6337 x02553,53
3674,Rose Conroy,Alisa.Labadie@example.net,Alecchester,290-911-3879 x8503,22
3675,Pink Donnelly IV,Tyree_Beer@example.org,North Linnea,790.225.4523 x31324,35
3676,Dimitri Bergstrom,Ramiro1@example.com,Auburn,323-542-3124 x56636,42
3677,Ginger Brakus,Terry.Lubowitz@example.org,Port Craig,302.332.1336 x338,61
3678,Myrna Fisher DVM,Merlin.Osinski68@example.com,Arishire,207-408-9352 x5860,56
3679,Stephanie Bode V,Hubert98@example.com,New Annalise,(681) 885-0553 x3023,59
3680,Lina Kihn,Carlotta_Lesch39@example.com,Morarport,(305) 404-9027 x1990,28
3681,Miss Brandi Treutel,Gwen_Effertz@example.org,Lake Omabury,(323) 531-7460 x0559,59
3682,Bernard Ward,Ciara.Daugherty@example.org,Raynor-Simonisboro,1-227-904-8841 x9493,22
3683,Mrs. Cecilia Watsica,Jack_Dietrich94@example.com,South Tammy,(906) 387-5873,51
3684,Dr. Dayna Schaden,Lazaro66@example.com,New Kristashire,(947) 800-1058 x3524,39
3685,Jacques Lubowitz,Chelsie.Koelpin32@example.com,Catalinaside,810-232-6133 x671,42
3686,Devyn Powlowski,Lora.Hamill-Mueller42@example.net,Fort Misaelboro,613.666.0776 x2063,38
3687,Mathew Collier,Sue_Franey@example.org,Stammside,860.441.0940,51
3688,Ernestine Yost,Alek_Spinka35@example.net,Mollyport,645.280.0203 x14817,42
3689,Roberta Bosco,Marsha60@example.net,Hesselberg,596-821-5070 x5361,45
3690,Tasha Jacobs-Tillman,Mable_Lindgren8@example.com,Lake Monty,1-922-504-8456 x74490,48
3691,Leonie Blick-Koch II,Cecelia.Kohler15@example.com,Lake Bernadettefield,245.775.1228 x437,37
3692,Paulette McKenzie,Amira.Olson67@example.org,Fort Fordbury,(839) 890-3121 x877,61
3693,Reece McCullough,Asa.Gleichner@example.org,South Isaiahstad,221-906-0974 x25969,25
3694,Irving Stamm,Izaiah_Dach@example.org,Camarillo,1-680-345-5950 x124,42
3695,Shane Klocko,Diane.Beier@example.net,East Georgeview,788.788.1351 x205,45
3696,Cletus Kuvalis,Odie_Erdman@example.org,North Jamalburgh,1-708-314-3227 x378,46
3697,Dylan Hoppe,Laury_Russel@example.org,Zboncakside,(852) 807-8411,30
3698,Jacques Pfeffer,Cecilia_Cruickshank87@example.com,Feestfort,(877) 910-0904 x287,54
3699,Mr. Tyler Cassin,Jackeline3@example.org,North Clinton,289.726.3581,37
3700,Anita Franey-Corkery,Annamae_Hoeger@example.net,South Mariostead,1-828-915-1485 x7700,59
3701,Mrs. Carolyn Gislason,Rhonda57@example.org,West Javonshire,1-850-877-7476 x7062,28
3702,Vernon Baumbach,Estel74@example.net,Gerryworth,(334) 540-6085 x831,23
3703,Mrs. Hope Jenkins,Noah38@example.org,Flint,(648) 708-7276 x7516,57
3704,Sergio Cassin,Lola29@example.net,North Edithton,(731) 956-1813 x1918,53
3705,Armando Ward PhD,Alec21@example.net,North Hillaryfurt,361.312.3999 x9677,49
3706,Myrtle Schoen,Geovanni21@example.com,Port Marguerite,295.744.4293,62
3707,Glenn Gusikowski Jr.,Cecelia_Feil10@example.net,Orland Park,(215) 474-6926 x30527,51
3708,Lester Smitham,Otis_Mueller@example.net,Port Raulton,1-305-976-3186 x29666,55
3709,Leta Watsica,Kristie_Dickinson@example.com,West Betty,1-238-813-2264 x012,58
3710,Norbert Botsford,Devan_Langosh@example.net,West Lindsay,780-930-6901 x915,52
3711,Ada Predovic,Cary_Brekke@example.net,Evastead,(308) 567-6636 x46114,32
3712,Dr. Cheyenne Brown,Greg_Cruickshank29@example.net,Runolfsson-Robelport,(247) 247-3017,20
3713,Otis Hansen,Maymie_Hodkiewicz-Hackett99@example.net,Rennerland,1-277-854-9454,34
3714,Pierre Rutherford,Cleta_Cartwright@example.net,Bryantown,864.664.7482,29
3715,Olive Mueller,Arjun70@example.com,Nathanport,692.263.9982 x719,60
3716,Yoshiko Boehm,Isabel81@example.org,Normal,1-254-501-3374 x098,54
3717,Denise Paucek,Marcia36@example.com,Pearlboro,(467) 771-1530,63
3718,Parker Walsh III,Hillary_Boyle@example.com,Fort Maxine,940-810-2920 x36270,32
3719,Kristina Rau,Edith_Fritsch@example.net,Arecibo,1-434-405-5616,22
3720,Antonina Rau,Sabryna88@example.net,Flower Mound,274-819-7876,24
3721,Jayce Miller-Walsh,Rosalie53@example.org,Fort Ronnyport,866-802-2838,36
3722,Sylvia Kshlerin DVM,Vicky3@example.com,Gudrunberg,948.906.8360 x747,19
3723,Marisa Schiller,Kelli.Aufderhar@example.org,New Dena,(866) 306-4815 x581,27
3724,Katherine Homenick IV,Shirley.Krajcik9@example.net,East Darion,(598) 695-0231,55
3725,Alberto Kessler I,Cynthia2@example.org,Fort Everette,1-774-906-0882,36
3726,Mr. Billy Christiansen,Kiley64@example.org,Boydfield,573-923-7225 x226,25
3727,Mr. Johnny Waelchi DDS,Tyrone_Kuphal2@example.org,Tigard,(981) 832-3427 x3061,42
3728,Yolanda Koss,Elbert67@example.org,East Damianton,582-395-3714,47
3729,Jules Hirthe,Evelyn_Murray@example.com,Dickinsonfurt,(611) 363-8622 x9472,54
3730,Lorenz Zieme,Felicia51@example.net,Mitchellfort,1-517-757-8802 x9828,53
3731,Jordane Dickens,Bart.White21@example.org,Luzmouth,1-768-952-2298 x52096,29
3732,Arnulfo Macejkovic,Tyreek66@example.net,Rosemead,783-695-5543,46
3733,Nicole Crooks,Elmer57@example.com,Pflugerville,461-203-7185 x54514,63
3734,Trystan Weissnat,Zachary56@example.net,Fort Nolan,1-251-567-4856,26
3735,Norwood Upton,Nakia.Wisoky@example.net,Port Devin,483-546-6198 x278,20
3736,Wendy Gerhold,Gilbert_Bednar30@example.net,Lake Genevachester,1-377-873-0055 x7689,64
3737,Mable Wolf,Taurean53@example.org,Port Deronshire,(386) 532-0686,40
3738,Carrie Lubowitz,Alyssa84@example.org,Petercester,737.960.8684,29
3739,Verdie Ritchie I,Duane.Kunze84@example.org,Fort Margaretchester,(831) 553-5205 x66249,64
3740,Braeden Rodriguez,Johanna_Corwin@example.com,North Lucyfurt,673-848-9669 x877,65
3741,Fabian Brekke IV,Candace_Abernathy@example.net,Lake Yvette,523-831-7105 x3289,52
3742,Sandra Morar,Javier62@example.com,Fort Paulette,200.655.8888 x69272,27
3743,Shemar Kutch Sr.,Julie.Prohaska@example.org,Hartmannstead,1-384-387-2653 x430,49
3744,Marta Casper,Jerel6@example.net,Port Esperanzafield,(733) 725-1512 x7458,39
3745,Grace Sanford,Rhianna.Bogisich@example.net,Doyleburgh,(221) 547-9072 x446,24
3746,Christine Emmerich II,Delbert2@example.com,Lake Havasu City,664-251-6461 x36739,26
3747,Alexandria Bode,Veda_Abernathy91@example.com,Raymondhaven,(949) 705-5584 x830,47
3748,Earnest Lubowitz,Donny.Steuber@example.net,Escondido,785-941-8537,19
3749,Jakob Mraz,Shane26@example.com,East Annaliseside,1-942-348-5969 x622,40
3750,Kurtis Leffler,Kirstin87@example.com,Mitchellton,1-370-530-7542,29
3751,Mrs. Sid Anderson,Karson.Keebler@example.org,Virginia Beach,(711) 233-1111 x8634,37
3752,Ursula Purdy,Dana.Smitham@example.org,Karliborough,631-460-1075 x50068,60
3753,Milton Von,Deborah.Shanahan@example.net,East Jeremiahland,822.910.8473,39
3754,Albert Rowe,Leigh.Osinski@example.com,Mount Pleasant,(308) 919-0181 x6880,58
3755,Rosalia McLaughlin,Elena1@example.org,New Glenda,(707) 479-6313 x2166,56
3756,Louie Keeling,Garry.Mosciski7@example.org,Brakusstead,1-402-589-3040,61
3757,Lillian Bergstrom,Bianka.Keebler66@example.org,La Mirada,(893) 985-0730,54
3758,Mr. Morris Champlin,Zackary.OKeefe35@example.org,Wintheiserside,232-807-1200 x73225,25
3759,Joel Satterfield,Amira_Heller@example.org,Las Vegas,(374) 245-1003 x03763,49
3760,Virgil Rippin,Wade_Marquardt-Harris57@example.org,Shieldschester,801-232-3655,21
3761,Lorena Pfeffer,Mattie3@example.com,Louieworth,(956) 576-2879,59
3762,Antwon Mayer,Minnie77@example.com,Port Noelstad,923.621.4947 x30438,37
3763,Ariel Jakubowski,Glen_Green45@example.com,West Franklin,305.491.0704 x7886,52
3764,Dr. Lilla Bayer,Dale13@example.com,North Danielle,841.949.0334 x764,48
3765,Miss Tammy Runte,Deion.Marvin@example.net,Moore,(297) 931-9834 x9639,19
3766,Lorenzo Robel-Zboncak,Andre.Spinka@example.org,Hammesshire,648-605-8051 x680,25
3767,Cecilia Stracke,Deborah_Glover@example.com,North Charles,(718) 265-3162,61
3768,Jerry Brakus,Stuart_Morissette4@example.com,Tomasfield,618.970.6967 x4407,19
3769,Brooke Donnelly,Sara.Mitchell@example.net,Padbergstead,450.267.5754 x63503,57
3770,Dana Predovic Jr.,Timmy.Bergstrom46@example.org,New Domingostead,970.335.9912 x4372,55
3771,Mr. Oda Crist,Roma_Haag@example.net,Lake Rozellaside,392.773.3158 x516,27
3772,Coty O'Kon,Claudine57@example.com,Ferryfield,(411) 441-6795 x81937,61
3773,Bonita Auer,Thomas_Stiedemann62@example.org,New Geoffreyfield,936-604-2884 x11103,51
3774,Ezekiel Stracke,Craig_Davis63@example.org,Greenboro,795.684.4425 x816,21
3775,Brooke Rohan,Lynette_Bruen@example.com,Port Aimeeton,(572) 615-5816 x25461,46
3776,Lorenzo Herzog,Axel.Boyle54@example.net,Grand Island,1-815-328-7662,29
3777,Clementina Krajcik,Anika88@example.net,Lake Tyronefield,(438) 430-3901 x511,25
3778,Maud Schroeder,Nancy_Williamson@example.org,Fort Baileyland,1-262-641-6067 x8735,50
3779,Mr. Kane Crona,Larissa.Funk@example.net,Homestead,(436) 206-2516 x3247,53
3780,Miss Rosalind Effertz,Maximillia_Gibson15@example.com,Jacquelynbury,977.300.5759 x0545,44
3781,Joanne Veum,Sonja_MacGyver-Ward@example.org,Colinfurt,604-800-6483 x8266,28
3782,Guadalupe Volkman-Dach,Shayne.Bergnaum61@example.net,Weimannmouth,222.697.5992 x390,42
3783,Dora Cassin-Christiansen,Joel44@example.org,Carolina,234-726-1640,26
3784,Joshua Adams,Ernest_Kuhn9@example.com,Dietrichtown,1-571-648-7885 x9133,18
3785,Bud Jerde,Martine9@example.org,Beierhaven,398.696.5636 x61077,62
3786,Doris Boehm,Doug.Schinner@example.org,Hintz-McCulloughland,298.946.9310 x5695,30
3787,Margie Ziemann,Debra.Beer80@example.net,East Orange,1-460-784-1600 x058,19
3788,May Satterfield,Marilie.Romaguera65@example.net,Haverhill,761-292-3214,44
3789,Floyd Kertzmann,Jana85@example.com,Euless,1-531-970-4174 x6067,34
3790,Jesus Herzog,Tyreek_Nicolas59@example.com,Vallejo,531.823.8560 x77057,59
3791,Barbara Block,Becky71@example.net,Bruenville,(327) 334-3432 x6651,57
3792,Lisa Hagenes,Nicole0@example.com,East Martha,1-860-936-9304 x259,55
3793,Shaylee Sanford,Karen92@example.org,Wymanshire,851-448-1043 x55966,46
3794,Boyd Littel,Rickie.Metz98@example.org,Moniqueton,1-806-262-9267 x484,57
3795,Mr. Guiseppe Champlin,Dwayne.Oberbrunner@example.com,Dunwoody,1-422-645-4770 x820,63
3796,Olin Tromp,Earnestine.Hirthe98@example.net,Fort Trevor,1-581-313-6407 x9842,26
3797,Fatima Smith,Jakob.Labadie@example.org,New Haven,893-649-8498 x5384,56
3798,Era Lynch,Filomena.White30@example.com,Keelington,(770) 698-9150 x2686,53
3799,Lyla Lubowitz,Robert_Kilback30@example.net,North Daphneeborough,465-312-8415 x72265,42
3800,Mr. Eveline Rippin,Hattie89@example.com,Breitenbergmouth,(206) 508-0694,53
3801,Elton Casper,Edmund47@example.org,Evelynshire,214.579.0647 x94633,22
3802,Ford Stroman-Dietrich,Vita81@example.org,Fort Tierraville,(602) 600-3434 x8015,54
3803,Elaine Champlin,Orion60@example.com,Thielfurt,700-327-7091 x7599,63
3804,Malcolm McLaughlin,Sean.Zulauf31@example.org,Barrowsborough,(210) 535-5862 x165,33
3805,Marcelo Ortiz IV,Destiny_Howell@example.net,Stoltenbergstad,1-312-752-7338 x15342,57
3806,Denise Jacobson,Alberto65@example.net,Lake Rossieshire,(730) 398-7008 x38856,65
3807,Valerie Borer,Lorenza62@example.com,Robelboro,395.572.7279 x51455,29
3808,Deanna Baumbach,Debra_Brakus85@example.org,Mitchellfort,658-687-0989 x37467,51
3809,Dallin Gorczany,Wilfred4@example.org,Susanborough,(410) 739-8571 x2407,33
3810,Jalen Rippin,Brennan84@example.org,South Carmen,(705) 807-4733,53
3811,Casey Predovic,Edith.Feil@example.org,Eddieside,1-505-697-3659,32
3812,Brisa Yundt,Alena.Haag45@example.com,Madonnaport,420.203.2081,47
3813,Claude Bauch,Veronica44@example.org,Lodi,1-587-432-9636 x315,60
3814,Issac Adams,Rose.Hoeger60@example.org,South Katarinafurt,1-332-716-1082 x4213,36
3815,Elenora Kirlin I,Jeanette68@example.com,Imaniside,1-966-213-0609,39
3816,Nathan Ledner,Melvin4@example.com,Bradleyshire,(974) 990-9913,23
3817,Joey Towne MD,Brandi_Lindgren57@example.net,New Kelvin,947-641-6008 x4173,48
3818,Christian Torp,Tristian_Parisian74@example.org,North Meaghanfort,487.515.5912,53
3819,Casimir Nienow,Sheila98@example.org,Dorriston,625-970-7126,32
3820,Theron West,Blair.Green@example.org,Fort Kassandrastead,578.573.3683,33
3821,Teri O'Reilly,Morgan.Ullrich@example.com,Rempelside,(573) 318-1358,32
3822,Dr. Shirley Powlowski,Benny.Murazik-Johnson24@example.net,New Lamont,543-561-3812 x389,43
3823,Charles Dooley II,Beryl_Deckow@example.org,Lake Harrietborough,574-351-4434 x001,48
3824,Maribel Lockman III,Cora.Schmitt85@example.org,South Clarencemouth,830.876.1269 x0902,60
3825,Esther Kessler,Kaelyn_Schneider8@example.net,Lynnetown,(954) 688-5395 x5614,27
3826,Cristina Bogan,Phyllis.Huel74@example.org,Jonathanfurt,1-649-872-4397 x249,18
3827,Claud Schinner,Ollie_Corwin73@example.net,New Douglashaven,443.515.3091,44
3828,Taya Farrell IV,Elizabeth_Deckow55@example.org,Hughchester,(334) 232-2244 x35057,52
3829,Jesse Collins,June.Fay@example.net,North Donna,704.743.0944,40
3830,Ida Schmeler,Howard_Kessler39@example.net,Fort Gordon,(884) 535-4128 x1828,33
3831,Chyna Padberg,Marlene_Schulist40@example.com,Davionhaven,(921) 581-3154 x6974,32
3832,Antonette Franey,Eldora_Koepp@example.net,East Ebony,(551) 650-0863 x667,30
3833,Jim Fahey Sr.,Harold_Torphy@example.net,Monroe,922.594.4584 x5745,29
3834,Inez Klein,William.Reilly@example.net,New Marcelino,1-263-253-0694,27
3835,Garfield Haag-Bashirian,Billie.Grimes@example.com,Rueckerfurt,(311) 945-8437,58
3836,Mr. Alvah Price,Adolph.Mitchell23@example.net,Bowie,767-347-7586,61
3837,Miss Desiree Ledner,Webster37@example.com,Alysonboro,786-468-0350 x46399,60
3838,Caleigh Schuppe,Jorge_Tromp0@example.net,West Hazel,1-498-559-6598 x6273,55
3839,Chase Thompson,Betty.Emard37@example.net,North Jaylon,1-456-461-4332 x103,61
3840,Alvera Bahringer,Alia.Anderson23@example.org,Kubworth,1-721-998-3309 x62259,32
3841,Shanon Hackett,Marta_McKenzie@example.org,Stoltenbergland,1-244-694-0545 x73187,37
3842,Jeremie Bode,Jordan_Hoeger@example.org,South Carolyn,613.569.0078 x31066,32
3843,Danielle Harber,Rossie_Willms@example.net,Bogisichside,856.453.0428 x1706,35
3844,Eileen Lockman,Devin21@example.com,Oleberg,477.758.5115 x555,23
3845,Florence Powlowski,Timothy15@example.net,Toy-Waelchifurt,367.877.4792 x60172,59
3846,Tyrone Carter I,Zachariah_Leannon@example.com,Janiceport,306-243-3991 x008,30
3847,Kelvin Price,Maryam_Kreiger@example.net,Skileston,448-309-3187 x6571,33
3848,Patience Hirthe-Fisher,Grant12@example.com,Loweport,539.754.8212 x9668,37
3849,Cristobal Daugherty,Pietro_Hansen@example.org,Medhurstcester,312-717-7310 x1431,49
3850,Willow Daugherty,Glenda_Mayer@example.org,East Laverne,205-473-5916 x591,33
3851,Miss Essie Becker,Hank86@example.com,Port Clay,242.257.4124 x078,47
3852,Osborne Watsica,Marcellus70@example.net,East Mattiestead,(901) 419-9259,21
3853,Juanita Gleason II,Amalia.Daugherty@example.com,San Diego,(531) 808-3547,34
3854,Sammie Corkery,Janae.Wyman69@example.net,Fort Camilleburgh,663.361.6661,60
3855,Abigail Cummings,Brad_Denesik88@example.com,New Randal,(887) 529-6544 x0297,42
3856,Trace Nikolaus,Jimmy_Robel@example.org,San Jose,219-341-4277 x427,28
3857,Eric Ebert,Floyd56@example.org,North Marianneland,572-346-4575 x51824,26
3858,Renee Ankunding,Christy.Ledner2@example.net,Youngstown,1-901-966-7849,43
3859,Horace Hettinger DVM,Kristen.Osinski@example.com,South Henrihaven,471-614-5752 x376,58
3860,Marcia Smith,Marilou7@example.com,East Lily,1-821-813-1063 x9023,20
3861,Jimmie Nikolaus,Stella_Adams65@example.com,New Sheilaport,590-273-6171,18
3862,Curtis Stanton,Clara_Robel16@example.org,Kendraton,1-802-310-5836 x10889,39
3863,Reagan Funk,Bernie_Wiza28@example.org,Wolfton,1-431-730-0493 x498,22
3864,Victor Spinka,Tristian82@example.net,Ziemann-Hickleland,(739) 800-6746 x344,61
3865,Hugh Turner-Thiel III,Silas40@example.net,East Hannahcester,445.827.9906 x7853,61
3866,Miranda Ritchie PhD,Trenton.Champlin@example.org,Port Marcos,(411) 238-9928 x203,47
3867,Willie Botsford,Ferne.Bogan-OHara10@example.net,Braunmouth,1-271-397-6614 x1960,43
3868,Roy Weissnat,Ben.Ondricka@example.net,Port Seamusberg,(316) 654-2923 x75760,19
3869,Brandy Runte,Maggie52@example.net,Lake Nadinemouth,(530) 490-3611 x23563,65
3870,Clay Stanton,Hilda_Boyle4@example.com,North Dilloncester,415.511.9342 x462,58
3871,Cielo Sanford,Sienna_Stracke56@example.com,Broken Arrow,(930) 409-0244 x523,51
3872,Joy Kerluke,Wilbur81@example.net,Thornton,(303) 801-0623,39
3873,Rosalie Hane,Joe66@example.com,Davenport,653-503-5262 x1483,21
3874,Miss Elsa Hermiston III,Domenic_Torp@example.com,Amberfield,777-965-2151,62
3875,Alicia Graham,Cedric80@example.net,Casperville,1-539-655-5132 x4852,29
3876,Brant Green Sr.,Alex58@example.com,Donaldchester,(488) 542-9649,27
3877,Amya Will,Eryn_Bergnaum4@example.com,Jameyview,726.303.5785 x45323,35
3878,Gabriel Gleichner-Runolfsdottir,Rhea26@example.org,Batzfort,(208) 698-1441,33
3879,Gina Schamberger,Lora_Bins12@example.org,Gorczanyfort,224.769.2939 x13574,64
3880,Denise Hauck,Eryn.Gleichner@example.net,Cormierburgh,1-823-953-6443 x15014,49
3881,Ulises Senger,Rosario.Luettgen@example.com,Wolfside,(660) 746-5386 x39319,53
3882,Miss Cecelia Nienow,Aisha_Wiza94@example.net,West Kristi,(213) 921-5126,65
3883,Alberta Grant,Sylvester_Windler-Hilll@example.com,Lake Doloresstead,819-649-6426 x3178,35
3884,Alva Schmitt,Karina53@example.com,North Loretta,(821) 222-1283 x17760,48
3885,Dr. Monique Crooks,Alyson_Lehner@example.net,New Cobyborough,905-607-5423 x20950,34
3886,Mrs. Sonja Murphy,Aliyah.Brakus@example.com,Mannberg,757.349.4152 x5617,41
3887,Gianni O'Reilly DVM,Betty77@example.com,Dominiquefurt,(738) 269-1985 x7640,64
3888,Melba Rowe-Murray,Joyce1@example.com,Fort Lindsayland,1-732-922-7906 x62930,39
3889,Hazle Fadel,Madyson_Goldner@example.com,Chino Hills,751.296.8742 x630,40
3890,Cletus Emard Jr.,Tatum_Ritchie97@example.com,New Hansfurt,310.856.9224 x8105,47
3891,Willis Doyle,Yvonne62@example.net,North Jessika,938-262-2020 x9952,61
3892,Blake Corkery,Mark.Runte@example.net,Waco,626-941-9492 x9701,54
3893,Kellie Schuppe,Erwin0@example.org,West Lucille,(318) 682-7237 x86759,35
3894,Margarita Kihn,Samuel_Rowe6@example.com,Glendale,(317) 214-9172 x17836,60
3895,Karolann Schmeler,Montana14@example.com,Miami,926.311.8366 x062,31
3896,Leona Krajcik Jr.,Dakota_Lubowitz@example.org,Feeneytown,999.841.9215 x5225,28
3897,Nola Bailey,Charles.Kuphal@example.com,West Priscilla,911-471-3595,39
3898,Jakayla Beatty,Kory.McClure@example.org,West Samport,(762) 573-8710 x85996,60
3899,Angelina Rogahn,Reginald64@example.net,Pattyport,483.272.1767 x17497,26
3900,Tyrel Stark,Nora_Ortiz41@example.org,Bowling Green,919.236.1911 x26361,55
3901,Rafaela Schultz V,Kelsi_Moen@example.org,Mesquite,1-850-513-0001 x3326,32
3902,Marques Ward,Moses_Dooley@example.com,Deliafurt,282.552.5926 x60517,26
3903,Mr. Hayden Schneider,Audreanne_Weissnat61@example.net,Lake Sven,1-648-765-8071,36
3904,Destany Auer,Francisco.Schoen44@example.org,Uliceschester,898-836-0776 x635,54
3905,Dan Thompson,Lillian.Kemmer@example.net,East Al,821-702-8598,23
3906,Melody Swaniawski,Omar_Frami@example.net,Lake Gagefurt,241.528.4988,39
3907,Juana Mills,Arturo.Emard@example.com,North Revaboro,(242) 922-7225 x97642,57
3908,Ethyl Streich,Reginald.Rau@example.net,Ziemeside,(559) 622-4697 x109,55
3909,Jakob Klein,Misty_White@example.net,Harrisberg,(210) 824-8506 x08692,55
3910,August Streich,Cora_Jenkins@example.org,Cedar Hill,436.989.6564 x2257,54
3911,Dominic Feil,Brendan71@example.org,Spokane,488.764.9289 x58723,39
3912,Mr. Wilbert Howe,Christie.Aufderhar11@example.com,Fredyboro,580-901-0828,48
3913,Sherry Schumm,Rex_Ondricka@example.com,South Barbarahaven,(951) 560-0653 x8616,59
3914,Joseph Spinka,Christopher.Sanford@example.org,Alisonhaven,1-464-475-8517 x06355,58
3915,Miss Marian Carter,Toni_Smitham@example.net,Pharr,630.866.1240 x253,35
3916,Connie Kautzer,Cortney.Greenholt@example.org,East Clintonport,1-986-950-9172,58
3917,Bell King DVM,Peggy_Schoen4@example.org,Lake Janice,425.654.6985,49
3918,Mrs. Melinda Sanford,Branson47@example.net,West Lillie,(773) 283-3295,56
3919,Darrell Watsica Sr.,Curtis83@example.net,New Bedford,725.309.3166,41
3920,Mr. Jalen Cormier,Kamron.Gusikowski83@example.com,Fort Queeniecester,(273) 952-5482 x58768,43
3921,Magnolia Casper,Florida.Collier@example.com,South Alexander,759-708-2604,63
3922,Gayle Rempel,Guiseppe71@example.com,Warren,1-672-245-1171 x302,23
3923,Rene Wehner,Juana.Jones@example.net,Elliottcester,548.273.7570 x529,43
3924,Kaitlyn Kihn,Faith_Kerluke@example.org,Greenwood,1-279-568-2316,58
3925,Peyton Yundt,Nadine40@example.org,Grand Island,(922) 998-4557,47
3926,Alberta Lang I,Richie50@example.org,Silver Spring,427-975-0810,64
3927,Jeffery Hessel,Rylan.MacGyver22@example.com,Lake Laurine,(758) 255-6485 x8418,62
3928,Nettie Thiel,Jaquan_Hessel@example.com,Port Joanville,1-846-620-6770 x773,58
3929,Joy Schinner,Keith_Dooley44@example.com,Hirtheboro,1-634-994-2091,47
3930,Dario Halvorson,Dave.Rogahn41@example.net,South Savannah,249.296.0475 x81888,25
3931,Alejandro Lehner-Wolff,Joseph.MacGyver@example.com,New Arleneboro,490.305.2127 x74627,20
3932,Bonita Bernhard MD,Maya_Bailey@example.com,Nataliefort,(546) 935-0724 x497,39
3933,Krista Ziemann,Jacqueline60@example.com,Fort Irving,703.536.6433 x800,29
3934,Norbert Hudson,Amelia_Braun@example.net,Brooklyn Park,223-885-0070 x58096,20
3935,Bessie Hintz,Kianna81@example.com,West Tommy,929.751.6516 x42483,21
3936,Olin Ziemann,Kristie.Daniel@example.org,East Deshaun,(868) 220-8479 x3051,61
3937,Ross Ruecker,Ebony_Mills@example.com,Lennaworth,(259) 368-7558,57
3938,Rufus Brown,Katherine_Kris-Herman33@example.org,Cedricmouth,1-563-706-2886 x7099,56
3939,Arvid Muller,Madison.Moen@example.com,Maricopa,339-492-9041 x753,34
3940,Macie Casper,Lucious.Beahan@example.org,Coryworth,313.275.3910 x98137,33
3941,Christina Morar,Aileen.McGlynn@example.com,Deltafurt,(671) 549-1239,60
3942,Ronny Jaskolski PhD,Derek.Feil22@example.org,West Jakaylaboro,(606) 684-9038 x02794,35
3943,Jacquelyn Kub,Peter.Dickinson83@example.net,Emilioview,912-636-9345,50
3944,Christine Weimann,Francisco.Watsica62@example.com,Murazikbury,277.718.4997,18
3945,Dr. Sigmund Stamm,Cary.Langosh45@example.com,Fort Madelynn,491.568.0518 x163,31
3946,Tyreek Paucek,Sharon.Walter85@example.net,Casper,(565) 310-6927,36
3947,Jody Kozey,Chelsea44@example.com,Grantshire,1-413-358-2871,27
3948,Mr. Micheal Gleichner,Kaitlyn_Kohler-Franey0@example.org,North Revaport,1-365-937-7054 x8437,27
3949,Laura Morissette,Flavio_McKenzie@example.com,Hettiebury,752-733-3795,38
3950,Lula Dickens,John_Wunsch@example.org,Wilkinsonboro,(626) 208-1981,57
3951,Christelle Harvey,Mark.Torphy@example.net,Boise City,(579) 923-9615 x6491,20
3952,Adelbert Kunze MD,Devin.Thiel@example.org,Stromanboro,1-337-723-9614 x881,40
3953,Abigale Kozey,Heaven_Bogan@example.org,Port Donport,690-731-7809 x010,29
3954,Guiseppe Jones,Arden_Rempel55@example.com,East Liliana,421-213-0581,44
3955,Christa Hane,Benny_Wintheiser92@example.org,Belleville,398.471.5766,61
3956,Mr. Jeremy Swaniawski MD,Devonte_Schuster@example.org,Pueblo,1-604-408-6778 x2581,42
3957,Waylon Pfeffer,Alda47@example.com,Fountain Valley,1-620-999-4271 x623,26
3958,Loretta Friesen,Eden.Kohler-Beahan@example.com,Lake Adrianworth,(213) 732-9255 x858,23
3959,Lonie Streich,Lois.Ratke@example.com,Fremont,302-352-4692 x99290,58
3960,Laurie Runolfsdottir,Eugenia_Quitzon@example.com,Maximilianfield,(545) 819-0487,48
3961,America Zemlak,Jenny.Rau-Hand24@example.com,Fort Zechariahside,784.968.7908 x954,22
3962,Felicia Borer,Monserrate_Hammes58@example.net,Burlington,1-667-792-8877 x79187,54
3963,Chet Jones,Liliane33@example.org,Aronstead,751-327-2542,32
3964,Mrs. Larue Kessler,Kathleen2@example.net,Independence,210-948-2898,30
3965,Ivah Marquardt,Josefina_Beatty3@example.net,Monterey Park,496-461-6136 x898,46
3966,Myrtle Collins,Chadd6@example.org,Carrollworth,884.965.3541,54
3967,Martin Haag,Georgia40@example.org,New Jeanetteville,1-757-583-2339,20
3968,Scot Casper,Axel_Bergnaum@example.net,Eugenestad,1-531-530-9596 x3767,54
3969,Woodrow Abernathy,Beth_Herzog61@example.org,Lake Bobbyview,549-937-5786 x76218,47
3970,Ocie Ryan,Leigh93@example.net,North Lukas,1-425-693-6954 x7061,37
3971,Ian Ritchie I,Clara2@example.org,West Laurafield,518-441-2655 x1543,51
3972,Dr. Eldora Balistreri,Merlin33@example.org,Elizabeth,539-631-2660,55
3973,Antonietta Leannon,Mathew35@example.com,South Randall,751-789-2889 x3328,24
3974,Pete Trantow,Elwin.Hoppe43@example.net,West Rowland,548-469-7789 x564,62
3975,Lora Kihn,Troy_Smitham@example.net,South Olivia,826.890.5447,48
3976,Horace Collins,Okey31@example.org,Funkmouth,(889) 762-5445 x8769,30
3977,Dejon Gusikowski-Ondricka,Janet_Simonis83@example.org,Abdullahshire,(971) 588-7936,32
3978,Rosella Davis,Andreane_Fisher-Welch@example.com,Nikolauscester,634-914-9962 x885,32
3979,Miss Jana Lockman,Blake20@example.com,East Jochester,616.959.5189 x225,37
3980,Felicia Boyer,Electa_Wisoky@example.org,Mosesport,(401) 694-9346 x850,31
3981,Elizabeth Nikolaus,Cassandra_Keeling87@example.net,North Johanna,(852) 979-3116,50
3982,Deanna Mante,Rosemarie.Brown@example.net,North Mateoport,1-651-665-2983,41
3983,Brennan Leffler,Delfina.Braun5@example.com,New Brody,1-831-819-5662 x98770,48
3984,Alba Daugherty,Hardy80@example.com,Lucillestead,(345) 211-9359,57
3985,Jeramy Simonis MD,Tami.McDermott47@example.org,South Gilberto,1-490-267-6185,65
3986,Alize Zemlak,Louise.Feeney0@example.com,North Jazmyne,(313) 965-1664 x11951,18
3987,Inez Hand PhD,Tressie47@example.org,Fort Frank,870-953-3901,53
3988,Sonja Vandervort,Buford.Shields@example.net,McDermottfurt,(494) 496-2607 x5061,40
3989,Cary Feil,Tess_Beer@example.com,Schinnerton,934.512.7978,50
3990,Dillon Cremin,Zackery4@example.com,Bayerstad,507-904-9649 x1483,24
3991,Derrick Effertz V,Yasmin_McGlynn36@example.com,Boyerport,(292) 691-4561 x5034,20
3992,Jacob Crona-Schinner,Joannie.Stoltenberg46@example.com,Joanberg,1-440-518-1017 x656,33
3993,Crawford Gusikowski,Agnes_Schumm@example.com,Gutmannboro,1-950-515-5432 x81915,43
3994,Brad Mayer,Marianne.Lesch81@example.org,New Everettborough,(418) 943-8302 x4515,56
3995,Nya Bartell,Jamison.Mayer@example.net,Ashburn,653-340-0866 x4985,36
3996,Meghan Lueilwitz V,Ludwig.Lindgren-DAmore@example.net,Mayshire,932-571-5406 x0169,24
3997,Beth Rath,Augusta4@example.org,Deontemouth,902.286.0052 x447,59
3998,Alvin Leannon IV,Jaron.Johnston@example.com,Estebanbury,701-714-3645,65
3999,Ardella Feeney,Erin_Stroman@example.net,North Jeffbury,884.468.0774 x3365,29
4000,Virgil Maggio,Alejandro.Bartell@example.org,Legrostown,(791) 755-2519 x8814,52
4001,Rebecca Smitham,Eldora_Gislason28@example.com,Sioux Falls,455-563-6769 x7100,63
4002,Josiane Jast,Charlene.Dooley@example.com,Watsicaboro,(709) 630-9861,56
4003,Alyce Ritchie,Solon69@example.net,Everetteville,256.998.8562 x25132,61
4004,Chloe Littel,Roland_Beier12@example.org,Ponce,1-244-457-2249 x33321,62
4005,Kellie Funk II,Laurie_Koss@example.com,Fort Christa,1-468-397-2760,56
4006,Max Champlin,Becky.Kuhn84@example.com,New Randallland,1-483-439-0992 x840,32
4007,Dr. Dallas Wilderman,Robert32@example.org,North Orinside,1-462-779-4953 x891,36
4008,Hester Beatty I,Travis_Prosacco@example.com,New Hadleystad,324-269-6670 x9891,26
4009,Audrey Barrows,Noah.Kautzer8@example.com,Johannland,(564) 894-4912 x57066,34
4010,Emanuel Heidenreich PhD,Miranda55@example.net,Kertzmannview,958.514.6339 x666,37
4011,Dr. Dimitri Strosin,Marcel25@example.net,East Lawson,1-617-621-5787 x3577,22
4012,Forrest Renner,Yasmine.Russel@example.net,East Deion,481.435.5908,27
4013,Bernardo Senger,Louvenia_Renner13@example.org,Mount Prospect,(819) 778-3415 x0113,59
4014,Elise Jakubowski-Donnelly,Rex0@example.org,Miami Beach,706.809.0857,34
4015,Joey Tremblay III,Obie_Davis@example.com,Ellsworthtown,(435) 840-1586 x953,54
4016,Jayme Collins,Ruthe.Kovacek24@example.com,Leahside,(370) 525-4132 x2114,32
4017,Fred Bode Sr.,Marianne66@example.org,Kingsport,547.832.8356 x3203,50
4018,Ms. Lauryn Pollich,Duane10@example.org,Grantberg,286.358.7200,34
4019,Jakayla Hane,Carolyne_Block-Bechtelar@example.com,Taunton,440.855.8590 x333,31
4020,Elwin Armstrong,Alysa_Kris@example.com,DeSoto,(897) 607-3884 x701,21
4021,Mr. Granville Roob,Regina_Kuhlman@example.org,Brandon,(578) 764-2711 x205,57
4022,Mr. Steve Reynolds,Kristina46@example.net,Bogisichfield,230.776.2362,20
4023,Lucy Predovic,Cody99@example.org,DeKalb,(230) 397-4946 x190,58
4024,Alonzo Roob,Lea.Barrows-Fritsch80@example.com,New Elena,897-494-2056 x37293,37
4025,Suzanne Schroeder,Rita14@example.net,North Aydenland,580-996-5507 x579,18
4026,Elisa O'Kon,Winifred38@example.net,North Tiannachester,(793) 689-7700 x85229,52
4027,Clayton Gutkowski,Neil_Torp@example.org,Lake Noetown,333.556.5116 x0682,55
4028,Julie Heathcote,Stacey.Kuhn51@example.org,Ziemebury,(625) 576-6850 x51762,59
4029,Ms. Georgia Rogahn,Verner.Lynch@example.com,Thelmashire,750.303.7381 x64615,21
4030,Dewey Leannon,Johnathan.Rodriguez@example.net,Smyrna,706.975.1165 x280,39
4031,Rochelle Hagenes,Suzanne48@example.com,Ankundington,1-401-350-6698,30
4032,Guadalupe Hahn,Amira_Feeney71@example.org,Cristborough,1-382-297-3449 x91194,19
4033,Alexis Herman,Annetta_Okuneva61@example.net,Council Bluffs,1-886-214-1951 x5175,60
4034,Hal Wunsch Sr.,Harvey91@example.net,Port Rickie,1-950-974-4907 x63552,26
4035,Archie Baumbach,Germaine.Brakus63@example.net,Bashirianbury,903.997.9884 x35390,40
4036,Colt Kulas,Coy44@example.org,Leuschkeville,1-313-752-3890 x73363,58
4037,Julianne Heidenreich,Christine68@example.net,South Omar,(681) 824-0879 x663,60
4038,Corey O'Keefe,Ethel6@example.com,Green Bay,(281) 283-9411 x3163,59
4039,Araceli Ankunding,Jermain.Maggio@example.net,Jastfield,1-223-681-2877 x796,42
4040,Joanna Hagenes,Eileen_Herzog@example.net,Port Stewarttown,412-269-3405 x67112,42
4041,Sandy Kihn,Nathanael.Batz64@example.org,Joesphboro,1-578-450-1659 x5472,54
4042,Jenny Heller,Blair1@example.org,Cheektowaga,629-281-4320 x53058,37
4043,Chester Pfeffer,Jesus33@example.org,West Eugeniahaven,909-227-7032 x0189,39
4044,Drew Greenholt,Eusebio74@example.com,Newport News,340.290.2284,59
4045,Reba Carter,Cheryl6@example.org,North Angelina,1-976-589-7237 x9640,60
4046,Kimberly Sipes,Xander_Kessler38@example.net,Port Lucindaworth,334-968-1603 x5375,63
4047,Louie Price,Candace58@example.net,Jaststead,1-621-424-9539 x189,59
4048,Wilfred Medhurst,Gene30@example.net,Lake Oda,(769) 699-7272 x24691,45
4049,Reinhold Hintz,Tara8@example.org,Lake Marvinstad,970-833-0994 x29619,33
4050,Magdalena Bode III,Juan.Murphy@example.org,Martaboro,462-572-0295,25
4051,Moriah Schaden,Oliver_Kertzmann91@example.org,Albany,654-346-9423,39
4052,Kenneth Medhurst,Dewey_OConnell89@example.com,Port Jennifer,209.932.4463 x198,58
4053,Pedro Rogahn,Rosemary.Pfannerstill25@example.com,Jacemouth,613.605.4235,54
4054,Santos Ryan,Earline.Jacobs@example.com,Boynton Beach,(781) 789-2117 x32198,22
4055,Erik Bergnaum,Giovanni5@example.net,Farmington Hills,696.526.9386 x292,19
4056,Madeline Barton,Hannah_Ebert@example.com,Minnetonka,1-591-960-7658 x6142,51
4057,Faye Wisoky,Valerie.Kuvalis@example.org,Gulgowskihaven,683.400.2129,32
4058,Regina Abernathy,Ben_Rogahn@example.org,West Frederiqueside,740-591-1086 x747,41
4059,Maximillia Yundt,Edwardo90@example.net,North Sylvester,1-821-308-1715 x650,36
4060,Adrienne Treutel,Adrienne.Monahan24@example.com,Wolff-Dickiberg,601-430-1463 x875,28
4061,Reba Macejkovic-Bergstrom,Rhonda78@example.net,Magaliview,838-424-3220 x1197,29
4062,Dr. Holly Botsford,Charlotte87@example.net,Port Tonyahaven,(704) 940-4516,58
4063,Teresa Block,Emelie_Sporer92@example.com,Kenyonchester,546.218.2732 x29708,29
4064,Shanie Hills,Rita.OConner9@example.org,East Iris,698-943-3350,58
4065,Lottie Bernhard,Mabel24@example.com,Mohrland,(398) 873-8872,35
4066,Diana Gutkowski,Vada.Dibbert8@example.net,Tobinbury,344-532-4243 x805,54
4067,Camren Murray,Jake38@example.org,Roobview,930.470.0322 x8786,61
4068,Marisa Fisher,Roderick_Waelchi-Bruen89@example.com,Zackeryton,(777) 816-6803 x488,49
4069,Beatrice Erdman,Dell79@example.net,North Naomi,823-972-6780 x2213,60
4070,Tami Ortiz MD,Judd11@example.com,South Alvina,791-200-4635 x5915,36
4071,Kirk Schmeler,Doris7@example.net,Handburgh,1-358-935-7370 x76749,32
4072,Stuart Luettgen,Zion.Bins@example.org,Lynchburg,1-641-565-8171 x010,23
4073,Kattie Davis,Danielle_Vandervort33@example.com,Rafaelatown,884.411.8933 x437,19
4074,Stella Corwin,Fleta_Hudson38@example.org,Port Germainestead,(782) 838-6380 x39594,42
4075,Marlin Terry,Liam_Shanahan@example.com,Lake Chrisbury,1-395-699-2048 x2410,50
4076,Jacky Witting,Rey.Daugherty@example.net,Lake Jonathan,251-854-7457 x30128,33
4077,Orlando Rosenbaum,Katherine30@example.net,Fort Sheriworth,794-814-7052,41
4078,Alvera Schowalter PhD,Rex_Walter@example.com,Carloport,1-601-965-6537 x01111,30
4079,Christina Muller,Gene.Denesik59@example.net,Fort Walker,(398) 647-9455 x2574,30
4080,Kristi Rempel,Adrienne_Goldner@example.com,West Kyleighton,1-364-317-2727 x453,62
4081,Mr. Dewey Herzog,Jarrell.Nolan@example.org,New Wadeboro,1-960-994-3532,32
4082,Louis Adams,Sabrina_Kessler@example.org,Schneiderfort,1-653-804-7950 x8775,53
4083,Simon Schamberger MD,Rita42@example.com,Pfefferchester,1-601-254-7585 x02647,65
4084,Jadon Douglas,Jaylan32@example.org,Wintheisermouth,(498) 539-7129 x6804,30
4085,Madyson Lesch,Allan84@example.net,North Hannah,262.839.7653,63
4086,Elaine Lemke IV,Donnell.Franecki@example.net,Port Miriam,(413) 811-2863,64
4087,Leilani Thompson,Otho.West38@example.org,Lake Cleve,684-983-3549 x999,40
4088,Bert Schmitt,Shanny86@example.org,Fort Percycester,1-806-964-6348 x41260,30
4089,Dorcas Tromp III,Travon11@example.net,Blue Springs,(267) 757-4068 x7951,20
4090,Jevon Sauer,Elias.Hauck@example.org,New Shawna,1-651-634-1501 x05925,18
4091,Nichole Gislason-Bernier,Eudora.Cruickshank@example.com,Port Giovanny,(250) 608-7894 x23909,61
4092,Gene Mohr-Toy III,Andre.Balistreri-Goodwin@example.com,Miami Gardens,332.417.9408 x03626,44
4093,Stacy Jacobs,Estefania_Bergnaum0@example.com,West Tamimouth,357.714.0225 x280,39
4094,Beverly Luettgen I,Duncan_Smith@example.net,North Vicki,690-971-5440 x41726,60
4095,Steve Gibson,Marion_Hessel-Spencer47@example.org,Murraychester,335.940.2061 x09164,60
4096,Armani Kris,Richie4@example.net,Berniehaven,1-799-667-6112 x039,61
4097,Ryan Cole-Fritsch,Karson22@example.org,New Scottland,282-700-0849 x931,62
4098,Berry Carroll,Carla_Koss@example.org,El Paso,799.238.3742,36
4099,Mr. Arthur Sawayn,Eveline58@example.net,Grapevine,1-865-862-6106 x6806,18
4100,Orval Ritchie,Lillie.Jenkins85@example.org,Irmastead,(717) 378-3274 x59906,32
4101,Orlando Schuppe III,Lucia_Dare18@example.com,Guaynabo,780.752.0511 x88398,61
4102,Pauline Predovic DDS,Maurice_Schimmel43@example.org,Vallejo,(453) 272-8576 x8580,21
4103,Jaylan Gulgowski,Uriah.Towne-Hessel7@example.com,Furmanview,(209) 323-1274 x2147,26
4104,Aubree Gusikowski-Pacocha,Bernadette_Bogan@example.com,South Dovie,719.744.1038 x93027,38
4105,Carlos Green III,Francesca.Balistreri86@example.org,Marietta,439.472.5923 x790,38
4106,Marsha Adams,Alan_Welch3@example.org,Nikoport,(394) 547-4030 x69850,19
4107,Maxine Kassulke,Nina56@example.net,South Keely,(420) 852-7635,26
4108,Ana Jaskolski,Jamaal.Mertz@example.org,New Hailie,944-743-7509 x03478,19
4109,Miriam Smith,Kristina_Walker37@example.com,Howellstad,(978) 507-3271 x643,50
4110,Rosendo Homenick,Diana_Steuber@example.org,North Lucilleside,1-536-236-8514 x36492,40
4111,Frank Kihn,Maggie_Morar@example.net,Princessside,1-935-571-1415 x7651,36
4112,Kellie Bins,Anna_Schroeder44@example.org,Stephanytown,957.470.6321 x882,50
4113,Lynette Emmerich,Kaley.Franecki@example.net,Candelariofurt,624-926-8369 x67293,61
4114,Julius Langworth V,Magnolia.Flatley@example.org,Ogden,372.561.0008 x03010,56
4115,Carlee Leffler,Geoffrey_Lowe@example.org,Wilmington,1-414-250-8425 x004,56
4116,Zachary Bahringer III,Garrett8@example.net,Deventon,1-953-765-9943 x850,30
4117,Justen Greenfelder,Greg94@example.org,New Irvin,625-535-5032,27
4118,Chloe Rodriguez,John.Corwin@example.net,Hesperia,1-948-820-4892,51
4119,Claudia Hodkiewicz-Cremin Jr.,Edward.Doyle33@example.net,North Jessicaside,876.583.2829 x78920,28
4120,Geo Veum,Edna.Ferry@example.com,Fort Blaiseberg,(966) 973-0294 x949,18
4121,Matilda Abbott-Bayer,Jailyn_Kilback@example.net,Mohrcester,335.709.8194 x4986,46
4122,Eldridge Fadel,Elva_Mayer@example.net,Ozellachester,(377) 971-6102 x02111,28
4123,Samuel Von,Gwendolyn_Kirlin53@example.com,Dareborough,1-859-392-1989 x634,44
4124,Pam Barton,Cleta_OConner@example.net,Prosaccoberg,459.853.2718,33
4125,Mr. Guy Botsford,Maxine.Legros57@example.org,Davetown,934-557-4582 x222,32
4126,Kamron Raynor,Ricardo_Wilkinson@example.com,South Theodorefurt,(501) 357-9176 x85698,34
4127,Maritza Luettgen,Melba.Luettgen@example.net,Gloverside,822.718.2965 x391,27
4128,Cecil Hansen,Zena.Roberts@example.com,Lake Darlene,(456) 258-6011,50
4129,Fermin Denesik,Cali_Stehr@example.com,Satterfield-Brownhaven,853.733.4453,63
4130,Granville Yundt,Jonathan.Kuvalis@example.net,East Trinity,(264) 345-0230 x0979,19
4131,Leon Frami,Angelo.Weber@example.com,Lake Claire,641.802.3052 x05554,20
4132,Susanna Rath,Elmer2@example.org,Lake Mark,525-920-8098,62
4133,Edmond O'Conner,Inez_Koelpin54@example.net,Linaland,320-241-4115 x331,30
4134,Jedediah Russel,Marc.Ortiz@example.com,San Jacinto,1-574-327-6499 x33749,28
4135,Miguel Barton,Gwen.Bradtke90@example.com,Ryderfield,999.355.1020 x15695,40
4136,Herman Bogan,Tracey.Christiansen@example.com,North Kristopherstad,750-975-1255 x99087,23
4137,Winona Stanton MD,Darnell_Brown@example.org,East Gina,1-471-469-4158 x61535,61
4138,Kay Reinger,Leigh.White46@example.com,Franeyborough,1-859-219-9922,24
4139,Willis Kilback,Woodrow_Upton@example.com,Lake Leoview,(260) 227-4006 x268,46
4140,Tom Hessel,Randolph_Bruen@example.org,Hermannberg,850-530-7836 x854,59
4141,Chadd Hoppe,Gretchen72@example.com,Geneton,1-491-867-9588 x36154,47
4142,Eleanor Gutkowski,Brenda.Gorczany@example.org,Moenton,(458) 885-9466 x0225,54
4143,Mr. Andres Lehner,Kendra_OKeefe@example.com,Waylonhaven,1-590-664-6195 x01802,35
4144,Rachael Reichert,Eda76@example.org,New Juanitamouth,(884) 752-4271 x8725,20
4145,Denis Dare,Marietta.Lebsack83@example.org,East Augustine,847.703.8684 x16737,24
4146,Ara Ruecker,Riley.Tremblay13@example.com,Bernardberg,447-863-7199 x51393,46
4147,Jimmie Hauck,Kirk_Bogan10@example.org,Rosettafurt,(506) 411-1059 x600,52
4148,Irene Kassulke Sr.,Damian_Durgan1@example.org,Hyattview,623.352.4446,51
4149,Connor Blanda,Gregory_Runte@example.org,Lelandhaven,1-601-430-2929 x0852,29
4150,Carmelo Upton,Percy.Fahey38@example.net,Grimesberg,509.675.9499 x107,19
4151,Webster Mitchell,Edyth_Hayes@example.net,Ortizland,940.521.8735 x784,53
4152,Gerhard Bergstrom,Hannah.Gislason@example.net,Peggyboro,230.900.2892 x165,64
4153,Brandi Cummerata,Avis_Koelpin@example.net,Lake Brisa,289-896-1074 x474,18
4154,Rickey Dare,Ricky_Schoen@example.org,Fort Levi,372-466-4013 x943,40
4155,Sydni Kuvalis,Ann_Jerde21@example.org,Streichfort,(268) 338-9647,27
4156,Sheri Mraz,Pablo56@example.org,Fort Leah,382.991.6255 x59776,30
4157,Luis Crooks,Lula59@example.net,Friesencester,430.860.4937,49
4158,Audie Bernhard,Elfrieda_Connelly@example.org,North Brodyport,809.733.3027 x7323,21
4159,Jay Simonis,Shelia.Rau@example.org,North Little Rock,(504) 480-0238 x264,57
4160,Jeramy Krajcik,Henri65@example.com,West Mckenzieworth,(412) 335-1257 x49539,57
4161,Cecil Ledner,Wilbur.Hessel@example.org,Lake Martaville,1-778-376-8777 x9636,44
4162,Mattie Herzog,Gayle_Buckridge@example.net,Delmerfort,1-424-330-3674 x475,28
4163,Cayla Schultz,Assunta41@example.net,East Monicaburgh,970-433-3853 x1927,34
4164,Irvin Hickle,Titus_Spinka@example.net,Johnsonstead,636.921.1871 x6954,58
4165,Agnes Willms,Shad.McLaughlin@example.net,Ashleecester,(682) 844-1734 x934,63
4166,Burnice Macejkovic,Taylor.Rempel@example.com,Matthewcester,1-685-686-1880,59
4167,Inez Crist,Kara86@example.com,Logan,565-486-7827 x4571,30
4168,Sven Ritchie,Ressie50@example.org,Rutherfordfield,(947) 204-3855 x240,47
4169,Ada Schamberger,Rickie.Schneider@example.net,East Violetteberg,(495) 408-9813 x1387,39
4170,Miss Marsha Miller-Walker,Jeremiah.Franey@example.com,Amaniview,(790) 487-5101 x607,62
4171,Rick Lesch-Bartell,Eileen_Herman@example.com,Lancaster,(423) 569-1499 x801,47
4172,Miranda Bogisich Sr.,Kelley_Hermann@example.org,Naderbury,1-532-829-0719 x7841,50
4173,Vera Schaden,Olga.Kunde@example.org,Windlerton,(331) 264-3686 x78900,52
4174,Keshawn Turcotte,Jonathon_Bechtelar@example.com,Erinport,652-223-0880,41
4175,Devan Powlowski,Elbert86@example.com,Lucyville,(836) 372-5204 x47990,55
4176,Toby Krajcik,Shania53@example.org,Fort Conniebury,469.636.4772,54
4177,Everette Miller,Ellis_McKenzie33@example.org,East Dangeloside,840.529.7008 x321,37
4178,Edgar Halvorson,Raven_Homenick@example.com,New Bobbieland,1-564-563-0457 x7416,25
4179,Helen Graham-Thompson,Lionel.Lebsack@example.net,Marcellusborough,(877) 499-6393 x636,37
4180,Carol Bode,Natalie.Oberbrunner@example.com,Deckowfort,381-296-1727 x957,63
4181,Lindsay Lockman-Cole,Daryl78@example.net,Lake Sheri,(705) 522-4531 x5563,41
4182,Theresia Cronin,Myra.Murazik65@example.com,Saigeberg,1-898-219-0207,27
4183,Filiberto Littel,Karen_Borer@example.net,New Ashleyhaven,1-656-787-1687,47
4184,Mrs. Nicolette Marquardt,Crystal.Willms22@example.org,South Tatumfurt,278.652.6671 x2358,40
4185,Alma Larson-Emard DDS,Zechariah.Bechtelar90@example.com,Kaylinview,681-850-0114 x777,40
4186,Meghan Abbott,Emerson48@example.com,Devinland,1-690-922-1988,52
4187,Kristopher Considine,Malachi_King@example.com,Port Erlingtown,558-421-5576 x984,34
4188,Julia Ernser,Van_West@example.com,Cedar Hill,340.677.6669,50
4189,Estelle Ankunding,Suzanne.Hirthe27@example.net,Fort Fidelland,1-997-472-7342,60
4190,Mr. Shawn Buckridge,Jim.Hermann@example.net,Boulder,1-795-858-9330 x5147,42
4191,Mr. Blair Bosco,Anastasia.Halvorson48@example.com,West Claraport,(969) 978-4205 x2702,20
4192,Alysson Douglas,Sammie.Carroll@example.org,Reynoldshaven,452.250.0577 x648,23
4193,Tremayne Crona,Darren8@example.net,La Mesa,1-564-558-8054 x511,40
4194,Naomi Marks,Caleigh11@example.com,Lake Sherrifield,1-401-830-3203 x2464,28
4195,Terri Lubowitz,Kelly_Langosh14@example.org,Lake Stanfurt,734.919.3243 x6407,19
4196,Johanna Bradtke,Theresa_Funk0@example.org,Hermistonchester,504-257-9074 x09444,56
4197,Nora Effertz PhD,Kristine_Parisian55@example.net,Watsicaworth,932-873-4613,65
4198,Beulah Ryan,Kyra.Nikolaus21@example.com,Arthurhaven,836.208.5769 x5626,48
4199,Lelah Stoltenberg,Beatrice.Feil25@example.org,New Scottie,1-512-264-8138 x057,40
4200,Patty Lubowitz,Cristina_Durgan79@example.net,Naderville,712-625-4490 x92184,52
4201,Hazel Schinner,Pete66@example.net,East Terranceburgh,373.663.2391 x13334,62
4202,Justen Hahn,Theresia.Nikolaus@example.org,Ankeny,(944) 550-8346 x7294,34
4203,Alton Langworth,Kennedi16@example.org,Port Missourichester,479.936.8620,52
4204,Eloise Parisian Sr.,Leland_Kertzmann69@example.com,Jermainboro,1-871-491-1800 x7254,49
4205,Mr. Phil Cormier,Linda_Zboncak@example.org,West Celestino,431-524-5749 x624,38
4206,Isabel Thiel-Bruen,Harry_Lubowitz@example.org,Alafaya,(276) 597-4938,25
4207,Dr. Dawson Grimes,Essie_Weimann11@example.net,Luzbury,1-768-896-7216 x5984,59
4208,Marshall Mante,Nellie_Monahan22@example.com,Buena Park,(956) 375-2392 x111,35
4209,Jamarcus Moore,Darrin.Ledner@example.org,Lake Rylanton,290-440-3432,60
4210,Sandy Weber,Caden_Pacocha87@example.com,Cuyahoga Falls,324.768.9808,34
4211,Clarence Abbott DDS,Lorena23@example.com,East Davidburgh,(886) 594-9595 x4857,50
4212,Everett Mann,Darnell86@example.org,Stiedemannbury,201.824.3287,50
4213,Bernadette Rosenbaum,Luther_Stiedemann@example.com,Dinofield,(777) 770-0687 x815,35
4214,Jasen Yost,Tim.Hoeger@example.org,Javierview,(881) 535-8862 x83863,21
4215,Stella Lubowitz,Elmira_Price58@example.net,Jeffworth,1-994-334-6516 x236,39
4216,Dianne Beer,Henry.Tremblay11@example.org,Lake Lorenaberg,(495) 528-4753 x10946,23
4217,Miss Velma Towne,Izabella.Monahan-Kessler@example.org,Nashberg,1-915-457-1896 x714,63
4218,Kayla Watsica,Freddie_Hackett43@example.org,Port Adelbert,297-657-1793 x784,31
4219,Haylie Huels,Wesley_Mosciski@example.org,Salem,1-980-688-5020,52
4220,Brianne Heathcote,Leopoldo.Russel@example.net,South Tiffanyton,(613) 935-6760 x3545,29
4221,Noemi Larkin,Rosalyn_Legros@example.org,Elmhurst,465.339.4873 x1145,26
4222,Tyler Crooks,Lynette.Gleason@example.net,Deckowshire,756-565-0769 x12111,37
4223,Dee Upton,Jazmin.Smitham@example.net,Bahringerburgh,1-765-714-3658 x441,55
4224,Frederique Blanda,Ramiro_McGlynn@example.org,Berniebury,533.623.1074 x16215,56
4225,Juvenal Kunde,Lyda_Halvorson@example.com,Lake Al,(502) 944-4665 x824,37
4226,Alfred Kautzer PhD,Ariel.Padberg@example.net,Compton,827.515.7416 x9594,18
4227,Elvira Crooks,Tommy.Paucek@example.net,South Wanda,403.541.1085 x06539,52
4228,Francisco Brakus,Kay89@example.com,North Ignacio,426-691-8991 x980,35
4229,Miss Loy Ryan,Eleanor41@example.com,North Rockybury,753.885.7975 x54326,21
4230,Stacy Gutkowski,Kimberly63@example.net,Lancaster,(268) 670-0525 x01237,40
4231,Hope Gulgowski,Leon_Bartell82@example.org,Madison,(955) 336-6831 x4031,30
4232,Faye O'Reilly,Devyn.Spencer@example.net,Bruen-Haagfurt,660.498.7744 x7913,37
4233,Chester Willms,Kamille_OKon0@example.org,Botsfordside,1-612-998-5438 x3305,28
4234,Myron Friesen,Rodolfo85@example.com,Roderickstad,(369) 662-2135,49
4235,Rae Kuhic,Sammie.Fritsch@example.com,Lake Jermainetown,964-405-9034 x442,38
4236,Corey Quitzon,Miranda.Welch-Keeling@example.com,Paulafurt,512-530-9228 x9782,24
4237,Gina McGlynn,Lizzie26@example.org,Fort Patty,704-552-7245,45
4238,Miss Mildred Mitchell,Noemie_Block94@example.com,Kennewick,1-678-559-0867,60
4239,Ms. Lucille Hilll-Beer,Amanda45@example.com,Zulauffort,1-970-840-0844,65
4240,Prince Kuhic,Nayeli26@example.com,Port Darrel,243-267-3285 x78578,24
4241,Lindsey Toy,Cathy_Murray@example.net,Londonland,(677) 457-7939,53
4242,Cassandra DuBuque,Boris_Botsford4@example.net,South Bryce,(231) 720-9583 x61329,57
4243,Stephen Lynch-Blanda,Buck51@example.org,Conroybury,(862) 581-4049 x84662,63
4244,Garfield Smitham,Judith_Haag@example.net,South Cletus,1-534-225-8789 x6393,46
4245,Lynne Ryan,Rhett_Rippin60@example.net,Jakubowskiville,(397) 947-7502,28
4246,Byron Tromp,Ted_Durgan25@example.net,Fort Miriam,1-938-761-9439 x7744,19
4247,Ms. Betty Reynolds,Turner92@example.org,South Maximillian,(530) 760-8287 x248,40
4248,Buddy Denesik,Rosemarie.Kulas4@example.org,Dunwoody,482.596.4242,48
4249,Wade Predovic IV,Jeanie.Schmitt@example.org,Bergnaumfurt,826.344.7334 x15578,45
4250,Mrs. Sasha Hessel,Becky_Gerhold76@example.org,Marquardtburgh,546.887.9514,29
4251,Eva Corwin DVM,Everardo43@example.net,Ramiroburgh,394-218-2341 x45755,38
4252,Dorothy Rutherford,Jose.Block@example.net,Langoshworth,(255) 523-7151 x89152,48
4253,Sarai Towne,Dejon_OKon@example.org,Trudieton,854-507-3674,56
4254,Mrs. Elliott King,Ethyl.Emard@example.net,Beckerland,(299) 256-5047 x262,25
4255,Annie Bednar,Toby.Beier98@example.org,North Hayden,618.843.6370 x9643,44
4256,Pablo Boehm,Derick90@example.net,Lawrence,850-594-7137 x897,29
4257,Dr. Paula Harvey,Markus_Wilderman@example.org,Springdale,1-522-238-3223 x46541,40
4258,Lincoln Schoen,Earl_Grimes@example.net,Elodyview,375.795.7859 x68307,50
4259,Glennie Jast,Ignacio24@example.com,Keanuview,366-888-1048 x982,62
4260,Miss Jalen Howell,Pascale.Maggio93@example.org,Burke,(768) 780-8581 x5547,47
4261,Lavinia Kessler,Keyshawn.Lockman@example.com,Santa Ana,791-497-2177 x81465,37
4262,Abdullah Hyatt,Lionel30@example.net,Metzview,1-624-903-5211,59
4263,Edwin Jacobs,Emelie19@example.com,East Shirley,706-892-7934 x81492,58
4264,Eugene Parker-Keebler,Marco.Lesch57@example.net,Port Myrtle,1-915-944-2748,45
4265,Jessica Langworth,Mindy.Bernhard72@example.org,York,297.823.0157 x0253,25
4266,Jefferey Schmidt,Paige.McDermott@example.net,New Marciacester,496.964.1929 x936,25
4267,Helmer Lehner,Clayton72@example.com,South Taya,222-387-5569 x5152,46
4268,Jill Turner,Karla.Schmeler@example.net,Port Jacqueline,231-332-8026 x40892,54
4269,Merritt Hoeger,Reina.Terry@example.com,Bethlehem,(288) 569-8125 x40852,54
4270,Carrie Wiegand,James57@example.com,Jenkinsview,631.292.0523 x69855,57
4271,Monica Swaniawski,Kiarra_Nienow-Runolfsson@example.com,Lake Claudia,1-551-309-3309 x82457,63
4272,Mr. Bruce Emmerich,Preston40@example.org,Wolfberg,(867) 428-8793 x603,61
4273,Flora Dietrich,Jeffrey_Ratke40@example.net,Beerstead,294-940-9862 x2909,25
4274,Reggie Dooley,Fred.Larson-Goldner52@example.com,Venaburgh,272.909.4429 x9796,22
4275,Kristina Morar,Abigail_Ziemann0@example.com,Novellatown,1-672-574-3043 x186,50
4276,Loren Marvin,Golda.Schulist97@example.net,North Fritzmouth,705-898-3249 x8004,26
4277,Angelina McClure,Ashleigh_Wunsch81@example.net,Lake Arlene,451-501-1689 x183,48
4278,Dr. Wyman Hauck,Fletcher_Robel85@example.net,Hillsboro,442-963-7766,53
4279,Rudolph Lowe,Dortha.OConnell22@example.com,Lenafurt,870-393-1989 x849,32
4280,Benedict Swift,Christine.Lakin39@example.com,Manteca,782.376.5419 x21277,47
4281,Deshaun Pacocha,Osvaldo91@example.org,North Fannie,496-320-9232 x2676,59
4282,Jennifer Hyatt,Patty.Botsford30@example.net,Grapevine,288-823-8872 x9078,54
4283,Vanessa Conn,Tracey21@example.net,Gulfport,480.867.3537 x4017,32
4284,Scott Wuckert,Jewel_Barton@example.net,Nakiaboro,889.775.5918 x0443,60
4285,Katie Lebsack,Cali.Streich-Heidenreich@example.com,New Carl,492.379.3993,37
4286,Cleta Cremin,Carl.Yundt@example.com,Katarinabury,623.864.8146 x590,60
4287,Grace Waters,Destany.Crist48@example.net,Chadrickfield,(951) 818-1578 x77744,31
4288,Julie Mante,Brittany.Hessel@example.net,Fort Walker,544-825-6617 x0240,21
4289,Eleazar Goyette,Polly.MacGyver@example.net,North Lindsay,523.866.0736 x740,40
4290,Enola Lubowitz PhD,Erwin.Abernathy87@example.com,Grapevine,(821) 796-9702 x03383,19
4291,Dr. Pat Dach,Freddie34@example.org,Roobboro,965.256.9192,23
4292,Devante Glover,Marilou_Cummerata@example.net,Mirandafort,219.349.2837 x572,40
4293,Alfredo O'Connell,Dominic97@example.com,Port Annetta,991-668-4964 x74171,63
4294,Arnoldo Sporer,Miranda_Pacocha42@example.net,Baton Rouge,309.476.2026 x004,39
4295,Jon Erdman,Ada_Rau46@example.net,Ronnieland,1-428-881-1634 x124,25
4296,Chris Walsh V,Boyd37@example.org,Fort Troy,855.268.7430 x822,44
4297,Regina Funk,Ben_Carroll48@example.net,Myrtleburgh,759.223.6667,54
4298,Clovis Cremin-Ebert Sr.,Georgette85@example.org,Lake Meaghan,262.570.4877 x8954,61
4299,Arturo Runte,Alex_Effertz@example.net,Breitenberghaven,846.863.2091 x4394,55
4300,Jon Koepp,Michele0@example.org,Schmidtberg,278.385.2136 x4491,33
4301,Miss Ebba Ondricka,Orlando_Bahringer@example.org,Juneberg,(909) 923-1123 x7308,24
4302,Joan Fadel,Rick_Padberg57@example.com,New Spencerboro,882-417-1809,59
4303,Ms. Hailie White III,Margret.Erdman@example.org,Port Fredhaven,680-293-1932 x35010,43
4304,Veda Maggio III,Lloyd17@example.net,Brooklyn Park,471-326-5126 x613,59
4305,Mr. Mohammed Friesen Sr.,Mohammed84@example.org,Meganton,810.387.5287 x0933,21
4306,Levi Greenholt,Sidney.Treutel33@example.org,East Urban,217.436.9387,29
4307,Ms. Rowan Wuckert Jr.,Daniel_Crona59@example.org,Beahancester,409.283.5941 x47165,33
4308,Rowland Ortiz,Verner_VonRueden@example.com,Terrancefort,668-827-5934 x93769,53
4309,Jakayla Krajcik MD,Beverly73@example.com,West Lorena,385.285.4980 x303,60
4310,Elaine Jacobs,Francisco.Upton67@example.net,Lowellberg,(763) 495-8947 x23936,57
4311,Jacob Harber,Donald_Ruecker@example.net,Gagemouth,(774) 710-1994 x426,58
4312,Elouise Pfannerstill,Todd.DAmore89@example.net,Miramar,356-666-9248 x26682,51
4313,Doyle Harber,Roosevelt_Quigley@example.com,Cierraview,466-548-8786,45
4314,Valerie Farrell,Jerry.Fadel@example.net,North Julian,1-644-753-4331 x78420,32
4315,Mrs. Christy Beier,Easton_Mante92@example.org,Dickistead,421.548.3477,19
4316,Yazmin Borer,Danny75@example.com,West Terrillberg,428-302-5721,33
4317,Mr. Drew Konopelski,Kari73@example.com,Hermistoncester,1-407-620-3239 x9503,64
4318,Alanna Dooley III,Darwin31@example.org,Aliso Viejo,(999) 742-1697 x6636,58
4319,Sam Sanford,Pauline.Mayer32@example.com,Breitenbergside,(965) 698-4242 x35644,30
4320,Alexie Hayes,Lula_OReilly30@example.net,Smithfurt,647.519.1940,53
4321,Jeremy Lockman,Virginia.Ferry36@example.com,Aronview,(852) 593-2283,51
4322,Halle Lang,Parker_White7@example.net,Strosinport,1-503-681-0057 x4535,41
4323,Micheal Farrell DVM,Kimberly.Lehner@example.net,Port Melaniecester,1-271-218-5073 x42585,58
4324,Quinton Zboncak,Jeannie_Aufderhar59@example.org,Edwardside,(515) 828-8409,52
4325,Alexys Lindgren PhD,Maudie15@example.com,West Denise,1-815-238-9216,60
4326,Reymundo Lehner-Schmitt,Ada_Barton@example.com,Hendersonville,(356) 239-6795 x11425,18
4327,Krystel Nikolaus,Dianne47@example.net,Patricktown,350.773.0852 x3635,62
4328,Peyton Yost,Rosamond_Miller79@example.com,North Byronbury,679.960.1255 x21505,47
4329,Marquise Bartell,Lynette_Zulauf@example.net,New Glendaville,680.534.8732 x15459,31
4330,Carroll Olson,Wayne_Upton@example.com,Albuquerque,282.676.6732,38
4331,Chauncey D'Amore IV,Valerie_Schmeler@example.net,Lueilwitzport,(381) 846-3999,28
4332,Mr. Domingo Rath-Kuhic,Ruby63@example.com,Ondrickafield,778-592-4207 x208,51
4333,Kelley Paucek,Ricardo28@example.net,Costa Mesa,392.976.7494 x3033,57
4334,Kane Sipes,Germaine11@example.net,Cummingsberg,233.571.6062 x5854,33
4335,Mrs. Claire Wuckert,Olivia.Satterfield@example.com,New Regina,792.864.9806 x29346,48
4336,Mrs. Litzy Nienow,Alexandria31@example.com,West Chadrickfield,(834) 899-8934,48
4337,Miss Tiffany Prohaska,Nora_Satterfield@example.net,Stephenhaven,(854) 338-4800,56
4338,Hank Mraz-Dickens,Kelvin_Klocko34@example.org,South Earline,(568) 548-4954 x723,31
4339,Raleigh Sporer,Judd45@example.com,Amelialand,1-557-786-3855 x47873,49
4340,Imogene Jenkins,Olga.Davis@example.org,Joplin,281.308.3486 x3666,43
4341,Samantha Price MD,Federico21@example.net,Lake Kaitlin,1-469-766-0062 x10110,40
4342,Alize Rau,Joe.Glover26@example.org,Gastonia,806-516-5636,18
4343,Ronnie Parisian,Flossie_Farrell@example.org,New Maximefurt,551-772-4215,51
4344,Maggie Mertz,Bernard.Rutherford10@example.net,Missoula,(315) 924-8158 x6410,35
4345,Kate Erdman,Lisa.Bogisich80@example.com,North Pierrestad,(605) 260-3412 x528,26
4346,Brandi Gutmann,Ronnie_Satterfield@example.com,Lake Kristinacester,380.912.1980 x0869,50
4347,Clyde Lebsack,Herman.Rath5@example.com,Bauchstad,(657) 872-5896 x156,25
4348,Antoinette Lubowitz,Minnie_Jaskolski@example.com,West Eloise,659.276.6456,44
4349,Elissa Bradtke,Jimmie49@example.org,West Lawrenceview,1-203-941-9978 x4238,22
4350,Elena Shields,Ivy.Flatley@example.net,New Cristian,987-663-8913 x82948,34
4351,Mrs. Ophelia Cummerata-Boyle,Ernestine74@example.org,Doncester,281.327.7691 x10503,45
4352,Natasha Skiles,Vicki.Stroman@example.org,MacGyverhaven,627-360-5555 x6379,41
4353,Stella Howe,Vaughn_Smitham1@example.org,Carrollshire,317.820.3338 x800,34
4354,Mariana Hamill,Ismael_Jacobson42@example.com,Santee,218-356-8021 x8061,38
4355,Meghan Gibson PhD,Vicki81@example.org,Fort Leon,(271) 915-2587,59
4356,Pablo Predovic,Clifton74@example.net,Shaunfurt,(828) 821-8036 x6889,59
4357,Brent Goodwin,Eileen_Goodwin55@example.net,West Salvador,847-925-4577 x740,56
4358,Horace Heller,Kathleen.Bradtke69@example.org,South Zachary,1-809-963-4433 x42517,47
4359,Mr. Chelsie Brakus,Kirsten76@example.org,West Linwoodstad,986.357.1828,50
4360,Mozelle Wolff,Devin.Schoen7@example.org,South Amandaboro,(862) 336-5430 x124,26
4361,Miss Joanne Kertzmann MD,Tianna_Casper85@example.com,West Blanca,1-597-808-0756 x61585,25
4362,Justin Christiansen,Brionna42@example.net,Allenfort,1-490-420-8049 x5160,25
4363,Alyssa Christiansen PhD,Beverly.Bernier92@example.net,Kautzercester,1-984-290-2381 x87449,61
4364,Sheri Witting,Jennie54@example.org,Anaboro,613.244.4351 x576,50
4365,Gilbert Schmitt,Kate74@example.net,Keeleyville,1-774-567-4519 x60399,22
4366,Dominic Schiller,Hattie16@example.net,South Joanboro,306.981.7164 x061,45
4367,Myra Fay,Kristi_Ondricka@example.org,New Ressie,1-931-358-0410 x079,59
4368,Audrey Ortiz,Cleveland11@example.net,New Brunswick,1-542-786-1073 x58586,50
4369,Orlando MacGyver,Milton37@example.org,Kuhncester,238.695.3408,60
4370,Miguel Brekke,Sue_Yundt@example.net,Millerfield,1-462-421-7486 x916,40
4371,Sonja Lakin,Delfina_Gleichner56@example.net,Lake Virginiamouth,936.888.8760 x8897,39
4372,Allison Langworth IV,Dion53@example.org,Millsside,393-249-7772 x9379,59
4373,Tony O'Keefe,Eldred.Luettgen19@example.org,Pinellas Park,941-696-5689 x097,32
4374,Lulu Gutmann-Mann,Latoya84@example.org,Josephmouth,775.261.8841,24
4375,Lorene Hansen,Nannie61@example.net,Fremont,942-310-9142 x0750,27
4376,Clark Larkin,Dwayne19@example.com,Framiburgh,(205) 741-2882 x6671,59
4377,Stella Farrell,Pamela.Osinski73@example.net,South San Francisco,1-562-708-4163 x4357,23
4378,Janelle Bednar,Conrad.Nader@example.org,Edgardofort,(443) 549-4121 x995,58
4379,Warren White,Mara16@example.net,Rosemaryfort,(941) 231-3758,44
4380,Patrick Gottlieb DDS,Lelia_Swift33@example.org,North May,1-365-989-9654,44
4381,Prince Dickinson,Elmer39@example.net,Sophiebury,(312) 263-6738,32
4382,Tracey Watsica,Janet70@example.net,East Isabell,873.669.5945 x146,62
4383,Kenny Kerluke,Jasmine55@example.net,Brandon,425-341-2361 x1793,21
4384,Norberto Champlin,Sophia_Senger@example.com,Fort Smith,696.786.6372 x26282,63
4385,Darren Treutel,Kyle56@example.org,Tulsa,1-277-793-9813 x100,26
4386,Kelvin Hilpert,Beulah33@example.com,Brentwood,843.678.1621 x8904,38
4387,Cassandra Aufderhar,Tyra9@example.org,Phyllisfort,382.762.1408 x9329,26
4388,Nathen Kling,Gianni_Thompson84@example.org,West Clayton,648.753.1827,63
4389,Mr. Owen Schimmel,Megan74@example.net,Ocieport,830.772.8514,32
4390,Roberta Hintz,Jermaine.Mitchell@example.net,Pfeffershire,888.227.0778,18
4391,Miguel Rice,Madison31@example.org,Samstad,456-287-5151 x600,43
4392,Mrs. Raina Fahey,Brock_Blanda@example.com,Hackettville,1-376-918-6596 x20151,56
4393,Kyler Gleason,Terrill_Rippin@example.org,Leroycester,202-492-8488 x3870,24
4394,Alexanne Mraz,Elvira.Klein@example.com,Clayberg,261.298.0721 x337,38
4395,Ara Crooks,Khalid1@example.net,Reno,1-854-446-8395 x4511,37
4396,Alberto Kuhn,Carroll.Collier53@example.org,New Billberg,(237) 545-6466 x33637,18
4397,Golda Torp,Vada_Konopelski9@example.org,Lemkeview,(924) 450-6194 x8441,45
4398,Alyce Kunze,Rosetta.Kulas@example.com,Wesleyhaven,777-708-8829 x68042,25
4399,Molly Bogisich,Johnathan6@example.com,East Providence,438-336-2113 x463,48
4400,Laurianne Hessel,Andres_Cummings@example.org,Dessiefort,1-945-611-6607 x3931,52
4401,Dr. Rolando Feest,Cicero17@example.org,Paradise,887.263.5793 x766,49
4402,Francesco Grant,Lelia43@example.org,Emmettberg,(425) 366-4813 x3239,26
4403,Wanda McGlynn,Rickie_Quitzon-Ortiz72@example.org,Sporerview,(337) 555-6571 x478,47
4404,Isidro Connelly,Amelia_Shanahan12@example.com,East Carol,(789) 320-9125 x663,30
4405,Samir Grimes,Forrest.Upton@example.com,Larkinfurt,(412) 428-6000 x85128,46
4406,Cheyenne McCullough PhD,Mateo_Schamberger@example.net,East Hopecester,723.378.9126,51
4407,Emmitt Robel,Jacinto_Jenkins@example.com,St. Paul,1-584-757-1923 x7949,43
4408,Vern Huel,Rosario.Schimmel37@example.com,West Jay,913.878.0644 x51154,43
4409,Nathaniel Ullrich DDS,Ruth.Ortiz93@example.org,Port Elenorcester,(428) 469-1582 x933,55
4410,Brown Dietrich,Dereck_Cummerata16@example.net,Port Mae,635.389.4222,46
4411,Hubert Muller,Oscar82@example.org,Lake Candacestad,1-728-738-5129 x628,52
4412,Rose Rempel V,Steven_Koss-Pagac@example.com,East Helmer,1-258-465-2095 x27678,27
4413,Clifton O'Kon,Jessica42@example.net,Blakeville,1-209-453-3559,34
4414,Lelah Kovacek,Philip_Kerluke@example.com,Strackeborough,1-485-446-5121 x51013,59
4415,Camille Weissnat,Tim_Lubowitz95@example.com,Port Erinport,(574) 763-7474 x96715,45
4416,Sim Hagenes,Earl.Nicolas61@example.com,Warren,(629) 994-9889 x3874,57
4417,Candelario Beer,Tonya.Doyle-Ankunding5@example.com,South Debbie,614-665-4452,48
4418,Giovanna Greenholt,Flo_Wuckert@example.com,South Garret,1-242-707-2647,27
4419,Willard Mosciski-Bechtelar DVM,Dustin88@example.org,Jacquelineport,1-623-793-9041 x4732,27
4420,Dean Walsh,Marc25@example.com,Thielmouth,(301) 743-3403 x4401,36
4421,Kelley Collins,Rosie4@example.com,New Titusburgh,(328) 880-9329 x619,52
4422,Bernice Yundt,Leonard39@example.net,Natalieport,(556) 498-5126 x00218,53
4423,Valentine Moore,Velma_Borer@example.com,Tillmanmouth,(954) 815-3766,52
4424,Linnea Yost,Desiree.Adams4@example.org,West Shawn,(735) 686-6592,46
4425,Julio Walker,Santiago60@example.com,Janiefort,(899) 719-1824,45
4426,Dr. Tara Kuhn,Orin86@example.org,Fort Amari,(869) 388-7280,25
4427,Lolita McDermott,Ernesto_MacGyver@example.net,South Wilton,828-491-9704 x917,27
4428,Carla Veum,Horacio65@example.com,Davecester,(255) 216-5053 x04951,33
4429,Zechariah Koch-Satterfield,Johnny61@example.net,South Theofort,(658) 494-2288,40
4430,Benjamin Deckow,Joy_Cummings13@example.net,Harveyfort,301-411-6219 x1860,19
4431,Mr. Justin Tromp,Ryder_Hagenes97@example.com,Lake Eloise,1-440-422-9364,44
4432,Katherine Abshire,Geovanni_Kuphal@example.net,West Jackeline,777.374.2747 x525,30
4433,Elnora Lindgren,Waldo53@example.org,Markusworth,508.283.4466 x1666,26
4434,Coleman Schowalter,Rogers5@example.org,Lake Gordonfield,1-912-457-6504 x517,59
4435,Jarod Klocko,Evelyn_Stroman@example.net,Hanestad,(976) 434-2107 x9194,62
4436,Aliya Bernier I,Jean.Bechtelar@example.com,Lake Dee,(890) 462-3809 x5200,23
4437,Avery Ankunding,Afton21@example.net,McLean,600.406.6016 x9073,32
4438,Felix Cremin,Clarabelle9@example.com,East Loushire,666.559.0907 x04282,47
4439,Alden Jacobi-Botsford,Marietta_Kohler@example.net,Juliannebury,(928) 744-6435 x426,33
4440,Tomas Hahn,Oliver_Bergstrom57@example.net,Gregtown,652.779.2035 x92457,31
4441,Gaetano Rosenbaum,Aleen.Runolfsdottir@example.com,Binghamton,704.881.1783,63
4442,Mrs. Sherry Hudson,Malinda_Adams@example.com,Parisianfurt,989.635.2155,54
4443,Miss Maybell Hagenes,Shyann86@example.com,East Velma,1-867-697-4974,58
4444,Tyrone Abernathy,Emil77@example.com,Charlotte,1-431-823-4595 x4804,62
4445,Mrs. Anna Pacocha I,Claudine.Ruecker@example.com,West Riley,473.903.7609 x8622,57
4446,Lester Konopelski,Salvador_Hoeger66@example.com,Port Steviefort,409.769.0534 x11276,21
4447,Traci Barrows,Vivien41@example.org,Hellerchester,484-536-3342 x6536,48
4448,Elenora Lowe IV,Britney.Jones74@example.com,Daphnechester,439.951.0388 x3633,51
4449,Eunice Bashirian,Lauryn41@example.org,Dayton,(499) 534-3731 x67652,37
4450,Lyle Powlowski,Myles21@example.com,Collierville,1-914-754-5550 x03910,53
4451,Mr. Jany Rempel,Sally.Cronin32@example.net,Fort Marshallside,1-567-970-9538 x4336,59
4452,Kimberly Monahan-Padberg,Delia_Barrows@example.net,Davionstad,1-538-612-4769 x079,30
4453,Bernard Towne,Kenyon_Miller@example.org,Lake Tamiastad,795.622.8217 x823,27
4454,Deon Pfeffer,Barbara11@example.org,South Julieshire,890.730.1222,40
4455,Bradford Mohr,Adrianna.Cummerata37@example.com,Fort Brian,679-540-8395,32
4456,Ms. Marlin Mertz I,Laurence5@example.com,Kreigershire,256.280.4994 x05345,26
4457,Magnus Feest,Ronald75@example.org,Trenton,711.624.2774 x434,47
4458,Ellie Frami,Corene_Cormier@example.com,Lake Melissa,(674) 383-1678,60
4459,Jefferey Johns,Arvid51@example.com,Connellyfield,611.797.6214 x01074,59
4460,Van Armstrong,Kobe_Leffler@example.org,Carlosport,441.254.4587 x3528,41
4461,Mrs. Lorna Mills Sr.,Keven.Tillman78@example.net,South Omar,1-224-559-9630 x391,36
4462,Iris Kertzmann,Wayne_Leuschke@example.com,Beierhaven,912.245.8471 x469,39
4463,Archie Ritchie,Jarod_Hettinger-Wintheiser@example.com,Mobile,(656) 279-8978 x6672,63
4464,Jimmie Schmeler,Jamir_Conn@example.com,Dejahshire,1-627-519-6191 x68905,54
4465,Richard Pouros,Chanel.Brown80@example.com,Grand Prairie,352.425.0954 x928,34
4466,Mackenzie Marvin,Lucy.Macejkovic@example.com,Zulaufstead,453-837-3441,48
4467,Jason Kub,Tremayne45@example.org,East Ireneboro,(785) 320-6071 x91956,63
4468,Junior Breitenberg,Edison36@example.org,Cedar Rapids,1-299-684-0770,53
4469,Mr. Donato Morissette,Audrey11@example.com,Elisehaven,435.434.2702 x5661,31
4470,Wayne Bashirian,Steve_Walter@example.com,Margueriteberg,(812) 637-0917 x050,25
4471,William O'Reilly,Agnes.Gislason45@example.net,Yoststad,(323) 501-7270 x372,50
4472,Jodi Cormier,Mikayla.Swaniawski87@example.net,Hoppeboro,(476) 559-7842 x5149,34
4473,Henrietta Lindgren,Russell.Collins@example.org,Sydneestead,(590) 812-0361 x7885,29
4474,Debbie Dach,Ollie_Goyette87@example.net,Novi,358-447-5646 x2199,34
4475,Alyson Ruecker,Al.Raynor@example.org,Broken Arrow,838.523.3631 x9779,31
4476,Laurie Kulas,Nikolas90@example.com,Fort Marcoton,1-699-847-6622 x17504,48
4477,Cathrine Satterfield-D'Amore,Rafael33@example.org,Millcreek,273.598.0538 x575,23
4478,Bryce D'Amore,Paul.Torp62@example.org,North Byron,851-274-1482 x11085,53
4479,Devyn Stamm,Alberta45@example.net,South Eddmouth,1-680-814-0459 x948,19
4480,Mrs. Lindsey Ebert,Guy_Kling@example.org,Deltona,591-943-8990 x2865,39
4481,Vincent Buckridge,Jolie_Runte@example.net,Fort Dawnside,342-743-7839 x501,63
4482,Onie Zulauf,Destiny_Dickens@example.com,New Clayton,874-762-2241 x35405,36
4483,Kamren Skiles,Darnell6@example.com,Fort Nettie,1-607-833-5805 x11086,58
4484,Teresa Kling V,Erma_Auer@example.org,Gleasontown,249.408.5465,63
4485,Jeanne Jast,Thomas_Smith11@example.net,Porterstad,(641) 563-6775 x6879,22
4486,Grace Jast,Shad.Schneider93@example.com,Port Lelahaven,731.804.6121 x770,26
4487,Sigurd Langosh,Ernestina35@example.org,Fort Madelynnton,1-597-620-1250 x9330,44
4488,Ms. Nancy Trantow DVM,Alberto0@example.net,North Silviafield,396.614.1692,53
4489,Lorenzo Pfeffer,Catalina51@example.net,Lurlineside,523.813.4754,54
4490,Mrs. Virginia Spinka,Harvey.Yost69@example.net,North Jay,833.327.1293 x33746,51
4491,Jevon Flatley,Lynette_Bednar@example.org,South Sedrickside,403.568.1211 x13289,23
4492,Kelvin Littel Sr.,Sean_Kunze33@example.org,Janberg,1-528-293-9750,48
4493,Miss Lisa Hansen,Tanya36@example.com,Keller,443-920-2933,60
4494,Jake Rau,Adam_Hane65@example.com,Vandervortton,868-486-4915 x8362,36
4495,Jasmine Smith,Denise_Powlowski@example.com,Ashburn,(602) 430-8046,54
4496,Priscilla Ratke,Gail52@example.net,New Darnellfort,1-221-681-5395 x54362,37
4497,Paris Smith,Raquel.Schoen13@example.net,Binsmouth,(921) 961-3446 x46303,25
4498,Miss Jewell Lindgren,Spencer91@example.com,Denesikburgh,349-315-3265 x14177,27
4499,Curtis Mertz,Theresa_Schmeler@example.com,Heathstead,(297) 885-3094 x711,58
4500,Wyman Wehner,Samantha95@example.com,Lake Luciennecester,220.886.6685,32
4501,Ansel Schmeler,Nova99@example.org,Pontiac,(232) 535-3740 x923,63
4502,Dewey Cole,Jazmyn65@example.net,Detroit,758.281.7757 x3238,28
4503,Kavon Bode,Norman.Rice65@example.org,Lake Jackie,1-502-472-4022 x91926,63
4504,Miss Ronny Schimmel,Helen.Kerluke54@example.net,Port Viviannemouth,223.425.4789,60
4505,Joann Breitenberg,Rachael.Deckow@example.net,Kevenfurt,400.279.8927,48
4506,Dejah Ullrich,Vera_Effertz97@example.org,North Nasir,992.967.3591,28
4507,Benjamin Schultz,Yoshiko_Fritsch15@example.org,Roanoke,677.741.6282,65
4508,Mr. Reginald Collins,Kelsi_Blick36@example.org,Abelport,(572) 762-5122 x15562,22
4509,Mr. Katarina Bosco,Natalia_Ritchie@example.com,Tedmouth,1-275-664-7799 x0114,45
4510,Mrs. Ericka MacGyver,Andre_Murray44@example.com,Zulaufmouth,450-224-2583 x926,21
4511,Colt Koch,Brendon.Mante45@example.com,West Lazaroview,1-966-743-6219,48
4512,Fern Tillman,Marian.Fritsch51@example.net,Garettboro,303-607-4199 x4089,26
4513,Joe Quigley,Cleta.Collier-Parker47@example.net,North Gerardbury,922-957-5131 x6021,59
4514,Louis Schinner,Isai_Stark76@example.org,Hayeston,962.833.9579,52
4515,Quincy Swaniawski,Elvie21@example.net,Rueckercester,265-620-9829 x172,61
4516,Victoria Fritsch,Dustin_Wunsch@example.net,West Kristiestad,1-410-869-9680 x279,19
4517,Mr. Steve Kub,Dennis_Lubowitz@example.net,West Gail,260.718.4709 x0931,50
4518,Patty Streich,Summer.Flatley-Kuhn@example.com,Cartwright-Sporerfield,(956) 497-0566 x64745,57
4519,Dr. Marianne Lubowitz-Schowalter I,Maddison0@example.net,Gilberthaven,1-523-369-0902 x995,25
4520,Eleanor O'Conner II,Dejuan46@example.net,Lake Louveniafield,(886) 703-9874,31
4521,Jace Kunde,Jeanette_Funk21@example.org,Fairfield,531-235-5871 x64612,35
4522,Lorraine Fritsch DDS,Lacey33@example.com,Pomona,871-757-0568,61
4523,Darrell Lubowitz,Gregg_Gerhold33@example.org,Loweland,957.679.5787 x66502,52
4524,Walter Miller,Calvin0@example.org,Leroystead,(204) 578-5801 x137,25
4525,Cedric Lockman,Nichole37@example.com,Curtismouth,1-896-478-1782 x23712,39
4526,Rhonda Keeling,Ellen.Lakin@example.net,Port Belle,1-467-200-3101 x5552,63
4527,Wilmer Moore,June_Durgan12@example.net,East Sheryl,470.360.9343 x4386,39
4528,Mr. Buster Donnelly,Crawford.Buckridge83@example.org,Altenwerthhaven,963-910-8966 x220,19
4529,Luis Frami,Rhonda.Mills7@example.net,South Torreyberg,486.533.0434 x76592,34
4530,Dwight Jast,Lydia_Douglas@example.net,Moorecester,257-906-0725,27
4531,Gladys Hane,Misty65@example.com,West Rafael,(451) 955-9715,58
4532,Maximus Morar,Martine99@example.net,Port Guyboro,1-409-522-2316 x5845,61
4533,Lilla Fay,Isac_Batz14@example.com,Lyndaton,1-403-238-7310,19
4534,Cheyanne Thiel,Victoria86@example.com,Spinkashire,(808) 594-3654,24
4535,Jovanny Blanda,Modesto41@example.com,Waterloo,856-455-5867,56
4536,Jose Harris-Labadie,Roman_Spencer@example.org,Loycecester,932.515.2794,38
4537,Laurie Mraz Sr.,Marjolaine_Lubowitz@example.org,Spring Valley,1-736-410-2082 x967,24
4538,Leland Waelchi-Sawayn,Paulette66@example.org,Port Pattyland,1-697-711-9573 x0163,65
4539,Elmira Jerde,Ralph_Ward15@example.com,San Tan Valley,(397) 522-3781 x6979,23
4540,Halle Rath,Carolanne86@example.net,West Alessiachester,539-960-0817 x756,60
4541,Cicero Schroeder,Mindy.Bartell@example.org,North Aurelieview,1-334-681-6096 x32443,53
4542,Janet Stracke,Maymie_Wolff18@example.org,Kissimmee,1-388-881-0301,59
4543,Teri Hagenes,Nancy94@example.org,Lake Reidfort,1-885-549-2907 x549,39
4544,Rogelio Predovic,Nicole_Weimann46@example.org,Cupertino,1-595-689-2708,43
4545,Ari Moen,Derrick_Dietrich@example.org,Walshside,837-890-9048 x207,30
4546,Tasha Yundt,Harriet.Robel40@example.com,East Craigworth,304-997-6233 x65868,25
4547,Donnell Medhurst,Shaun_Brown@example.net,Port Carla,343-395-6361 x8676,40
4548,Scott Paucek,Marshall_Lang@example.org,San Ramon,(337) 202-3154 x910,27
4549,Roman Boyle,Amanda.Hills79@example.org,Boynton Beach,230-311-2711,62
4550,Opal Collier IV,Dianna.Bednar34@example.org,Atascocita,205-215-2631 x57419,18
4551,Mae Fadel,Haylee40@example.org,South Rachellechester,664.697.2012 x99930,50
4552,Floyd Bergnaum,Lorine41@example.com,Gregoriahaven,718-901-4078 x66184,18
4553,Cole Senger,Wm_Rath66@example.net,Torphyside,(589) 241-8466,37
4554,Billie Brown,Abbigail_Frami6@example.org,Jerdeburgh,984-320-9642 x1292,31
4555,Veronica Block,Stephen_Considine@example.com,Port Arthur,1-586-903-4148 x059,64
4556,Dave Howe,Marsha89@example.org,Hartmannside,(391) 996-9818 x59504,53
4557,Leonardo Bernier,Tyshawn83@example.net,Wellington,424.672.9087 x191,63
4558,Lawrence Fritsch-Purdy,Margaret.Sipes47@example.net,Larsonfort,(601) 620-9863,21
4559,Carlee Jacobi,Coty57@example.net,Lake Ireneberg,(470) 661-5552,26
4560,Floyd Kiehn,Jude86@example.com,Swiftfield,(744) 375-2567 x7248,54
4561,Dallas Satterfield,August.Hoeger-Stokes26@example.net,New Janet,(724) 372-0111,22
4562,Francisco Mertz,Steven_Rowe@example.org,Kristianton,(258) 239-7636 x0388,44
4563,Zoe Boyle,Zachary40@example.org,Port Eliasland,417-745-2527,62
4564,Cloyd Bartell,Jimmie.Heathcote@example.org,Fort Beulah,1-571-370-5017 x42916,58
4565,Corey Mills DVM,Jettie5@example.com,Kassandraside,906.759.0592 x2130,37
4566,Erna O'Keefe,Henriette.Rau-Fay98@example.com,Gregstead,475.408.9543 x48660,48
4567,Evelyn Quigley,Hope80@example.net,Lake Lancefurt,856.253.9318,24
4568,Dr. Elvera Johns,Winifred.Lesch31@example.org,Detroit,845.619.0206,54
4569,Thomas Baumbach Sr.,Evelyn67@example.net,East Leticiachester,595-279-5375 x628,24
4570,Stella Deckow,Elody_Stokes87@example.org,Shaunland,(725) 658-9455 x60343,46
4571,Carlton Doyle,Tom_Wunsch@example.com,Carrollfield,(296) 765-1591,39
4572,Michel Bayer,Hector_Rau34@example.com,Lake Sofia,782.912.8655,46
4573,Wm Runte,Elsie28@example.org,Timothyside,1-543-262-5702 x72301,26
4574,Hazel Hansen,Muriel47@example.net,South Magdalena,(316) 762-0400 x298,33
4575,Debbie Altenwerth,Breanna_Friesen86@example.org,South Darren,881.445.9123,25
4576,Noah Legros,Elenor.Bernier@example.net,Carmel,(288) 750-1160,50
4577,Derick King V,Buster23@example.net,Port Tommie,(386) 596-1893 x662,51
4578,Cesar Rolfson,Lawrence_Mueller@example.org,Omarifort,1-976-704-2753 x87775,19
4579,Ryleigh Wilkinson,Sheldon80@example.org,Bodetown,603.702.8675 x103,56
4580,Dr. Dewey Feil,Rachel.Rice@example.com,Port Estevanbury,1-556-557-9439,38
4581,Sanford Hamill,Wilford49@example.net,Lake Geofield,(328) 802-2858,27
4582,Eleazar Willms-Kassulke,Everardo.Hegmann@example.com,Cummerata-Yosttown,1-997-275-5096,18
4583,Reginald Rutherford,Megan87@example.org,Poinciana,965.646.1514,24
4584,Lula Schinner,Oswaldo45@example.net,Port Adrienneboro,(775) 851-2992 x2701,35
4585,Cory Deckow,Vicky30@example.com,East Julio,1-494-867-2408 x6977,51
4586,Kirsten Tremblay,Ludie_Hoeger80@example.net,Milwaukee,794-719-8416,21
4587,Dr. Margaret Schiller,Mack.Hodkiewicz@example.com,Otisview,(631) 432-8318 x5894,59
4588,Samara Lubowitz,Sherri.Treutel58@example.net,Elfriedafurt,1-321-386-9812 x98052,61
4589,Clotilde Dooley,Gretchen_Corwin@example.org,Fort Javonteside,571-448-4832 x4333,30
4590,Johnnie Tremblay,Antonio_Wilderman@example.net,Lawton,1-683-916-5523 x2248,30
4591,Sheryl Rath,Angelo16@example.org,Danielcester,964.846.1712,62
4592,Clyde Spencer,Nicolas.Jenkins69@example.com,Fort Sylvester,1-228-228-0767 x26125,55
4593,Cecelia Braun,Julia_Ratke32@example.net,Janyland,320-415-5986 x37895,47
4594,Gabriel Runolfsson-Harvey III,Connor.Deckow@example.com,Staceystad,1-821-811-1323,40
4595,Wyman Reilly,Wilhelm37@example.org,New Lioneltown,240-548-7669 x4843,42
4596,Carlos Kemmer,Melba_Monahan@example.net,Elisabury,1-509-683-9033 x357,34
4597,Toni Fritsch,Demario.Wilkinson2@example.net,Alizefurt,(857) 786-8224 x74627,45
4598,Dameon Senger,Ubaldo46@example.net,Oro Valley,1-795-420-7879 x047,20
4599,Katie Witting,Rolando_Fahey80@example.net,Beahanland,660.503.6401 x408,31
4600,Vella Schmitt,Cicero.Ziemann@example.net,South Minastead,1-443-588-9550,29
4601,Salvatore Watsica Sr.,Roy39@example.net,Immanuelton,1-718-456-9756 x336,37
4602,Shakira Ebert,Shelly6@example.com,Walnut Creek,1-210-384-4416 x3796,44
4603,Corey Heller,Brandi62@example.org,Redwood City,250-847-5408,28
4604,Maci Bergnaum,Laverna_Swaniawski@example.com,Ryanberg,305.788.7200 x56409,48
4605,Aaron Sauer,Georgianna47@example.org,Joliet,1-508-678-7410,64
4606,Jermain Ritchie,Laurie7@example.com,New Melvin,1-641-824-9510 x61502,30
4607,Pauline Grimes,Bertha.Grimes57@example.com,Fort Ramon,1-323-529-4657 x7596,31
4608,Lonnie Gusikowski,Jade.Jenkins@example.org,Fort Worth,863.883.4035 x9889,23
4609,Kody Block,Tonya20@example.net,Hermistonstad,1-322-533-0737 x20505,42
4610,Niko Braun,Ceasar92@example.com,Hampton,642-465-1574 x42733,58
4611,Miss Electa Boyle,Lela73@example.com,New Mathewstead,(858) 581-0045,22
4612,Dawson Kassulke,Cameron.Pfannerstill1@example.net,Shirleychester,685-361-7743 x9365,64
4613,Noel Turner,Albert.OKeefe@example.org,Port Bonnieburgh,(725) 320-0136 x524,60
4614,Jarrell Reinger,Mitchell38@example.org,Zanderview,(723) 683-9984,49
4615,Elijah Gorczany,Jett42@example.org,Fort Shaneville,1-881-910-1942 x9378,36
4616,Jalon Schaden,Charlie_Schuppe-Pfannerstill@example.net,Port Bethelfield,895.479.1695,26
4617,Aryanna Johns,Lucille42@example.org,Port Jodimouth,(870) 901-7463,56
4618,Rowland Kunze,Felix_Reichel@example.org,Kirstinmouth,898.474.1620 x56026,19
4619,Bobbie Grant,Gina.Maggio48@example.org,Ames,517.586.3559 x542,41
4620,Gwen Armstrong,Irma99@example.org,Chandler,1-981-385-4474 x58143,30
4621,Brenden Haag,Grady96@example.net,Lilaburgh,1-870-805-8660,61
4622,Art Turcotte MD,Aliza_Kub52@example.com,South Rosella,(374) 463-6298 x14758,41
4623,Mr. Jesse Christiansen,Charles_Fahey93@example.com,Lake Gregorio,(754) 326-4967 x7405,40
4624,Jadon Kling,Jennie.Borer@example.net,Somerville,930-255-6652 x03149,43
4625,Cameron Nikolaus DDS,Cali_Von@example.net,Ondrickaville,318-215-2181 x428,24
4626,Laurine Lockman,Roslyn5@example.org,Runolfsdottirport,(328) 738-1294 x754,65
4627,Scotty Blick,Ramiro97@example.com,Littelborough,1-607-585-8034 x9025,34
4628,Rodney Collier,Kari.Hudson-McGlynn@example.com,Garrisonmouth,1-964-899-1495 x9376,28
4629,Mr. Jermaine Crona,Archie_Schowalter@example.org,North Aliyah,750.558.6977 x42950,51
4630,Roberto Maggio,Alexys48@example.net,North Minnieport,714-683-2136 x8643,55
4631,Kolby O'Keefe DVM,Asia9@example.net,Lake Evelyn,850-883-1645,64
4632,Abraham Feeney,Thelma26@example.net,Myraworth,(307) 605-7161,64
4633,Agnes Wehner,Marie.Jerde@example.net,Katherinefort,1-847-636-2317 x60066,18
4634,Oswald Dickinson,Clemmie.Yundt76@example.net,Ollieworth,(322) 409-4052 x1977,64
4635,Wilbert Franey,Naomi22@example.com,Port Lucienneville,421.552.2742 x813,21
4636,Marilyn Mertz,Franklin_Quitzon40@example.net,Port Jovannyfurt,1-299-640-2142 x02924,61
4637,Marc Donnelly,Valerie87@example.org,Raphaelview,747.446.0422,62
4638,Dr. Delia Hamill,Charles29@example.net,Port Mirandaton,(291) 226-4689 x1347,49
4639,Thaddeus Cummings,Aglae.Kautzer@example.org,Port Leannaville,761-395-3102 x68277,64
4640,Nina Kerluke,Haleigh16@example.net,Mrazberg,573.962.6099 x23209,65
4641,Dr. Joel Jakubowski,Freddie_Jakubowski@example.org,Fort Wadeberg,656.763.4874 x9361,23
4642,Hillard Orn,Lora.Effertz95@example.org,New Noelia,955-242-6511,27
4643,Stacey Rowe,Antone_Abernathy@example.org,New Norman,1-733-840-7771,62
4644,Amiya Terry,Sally_Braun77@example.net,East Dora,(834) 594-3962 x811,22
4645,Keith Veum,Sterling_Champlin@example.org,Rowlett,(787) 210-0190 x2057,23
4646,Vern Rath,Desmond.Buckridge23@example.com,Dorianstead,509.913.5850 x81874,28
4647,Francisco Rippin IV,Angelina.Mante@example.com,Trishabury,(250) 980-7860 x77797,64
4648,Garry Wiegand,Stevie.Connelly20@example.com,Angelinaberg,303-560-8430,22
4649,Michelle Emmerich,Brent51@example.org,Archiefield,894.852.0943 x3359,64
4650,Myrna Hansen,Angelo_Welch-Marquardt36@example.com,Newport Beach,1-673-813-4148 x51970,63
4651,Kole Kuvalis,Toy_Champlin@example.net,South Frankieville,213-552-6590 x9145,44
4652,Chelsea Stanton,Florence31@example.com,Wilson,732-879-3956 x1349,56
4653,Nakia Bogan MD,Antonia40@example.org,Buckeye,(818) 337-8172 x3591,27
4654,Estelle Hayes,Carrie22@example.com,South Providenci,1-633-275-0765 x163,22
4655,Martin Emard,Raquel.Crona@example.net,Port Philview,1-398-566-5086 x4390,36
4656,Tiffany Reichel III,Darla18@example.org,Douglas-Cassinside,1-930-562-4654 x39743,57
4657,Mr. Kevin Koepp,Earnest72@example.net,Fort Cameronton,688-681-4176 x632,44
4658,Dorris Frami,Rudy.Jast2@example.org,Portage,707.793.0092 x8611,24
4659,Boyd Thompson,Jorge_Quigley@example.net,Stammboro,443.718.3265 x2277,20
4660,Ms. Kristi Koelpin PhD,Jeffery14@example.org,Stonefield,918-954-2051 x8859,44
4661,Elfrieda Crist,Russ_Hettinger@example.org,Fort Jaydenside,(425) 578-0962 x4252,18
4662,Alberto Blanda,Emil38@example.net,West Elena,(566) 628-8954 x53569,33
4663,Christy Yost,Shania10@example.com,South Sheliaview,1-853-478-4559 x57684,27
4664,Jennings Hahn,Consuelo25@example.net,Malcolmhaven,1-884-922-3940 x039,32
4665,Domenick Kiehn,Kaylie.Schamberger@example.org,Tulsa,(847) 541-9053 x241,30
4666,Reynold Lockman,Eric.Marvin@example.org,Isaiahstad,446.598.9555,54
4667,Palma Wintheiser,Garrett_Upton54@example.org,Mistyland,298-976-0024 x802,23
4668,Alda Jacobs,Tamara.Jacobs@example.org,Port Mindychester,1-804-539-4673 x66078,60
4669,Alejandro Abernathy,Candice.Howe@example.net,Betsystead,619.771.3089,36
4670,Glenda Carroll,Cora.Murray81@example.net,East Susanna,438.399.2551 x37161,34
4671,Monica Farrell,Kari47@example.com,Marieview,1-625-430-5400,52
4672,Santos Schoen,Fae_Padberg@example.com,West Jamisonville,(396) 710-4496,29
4673,Dr. Elsie Pagac,Tricia_Johnston61@example.net,South Helen,(235) 569-5844,51
4674,Julia Hodkiewicz-Lockman,Easton66@example.org,Fort Vitafield,922.788.3052,18
4675,Miss Agnes Bednar,June_Bartell@example.org,New Irving,(875) 521-4693 x29203,27
4676,Jerald Stracke,Jedediah_Hills4@example.org,Robertsberg,(551) 433-2541 x74647,60
4677,Ebony Veum Sr.,Elisa85@example.net,Longview,715-700-1423 x384,43
4678,Tevin Bernier I,Ted77@example.net,Schummberg,437-910-8075 x66382,45
4679,Karlee Zboncak,Katrina46@example.org,Julietmouth,(971) 491-8362,58
4680,Adrienne Gottlieb,Priscilla.Steuber53@example.net,San Jose,381.484.1489 x620,18
4681,Miss Katherine Reinger,Clifford43@example.org,Lake Marcoville,496-514-5929,47
4682,Kiera Morar,Wilhelmine_Russel46@example.org,Nitzscheville,1-822-356-3873 x882,64
4683,Micheal VonRueden,Ethel_Fritsch19@example.org,Fort Carolside,1-832-424-0794 x074,40
4684,Cornelius Herman IV,Richard28@example.net,Uptonchester,767-719-8338,47
4685,Jasmine Grimes,Freddie.Pfeffer@example.org,Magalicester,1-429-660-7298 x081,49
4686,Omer Welch,Everett_McDermott84@example.com,West Brown,513.459.6976 x273,36
4687,Maybell Hane,Ora.Schamberger@example.net,Osinskibury,896-828-7913,56
4688,Bessie Schaefer Sr.,Sophia_Dare90@example.net,Port Jacqueline,(617) 896-8101 x88165,43
4689,Onie Dietrich,Jonathan_Collins2@example.org,Revastead,652-279-8472 x15612,18
4690,Mr. Bobby King,Lynne76@example.net,Parma,762-871-5480 x361,23
4691,Laurence Padberg DVM,Loy_Beier99@example.com,Plantation,746-528-9870 x13074,21
4692,Dianna Pollich,Wendell.Cole@example.net,Sengerside,(423) 885-7489 x35530,21
4693,Beverly Prosacco,Roderick_Waters73@example.net,Carloscester,1-442-928-2308 x65094,51
4694,Emmett Jakubowski,Kayden32@example.net,South Vincentstad,761.445.8625 x595,47
4695,Ronaldo Oberbrunner,Nicole.Mann62@example.com,Fort Juanita,889-463-7952,21
4696,Herman Kautzer,Ernie_Kshlerin39@example.org,Port Emilioview,(929) 340-0766 x554,26
4697,Trystan Marquardt,Izabella.Bergstrom62@example.net,Goldnerworth,(280) 736-3662 x10491,35
4698,Maynard Botsford,Hannah_Nienow13@example.com,Odaport,296-270-1834 x47701,51
4699,Tristin McCullough Jr.,Ivan14@example.org,Fort Eve,1-578-513-1114 x133,56
4700,Elise Jacobi,Tommie.Mohr@example.com,Gloverhaven,1-303-705-3052 x84221,55
4701,Mr. John Kihn,Ralph.Stanton@example.org,East Kolbyport,863-808-4136 x93494,23
4702,Mr. Isaias Zboncak,Gilbert71@example.net,Nedrastead,(804) 316-4677 x14662,54
4703,Thad Klocko,Lena_Beahan72@example.org,Virginieberg,1-462-567-5037 x82953,58
4704,Paul Dickinson I,Trisha75@example.org,Bednarview,1-326-791-8291 x71235,50
4705,Carmen Weimann,Miranda11@example.org,Pfannerstillstead,(731) 613-1378 x04579,35
4706,Sally Gleason,Alberto.Jakubowski29@example.net,Dallasbury,(333) 237-5938 x457,45
4707,Enrico Emard,Dorothea_Baumbach@example.org,Lake Esteban,1-223-744-5230,65
4708,Brent Ortiz,Kristen.Brown38@example.org,Grahamville,795-414-5269 x919,30
4709,Ms. Kamryn Gleason,Terence86@example.net,West Una,(782) 601-0055 x8657,44
4710,Vera Koch,Estelle_Sipes@example.com,New Antonettatown,348.722.8971,44
4711,Rose Collier,Brenda.Feil42@example.net,Westbury,(430) 481-5353 x827,41
4712,Mitchel Rippin,Loretta.Franecki@example.com,South Fidelton,(620) 541-9517 x41021,39
4713,Dora Auer,Elisabeth.Gibson@example.org,Blickburgh,573.480.3397 x155,37
4714,Reilly Sipes,Kurt_Kirlin51@example.com,Antelope,858.648.2070 x11305,62
4715,Frank Denesik,Jaunita19@example.org,North Noah,691.714.7207 x607,48
4716,Angelica Braun V,Maia1@example.com,Greenwood,417.626.6110 x46592,46
4717,Erika Hintz,Jess90@example.net,Anissabury,(208) 923-0182 x73644,62
4718,Mary Romaguera,Elaina.Reynolds@example.com,Creminborough,1-831-390-3809 x999,61
4719,Carolyne Powlowski,Marianne75@example.net,North Tiana,1-712-676-0188 x7805,20
4720,Ansel Abbott,Donnie95@example.org,New Ericberg,1-359-354-1266 x91240,46
4721,Francisco Bradtke,Isaac_Abshire@example.com,Jonesboro,809.731.9926 x834,21
4722,Joy Turner,Martina.Krajcik@example.net,Port Fern,(331) 628-0259 x604,51
4723,Kristy Bernier,Kattie_Rohan@example.net,Ankundingberg,735-613-3348 x76889,39
4724,Nathanial Jacobi,Grace.Nicolas@example.org,Martyshire,(826) 917-8087,36
4725,Becky McCullough,Mack41@example.org,Fort Edisonstad,1-215-231-0956 x81809,48
4726,Lamar Metz,Rick92@example.com,Port Osbaldocester,(774) 550-2531 x0778,54
4727,Stephon Pfeffer,Amelie.Bradtke15@example.org,Naderfort,820.758.2078,21
4728,Reymundo Schumm-Witting PhD,Angie37@example.com,South Willie,428.712.2164,33
4729,Carmel Lubowitz,Raul.Quitzon-Labadie@example.net,Hahntown,1-362-740-8805 x58306,45
4730,Dimitri Keebler,Geovanny46@example.com,Lake Mildredton,416-726-0778,63
4731,Brandon Blick,Pinkie_Reichel@example.net,Spokane,815-375-0732 x672,33
4732,Felipe Blanda II,Austin_Adams25@example.org,Kertzmannchester,853.554.7547,49
4733,Alvah Krajcik,Lawrence_Crooks61@example.org,Lake Freddie,341-744-8864 x418,29
4734,Vivian Hand,Stacy_Effertz89@example.com,Gorczanyberg,630.756.2811 x954,34
4735,Mrs. Ashly Bogan,Gladys.Mitchell78@example.org,South Enid,1-961-997-5458,19
4736,Nico Towne,Carmine_Huel68@example.com,Lynchburg,420.565.1858 x3118,42
4737,Brandon Beatty,Kameron.Crooks27@example.org,Oceanside,468-342-6063 x08485,58
4738,Mr. Jason Stokes-Rath MD,Asia_Schaden@example.org,Olympia,232.839.3887 x19534,48
4739,Gina Koss,Daren58@example.org,Sherrychester,1-242-850-4784 x801,23
4740,Beatrice Renner,Billy.Towne@example.net,Marcelinohaven,514-871-3663 x1436,48
4741,Tony Mann,Myron55@example.com,Douglaschester,1-269-467-0402 x278,47
4742,Rosa VonRueden II,John.McLaughlin-Hackett@example.org,Jerdeside,508.231.8205 x5392,44
4743,Salvatore Graham DDS,Jordy.Johnston@example.com,North Jordan,424.910.4387 x740,36
4744,Myrl Gibson,Nannie27@example.net,Port Alice,607-938-7092 x01691,64
4745,Coty Stoltenberg,Brandi.Thompson@example.com,Brownfort,(894) 640-0709 x8685,24
4746,Aubrey Stiedemann-Lowe,Rachael.Medhurst@example.org,Lukefield,(907) 677-0337 x22039,46
4747,Dr. Austin Ankunding,Alexander_Ondricka98@example.org,South Agustinstad,929-497-6665,56
4748,Haylee Kris,Gustavo.Deckow@example.org,Myrtlestad,283.731.8731 x6579,28
4749,Guillermo Hilll,Tod_Robel14@example.org,Fort Beaulahview,1-523-483-1239 x835,18
4750,Lawrence Kerluke,Donavon48@example.net,Maudieworth,802.623.8282 x624,34
4751,Enid Bosco V,Jeffry.Morar@example.com,Brekkefurt,794.271.5555,20
4752,Emilio Hyatt,Stanton.Kutch@example.net,West Lester,724-624-9228 x017,38
4753,Ms. Becky Leuschke MD,Joshuah.Anderson72@example.org,Corona,1-682-574-5069 x4146,58
4754,Adrain Pagac,Olen58@example.com,Hayward,(601) 666-7036 x77285,59
4755,Alexis Haag,Ignacio_Reinger16@example.com,Danielchester,1-371-389-8850 x7817,35
4756,Delpha Huel DVM,Oma.Little-Rice99@example.com,North Eleanor,(710) 819-7632 x1395,34
4757,Yvette Stiedemann,Davion.Jacobi@example.org,Jadenchester,840.610.4692 x76576,34
4758,Mr. Ursula Greenholt I,Jill49@example.org,Port Kristen,880.837.5994 x675,21
4759,Beverly Stoltenberg,Rex46@example.org,Emilianofurt,747-385-2417 x680,46
4760,Lexi Rolfson,Deanna.Haley79@example.net,Conroe,(957) 666-6845 x36331,39
4761,Cleora Considine,Alejandra7@example.org,Lelastad,(357) 628-9588,64
4762,Ruben Fay,Bryant0@example.net,Laredo,(205) 504-7757,59
4763,Jerald Ondricka,Whitney.Hessel@example.com,Wilkinsoncester,703-230-8327 x50045,62
4764,Debra Stark,Vida.Thiel85@example.org,Howellstead,721-774-7744 x955,38
4765,William Langworth,Jerrold.Ullrich53@example.net,Leathahaven,524-953-7953 x61822,25
4766,Kitty Goldner Sr.,Kayla34@example.org,Antonioton,839-283-2734 x8859,37
4767,Izaiah Zieme,Ruben.Marvin72@example.com,Dubuque,1-237-588-5584 x3927,40
4768,Lacy Fadel,Jerry.Jacobs31@example.net,Treutel-Schmelerworth,781.812.0416 x01297,38
4769,Winfield Brekke,Darrell_Beier@example.net,Lake Lincoln,469-300-0346 x9331,63
4770,Dwayne Hagenes,Christy.Watsica32@example.com,East Evanton,1-933-959-6591 x661,58
4771,Dr. Edith Flatley,Kaelyn.Towne@example.org,Juliahaven,473.677.6180 x998,23
4772,Marley Koch,Ada.Wolf@example.net,East Seth,810-498-3349 x11500,22
4773,Kareem Keeling,Loy_Schuppe-Carroll@example.com,Lake Russell,(314) 629-6058,59
4774,Muriel Armstrong,Lavonne61@example.org,Eileenfort,(232) 206-7721,25
4775,Alanis Barrows MD,Betsy.Ratke@example.org,Schadenstead,(932) 300-2434 x5978,24
4776,Dr. Jana Mitchell,Roberto9@example.net,Sawaynworth,224.501.3957 x4305,36
4777,Shemar Mueller,Carmen.Rosenbaum67@example.com,Pollichbury,466.243.3418 x06346,36
4778,Aiden Heaney,Imogene_Konopelski5@example.net,Collierville,(739) 521-4419 x556,49
4779,Elsie Mayer,Domingo.Macejkovic@example.org,Hattiefort,770.355.4501,30
4780,Ethel Bergstrom,Chester_Rice59@example.com,Rauchester,(904) 841-6821 x358,60
4781,Mrs. Violet Schultz,Leila69@example.org,East Gilbertburgh,1-423-573-4626 x35520,59
4782,Sonja Ankunding DVM,Perry_Daniel@example.org,Donnellhaven,686-794-0921 x315,19
4783,Owen Dibbert,Michelle_Lind63@example.org,East Dario,(897) 879-0532 x870,49
4784,Makenna Hickle,Jeannette12@example.net,Omaha,(403) 765-2361 x133,36
4785,Randi Lindgren,Gerry31@example.org,Taunton,990.886.7329 x0743,38
4786,Grady Swift,Kent85@example.org,East Shanna,280.424.0344 x867,32
4787,Omar Schoen,Olin_Ziemann46@example.com,East Mervin,(738) 635-0336,25
4788,Gwen Nader,Cory80@example.com,Goodyear,653-604-0317 x191,65
4789,Jared Senger-Ward,Samuel_Crist21@example.com,Parma,1-479-434-1693 x115,61
4790,Tyshawn Cremin,Johnny9@example.com,Hodkiewiczview,1-809-344-9569 x426,19
4791,Rosamond Balistreri I,Name_Howell76@example.org,Mission Viejo,682.519.0393 x1769,23
4792,Andrea Gutmann,Carol35@example.com,Casperworth,(625) 841-7459 x029,42
4793,Elvis Corwin,Roslyn_Terry@example.net,Flint,1-620-232-5342 x22605,38
4794,Floy Baumbach,Kent18@example.com,Caldwell,1-826-879-4918 x14067,49
4795,Antonietta Buckridge,Nora_Torp@example.org,South Gageport,449.970.4506 x916,37
4796,Mrs. Christa Hammes,Catharine0@example.net,Nestorfort,(978) 957-0489,43
4797,Mckenzie Jakubowski,Henrietta.Sauer@example.org,East Tatumfield,1-636-983-9638 x17112,48
4798,Betty Mosciski,Gloria.Brekke95@example.net,East Staceyton,803.351.9424 x670,57
4799,Derek Huels-Rosenbaum,Mae44@example.org,Royal Oak,(377) 601-2020 x2682,32
4800,Micheal Heidenreich,Gordon.Breitenberg@example.org,Santa Ana,875-831-7474,59
4801,Kristopher Lowe,Carla84@example.com,Moenville,452.838.6751 x1291,55
4802,Athena Luettgen,Camron77@example.org,Feilville,(603) 462-7603 x81334,31
4803,Kameron Spencer,Darnell84@example.net,West Ambertown,292-750-2137,41
4804,Maybell Jacobi III,Rufus21@example.net,East Lavernhaven,1-290-876-0227 x8325,53
4805,Renee DuBuque,Wilson78@example.net,New Kennedychester,(814) 964-9181 x19104,28
4806,Jameson Roob II,Marshall_Erdman@example.net,Prosaccoboro,1-228-520-8705 x219,54
4807,Nellie Sporer-Ryan V,Amir60@example.net,Malliefurt,1-405-846-8777 x69176,30
4808,Muriel Smith,Rachael30@example.net,West Tracicester,1-244-908-7270 x354,24
4809,Horace Murphy,Ashly_Kuhn@example.net,Bentonville,1-676-566-0297 x8492,60
4810,Hilton Klocko,Erin_Harris@example.com,Toms River,1-365-908-2124 x7983,33
4811,Dwight Erdman,Noel_Hyatt@example.org,West Silvia,735-232-8638 x52341,27
4812,Donnie Langworth,Jermain_VonRueden0@example.org,Merced,(211) 790-0184 x8768,54
4813,Ignacio Rolfson,Raul.Metz2@example.com,West Mauriceshire,(904) 542-3449 x0587,34
4814,Kaleb Roberts,Jeannette.Rohan51@example.net,Macejkovicfort,247-881-4469 x321,53
4815,Sibyl Walter,David.Towne@example.org,West Ora,1-293-531-2536 x847,44
4816,Ann Frami,Elena.Cremin70@example.net,New Codymouth,876-483-5408 x582,56
4817,Ruthe Yost,Ivan.Heidenreich-Sipes76@example.org,Lake Lisandrobury,(857) 504-3432 x748,47
4818,Jack Mraz,Cedric46@example.net,West Owenmouth,(476) 561-5382,42
4819,Bulah Kuvalis,Vanessa.Shields@example.com,North Gertrude,314-803-1036 x815,33
4820,Titus Hickle,Orval.Kling@example.org,Dejonstead,(645) 862-2540,25
4821,Will Ratke,Shelley92@example.com,Elwinbury,508-279-1142 x84035,40
4822,Dr. Dwight Konopelski,Janick66@example.com,West Piperworth,535-436-7482 x120,56
4823,Samuel Dare III,Jazlyn47@example.com,Lake Jeffrey,238-230-3387 x2252,21
4824,Terrence Rohan,Barbara_Kessler30@example.org,Mannborough,1-733-465-8241 x455,49
4825,Mr. Sam Wiza,Jammie.Renner@example.com,Ritchieton,1-579-963-6065,30
4826,Wendy Kunze,Moriah.Feil70@example.net,Lake Sara,1-217-909-3999 x03933,26
4827,Brett Gerhold,Gus.Morar60@example.com,Creminchester,729.801.9465 x2560,59
4828,Dianna Nader,Chris.West@example.com,Murrayside,(885) 781-7783,25
4829,Karlie Wunsch,Nella.Ferry@example.org,St. Louis,(494) 519-0262,22
4830,Joany Rosenbaum,Annetta_Miller64@example.org,Port Mike,(218) 696-3485 x282,27
4831,Mr. Randy Johnson,Eunice8@example.net,Rosalialand,499-469-6615,38
4832,Cameron Kuvalis,Alvin.Kuhic@example.org,Alafaya,(892) 763-7705 x61556,42
4833,Carli Koelpin,Aubree48@example.net,Hamillboro,1-575-894-3361 x4541,23
4834,Belle Farrell,Joyce92@example.com,Cheektowaga,(477) 382-9310,41
4835,Aliya Kihn I,Daisy.Gislason@example.net,Luraport,603-355-6851 x110,20
4836,Claudine Conroy,Kenya.Kling-Trantow@example.org,Natashaton,526.850.0236 x548,37
4837,Pearl Sipes,Aileen_Feest98@example.net,Fort Jacobland,1-537-446-0836 x5182,61
4838,Becky Hackett,Hubert25@example.com,Waltham,987-727-1770 x3810,64
4839,Destiny Von,Aaron.Grimes58@example.net,Worcester,773-365-3476 x96193,39
4840,Luz Moore,Dianna.Jerde45@example.net,Watsicaworth,627.703.9670 x4283,20
4841,Dandre Herzog,May.Stehr88@example.net,South Leola,691.443.6286,61
4842,Arnold Hodkiewicz,Billie.Johns34@example.com,Verniecester,1-522-728-2762,54
4843,Leticia Ratke,Abraham96@example.net,West Carolyn,681-423-7060 x61381,30
4844,Dr. Rodolfo Lemke,Earnest16@example.org,South Kathyville,851.448.9318,35
4845,Carrie Blanda,Van.Gutkowski90@example.com,Irvintown,823-227-1901 x1638,50
4846,Grace Smitham,Nellie_Schuppe52@example.com,New Michelle,1-534-929-2210 x796,50
4847,Robin Osinski,Sophie_Batz45@example.net,East Wendell,600-866-6156,50
4848,Wilbert Shields,Lori.Johnson3@example.net,West Normanview,491-760-2177 x3329,32
4849,Domenick Powlowski,Ellen_Breitenberg@example.net,South Samara,(602) 809-5370,35
4850,Hubert Klocko,Helen.Hirthe@example.com,Ogden,511-204-8508 x009,31
4851,Hilma Braun,Josefina.Collier@example.org,West Tami,513.417.1457 x05167,32
4852,Jazmin Bins,Bert50@example.net,Lake Sonja,389.576.4331 x68736,34
4853,Sue Lueilwitz-Kuhic,Esta_Boehm49@example.net,New Norval,(898) 842-4446,44
4854,Emily Willms,Cyril.Fahey61@example.com,North Nellie,207-709-1871 x8039,56
4855,Juliet Rippin,Alberto.Dach13@example.com,Olympia,1-219-314-0763,43
4856,Allen Block,Andrew.Kshlerin22@example.org,West Isai,(482) 981-0260 x893,25
4857,Cortney Bartell Sr.,Pearline82@example.org,Fishers,(924) 886-7345 x1800,63
4858,Cynthia Altenwerth,Eugene_Crooks32@example.org,Doloresboro,447.735.9613 x742,48
4859,Jordan Hettinger-Ziemann,Orville_Hilpert22@example.org,Lesleyview,(572) 785-9495,51
4860,Florence Ullrich,Adrienne_Toy78@example.org,West Rochelle,778.597.9682,46
4861,Samantha Murray,Violet_Morar-Oberbrunner@example.net,Fort Jadaport,(709) 290-7246 x256,19
4862,Nicole Beahan,Alek.Herman@example.com,Fort Peggie,(600) 279-5168 x2072,21
4863,Brandt Nader,Alonzo.Stanton20@example.net,Shanahancester,244-921-3517 x951,58
4864,Yasmine Wisoky DVM,Jairo.Moen@example.com,Fort Edd,831.304.5017 x0267,35
4865,Roy Mann,Susanna_Larson@example.org,Hansborough,748-855-4439 x18438,42
4866,Marie Feil,Linnea59@example.net,Amarillo,(864) 991-9114 x491,25
4867,Cora Cremin,Jordane.Leffler@example.org,Port Armand,554-938-1234 x776,21
4868,Geovanni Corkery DDS,Paulette.Carroll97@example.net,South Andrewport,403.628.6221 x27172,36
4869,Kirk Shields,Kyleigh.Zemlak24@example.net,Leesburg,790.742.2116 x2787,43
4870,Sterling Cassin,Tina_Thiel22@example.com,Elnoraville,1-465-227-8958,52
4871,Darren Homenick,Mohamed.Braun66@example.org,McLaughlincester,581.542.8887,55
4872,April Marvin,Daphne_Murazik@example.com,New Noemi,346-584-3967 x6000,65
4873,Lonnie Cronin,Quinten81@example.org,Reginaport,444.614.2799,37
4874,Rickey Kuphal,Irvin_Kassulke@example.org,Marceloland,(981) 244-9522 x35528,49
4875,Willy Hodkiewicz,Lucille.Ernser88@example.net,South Sydnieberg,467-935-9924 x230,65
4876,Izaiah Pouros,Geoffrey_Ullrich@example.net,North Destiny,473-914-1538,23
4877,Gus Cartwright,Judge.Senger@example.net,New Pat,642-848-4818 x4651,63
4878,May Willms,Zakary.Leffler@example.net,North Abagailburgh,(543) 287-1482,60
4879,Alexa Beer,Sydney.Mills58@example.org,West Wilbert,1-994-463-7526,45
4880,Terrell Armstrong,Domenica98@example.com,Weimannport,542.209.4784 x055,45
4881,Traci Legros,Trinity93@example.org,East Manuela,754.562.6121,38
4882,Charlene Graham,Timothy_Bailey@example.net,Harveystead,831-863-3066,63
4883,Madge Swift,Mia_Hyatt61@example.com,Gardnerland,1-459-923-3525 x3089,18
4884,Marvin Stoltenberg,Ron12@example.com,Lawton,(536) 966-3654,41
4885,Tonya Kling,Allene.Yundt@example.com,Millerside,(432) 929-3388 x604,54
4886,Marlon Lebsack,Ernest5@example.com,Schulistcester,276.664.0868 x765,24
4887,Sandy Prosacco DVM,Dianna63@example.com,East Mikelfurt,(840) 642-8403 x4619,60
4888,Katie O'Connell,Lela54@example.org,Simonis-Terryborough,(700) 608-7823 x789,21
4889,Mr. Kenneth O'Kon,Shea.Boehm6@example.com,Dickifurt,(552) 895-1255 x03323,30
4890,Allison Crona,Penny.Wolff-Schmidt@example.org,Katherinetown,204.716.8475 x49616,41
4891,Veronica Schinner,Brandy_McGlynn@example.net,Maximillianstad,1-734-603-5370 x0465,62
4892,Alfonso Will,Gretchen.Daniel20@example.net,Fort Laurencechester,740.326.9838 x8188,39
4893,Dale Witting,Gregorio48@example.org,New Madonna,962-261-0225 x41554,36
4894,Eduardo Bartoletti,Santiago56@example.org,Lake Skylaworth,415-779-4416 x354,26
4895,Danika Crooks Sr.,Johnny8@example.net,Huelsfield,247-844-0403 x04315,33
4896,Emilia Effertz,Sydnie_Franey67@example.org,South Alexville,1-535-954-2041 x601,18
4897,Izabella Bartoletti I,Violet_Walsh-Fisher37@example.com,Vidacester,557.401.6736 x3006,31
4898,Hilda Stiedemann MD,Bertha63@example.com,Port Eladio,525.355.5136 x668,43
4899,Carlton Robel,Pete.Schuster54@example.net,Palm Desert,(291) 314-4581,48
4900,Thelma Lemke,Kenny85@example.com,Port Adelafield,313.863.1354 x91171,26
4901,Rachael Wolff III,Timmy.Bednar70@example.com,East Clyde,344-450-5261 x711,25
4902,Ora Carroll,Bailey8@example.org,Lake Tonya,(937) 576-9514 x68907,47
4903,Berenice Stracke,Meredith66@example.org,Tamiami,(642) 632-4433 x4188,18
4904,Ms. Kory Lesch MD,Celia15@example.com,Pearland,1-670-400-8476 x554,42
4905,Delta Kerluke,Phil.Rogahn33@example.com,McKinney,1-554-585-8730 x66909,51
4906,Mr. Virgil Roob,Shanel.Moore43@example.org,Wichita Falls,(684) 390-2256,59
4907,Schuyler O'Hara,Sheri_Beier@example.com,Wisokybury,(611) 375-2330 x926,62
4908,Linnea Lubowitz,Iris77@example.org,West Jaylin,(880) 462-9659,55
4909,Mrs. Aisha Parker I,Noel_Bahringer@example.com,East Edfurt,(958) 401-0680 x274,27
4910,Dwight Steuber,Nick_Bradtke65@example.com,Kassulkemouth,(811) 364-0111 x912,60
4911,Pablo Stanton,Emily.Vandervort94@example.com,Urbana,485.497.1596 x79662,61
4912,Ms. Lisette Schaefer,Rossie11@example.com,Johns Creek,(333) 359-2959 x4365,53
4913,Mr. Lura Ebert,Wilson.Dare-Osinski@example.net,Port Madyson,958.490.2995 x66719,27
4914,Mamie Howell,Adriel.Cremin-Brown7@example.com,New Leonaburgh,245.376.5709 x88570,46
4915,Palma Emmerich,Noelia.Larkin@example.org,Taliaborough,624-740-8448,26
4916,Norris Considine,Milo.Johnson@example.org,South Garrick,(635) 702-9612 x23853,49
4917,Van Roberts,Jamison_Lang@example.com,North Buddy,(362) 938-6546 x7003,35
4918,Dr. Katlynn McGlynn,Roberto.Carroll@example.org,Fargo,1-416-958-6466,43
4919,Rodolfo Rowe,Eloise_Predovic72@example.com,Sierra Vista,847.739.6608 x75354,23
4920,Sigmund Quitzon,Misty_Lockman@example.net,West Wade,(297) 209-8212 x1466,32
4921,Eugene Konopelski,Kyle.Heidenreich@example.org,Esperanzaworth,882-908-7530,22
4922,Kavon Dare,Jill.Renner@example.org,Boca Raton,1-539-290-0670,54
4923,Tressa Torp I,Thalia30@example.org,Bell Gardens,1-473-342-5218,53
4924,Mr. Gregory Bartell,Rebeka.Connelly90@example.org,Port Leonchester,(862) 871-4789 x31417,23
4925,Joan Wisozk III,Corey.Swaniawski@example.com,North Magnoliaberg,(257) 684-1783 x3004,29
4926,Christopher DuBuque,Jon.Bode@example.com,South Valley,369.901.0224 x3918,18
4927,Maxie Jones,Alia_Jaskolski@example.net,Pamberg,(421) 690-7035 x10047,33
4928,Mr. Dale Abbott-Dare,Dane13@example.org,Pattiboro,1-925-379-7376 x739,33
4929,Katlyn Skiles,Cedric86@example.com,Daisycester,484-386-7786 x383,21
4930,Olen Kessler,Constance95@example.com,Alexannestead,791-208-8114 x48053,46
4931,Mathew Davis V,Soledad.Frami92@example.org,East Karlieside,975-890-3906,51
4932,Jeff Blanda,Joseph52@example.org,South Jacobton,1-485-251-6030 x151,19
4933,Gilberto Nolan,Nayeli.Fadel24@example.org,West Cedrick,(976) 461-4872,47
4934,Sam Sipes,Owen_Lehner87@example.org,Port Lamar,1-523-406-5200 x99288,42
4935,Isabel Nienow,Ben84@example.org,Terryhaven,1-636-439-8253,34
4936,Cedric Wilderman IV,Noemie.Boyle@example.com,Port Albina,842-593-2755 x007,28
4937,Melba Weimann,Elmira25@example.com,Gary,(440) 346-5966,56
4938,Alta Cremin,Samanta87@example.com,Bartellfield,1-415-488-6281 x204,30
4939,Haley Pacocha,General_Ebert96@example.org,Shieldsfurt,794.563.2976 x13928,24
4940,Geoffrey Mitchell-Luettgen,Maudie.Lynch@example.com,Bobbystad,(324) 452-7020 x147,50
4941,Caitlyn Kemmer,Lola.Berge38@example.net,Marvinport,411-722-3444,31
4942,Uriah Connelly,Ardella.Schulist@example.org,Lake Isidro,(752) 839-5654,19
4943,Mortimer Gulgowski,Kari_Lakin-Haag@example.net,Fort Norene,1-724-610-5450,54
4944,Kathryn Treutel IV,Katlynn81@example.com,Noelton,791-811-6821 x13375,56
4945,Jesus Walsh,Gerson_Witting@example.com,Fort Simoneport,957.380.9384,19
4946,Iris Paucek,Hailee_Nitzsche@example.com,New Orleans,215-436-5930 x8715,49
4947,Wilhelm Wyman,Marquis_Beatty78@example.org,Erdmanfort,259-400-5393 x691,62
4948,Deonte Welch,Davin.Schmidt-Dooley85@example.net,Cameronburgh,(588) 979-9165,64
4949,Debra Medhurst,Seamus16@example.net,South Roselyntown,1-334-493-3775 x8472,22
4950,Dr. Maryann Beahan,Kiley.OConnell@example.com,West Amieberg,925-320-8989 x251,26
4951,Cornelius Tremblay,Kristy36@example.org,Kelvinmouth,439-306-1065,56
4952,Ms. Kate Rohan,Sheryl_Mante33@example.com,New Jennaborough,(343) 326-6988 x92781,61
4953,Janet Roberts,Thora_Lubowitz27@example.net,Deondrebury,577-663-3975,54
4954,Katheryn Douglas,Simon27@example.org,Gaithersburg,249-509-9867 x74557,21
4955,Enoch Mraz,Lori17@example.net,Pasadena,(696) 884-3795 x517,40
4956,Craig Wilkinson,Katelynn_Paucek67@example.com,Clintton,1-371-488-9653 x600,61
4957,Hilton Smith,Eddie_Monahan@example.org,St. Paul,(426) 926-6091 x82133,21
4958,Garth Lubowitz,Hortense_Homenick@example.net,Lenaside,226-707-0458,34
4959,Shaniya Jerde,Joshua48@example.com,Ames,1-745-232-3436,42
4960,Janelle Lebsack,Simone_Ziemann@example.org,Fort Velmachester,599.230.2124 x330,22
4961,Clementina Tremblay,Jena_Wilkinson59@example.org,North Minniefurt,1-751-564-6686 x62005,23
4962,Eda Dooley I,Wayne_Wiegand69@example.net,Daly City,286.695.3207 x59186,60
4963,Ms. Monique Nienow,Sophie_Grant@example.com,Elifurt,(276) 680-3881,58
4964,Wanda Wolff,Norberto_Schuster94@example.net,Adamsworth,(873) 304-2580 x53702,49
4965,Jacklyn Auer,Mortimer_Rowe@example.org,Port Urbanchester,1-561-992-1392,64
4966,Dr. Pedro Spinka,Jeremiah_Klein87@example.net,Erynworth,481-882-8965 x400,22
4967,Keara Willms,Maximillian_Kihn@example.com,Schenectady,839.698.3959,23
4968,Rachelle Tromp,Edgar20@example.com,North Coltonfield,1-234-770-6404,22
4969,Demond Renner DDS,Sammy.Hamill@example.org,Port Justine,(624) 989-2354 x0807,21
4970,Jacqueline O'Connell,Luna.Jast@example.org,East Oscar,(959) 841-7533 x03104,19
4971,Juan Corwin,Amber.Kemmer@example.net,Port Kanebury,301-513-8871 x3616,37
4972,Albert McKenzie PhD,Joy.Lang54@example.net,New Aftonstad,1-833-687-9272 x213,30
4973,Marisa Boehm,Margie54@example.org,Berniecestead,1-462-321-7991 x569,52
4974,Gladys Kilback,Josh68@example.net,South Taylor,538-270-4310,33
4975,Ms. Ginger Romaguera,Lorena.Kertzmann30@example.net,San Leandro,(364) 301-1528 x3941,36
4976,Amos Hessel,Donavon.Hoppe@example.org,Centreville,1-335-477-0764 x0775,50
4977,Sadie Considine Jr.,Kenyon.Upton@example.org,Lake Fidel,993-200-0459,37
4978,Rollin Wisozk,Randolph.Donnelly@example.com,Buffalo,897-862-9301 x1000,62
4979,Heather Hoppe,Brent79@example.net,San Tan Valley,749-336-0038 x0081,59
4980,Sibyl Aufderhar,Ayden.Harber20@example.com,Tigard,1-897-226-5168 x7734,19
4981,Chance Doyle,Derick_Casper63@example.com,Fort Ramonaville,1-509-463-5491 x50518,21
4982,Clint Jacobs,Natasha.Mitchell@example.net,West Lorenaton,454-951-0123,34
4983,Doyle Connelly V,Harold_Kihn98@example.net,Rosannaland,223.729.9084 x173,56
4984,Alexzander Kshlerin,Ines.Carter@example.net,New Vidalboro,1-706-890-7194,25
4985,Van Schneider,Deborah.Lehner65@example.org,Herzogshire,(444) 579-9304 x396,20
4986,Lawrence Hettinger PhD,Chauncey52@example.org,Burbank,1-628-526-1260 x6106,45
4987,Dr. Grant Hane,Judy_Jenkins@example.org,Jerdestead,564-767-7568,48
4988,Paulette O'Connell,Natalie4@example.net,East Minnie,907-815-6411 x60865,60
4989,Muriel Swaniawski,Rylee16@example.net,Schowalterstead,1-877-875-7989,65
4990,Robert Bednar,Lelah_Mertz@example.org,Hectormouth,1-575-746-0361 x9355,36
4991,Sylvester Anderson II,Toy22@example.org,New Amiraburgh,501-364-1334 x74560,62
4992,Mrs. Rosemary Shields,Wendy.Kunde@example.net,Akron,442-420-4468 x846,56
4993,Beth Marks,Boyd.Veum@example.net,Andersonstad,450.379.8515 x43347,58
4994,Elbert Davis,Erik.Sauer42@example.org,Carmelfort,1-779-272-9745 x4193,48
4995,Belinda Corwin,Frederick_Cruickshank62@example.com,Katharinaport,746-774-8348 x67229,20
4996,Stephania Fisher,Antonio20@example.com,West Owen,783.466.8228 x8160,25
4997,Cydney Heathcote,Mable_Rodriguez@example.com,Rocky Mount,504.729.1185 x80473,28
4998,Dr. Adrienne Bashirian,Newton.Hermann26@example.org,North Mackenzie,856.334.4122,46
4999,Clara Pollich II,Joseph44@example.com,Krajcikview,422-458-6549 x0638,47
5000,Joanna Dietrich,Hoyt71@example.net,Pinellas Park,895.975.8097 x96592,50
5001,Kareem Bechtelar,Donna51@example.net,Oceanside,973-670-8143 x9240,38
5002,Lorna Nikolaus,Antoinette.Corwin@example.org,Sanford,434.617.9188 x08602,26
5003,Tiffany Paucek,Annie.Lebsack70@example.com,Lake Billieshire,841.242.1224 x01723,38
5004,Sandra Hegmann,Derek_Gerlach@example.net,Hilo,1-276-917-4106 x3970,53
5005,Mr. Richie Durgan,Ines51@example.net,Smithamshire,1-463-769-2327 x9351,40
5006,Horacio Koelpin,Selmer_Ruecker59@example.net,Rooseveltfurt,(963) 763-1226 x56399,41
5007,Noelia McDermott,Suzanne16@example.org,Fort Dimitrichester,882.750.3572 x18926,18
5008,Rosendo Daniel,Garth_Kris@example.com,Mertztown,(718) 909-2953 x855,47
5009,Chad Leffler,Ricardo_Will@example.org,Fishers,1-482-463-8963 x301,20
5010,Nathaniel Gutkowski PhD,Yvonne98@example.com,Hughberg,478.514.4922 x90739,55
5011,Kiel Corwin Jr.,Erick68@example.com,Fort Karliefurt,290.812.2935 x34006,25
5012,Susie Armstrong,Cornell_Jakubowski@example.org,Fort Rick,535-249-7359 x499,38
5013,Isaac Rosenbaum,Eva15@example.com,West Julian,1-481-699-9091 x6843,46
5014,Miss Valentina Wisoky I,Anne_Rutherford@example.org,Fort Jaron,794.856.5592 x19024,26
5015,Georgia Buckridge,Chanel19@example.com,North Stanfordstad,1-237-751-6465 x116,48
5016,Maria Bayer MD,Olin89@example.com,North Alfred,857-641-3972 x53534,57
5017,Savanah Tremblay,Clay.Metz92@example.org,Jeremiemouth,(539) 837-5129 x2058,19
5018,Floyd Lowe,Alia.Von97@example.com,Cleoraborough,916-753-4944 x490,39
5019,George O'Keefe,Sonia.Langosh@example.net,Lake Juanita,680-246-5248 x49748,56
5020,Miss Keshaun Metz,Elvis.Von@example.com,Rowland Heights,1-867-465-2205 x906,55
5021,Louise Wiza,Elliott_Davis31@example.org,Monastad,1-695-644-7341 x1920,45
5022,Elijah Ankunding III,Waldo_Dickens96@example.org,Monafield,1-295-221-9743 x436,64
5023,Clemens Christiansen,Miles.Rohan@example.org,Port Israel,774-288-8457 x0272,61
5024,Mr. Tim Williamson-Breitenberg,Phyllis.Parker45@example.net,West Dustinbury,1-988-501-6159 x74202,36
5025,Veronica Rosenbaum,Carson.Strosin68@example.net,Cummerataborough,918.302.5673 x643,32
5026,Werner Hirthe,Sandra8@example.com,Palm Desert,1-624-535-6446 x18805,23
5027,Michael Turcotte,Kallie81@example.org,Fort Worth,1-919-984-8112 x5758,59
5028,Heather Kunde,Earnest.Pfeffer@example.net,Framingham,1-953-204-4120,20
5029,Hailee Hermiston,Layne90@example.com,Westminster,(787) 382-0214,61
5030,Akeem Schamberger,Martin.Hickle77@example.org,Fort Grace,884.873.8405 x71639,65
5031,Mr. Brendan Will Sr.,Devan_Collier63@example.net,Lefflerview,1-328-423-0106,24
5032,Molly Cronin,Ken.Haley@example.net,Robertsport,1-882-281-9395 x81929,47
5033,Mr. Lea Padberg-Bernier,Myra.Schultz10@example.net,East Bobby,681-727-3597 x3855,56
5034,Rosalie Greenfelder,Roland49@example.com,Arecibo,767-814-3285,59
5035,Ethel West,Carroll_Conn1@example.org,Gwendolynberg,635.347.5461,21
5036,Lewis Heathcote,Della9@example.net,Fort Vernonfort,616-531-4560 x6608,28
5037,Jovan Murazik,Berta.Rohan43@example.org,Mount Pleasant,541-894-4090 x83957,63
5038,Kianna Feil,Jaren61@example.com,Stacyton,(288) 787-8611 x85230,45
5039,Janie Leuschke,Christy.Pagac69@example.org,McKinney,728.649.7081,45
5040,Erma Jerde,Roland75@example.com,O'Connerport,662-741-6485 x417,25
5041,Candace Kling,Ramona31@example.org,Colorado Springs,(361) 230-0019 x52030,35
5042,Edna Reilly,Kathy69@example.net,Lake Rubyport,967.781.4618 x751,38
5043,Mercedes Pfannerstill,Cindy.Hoppe@example.com,Huntington,969-950-6635,18
5044,Ben Wehner,Ed98@example.com,Aurora,1-964-896-3831 x86791,46
5045,Melvina Moen,Jerel71@example.org,Decatur,(611) 538-3924,27
5046,Maxime Jenkins Sr.,Doyle_Haley@example.com,Jerrodboro,(781) 329-6763 x57596,44
5047,Geraldine Fadel I,Arthur_Strosin86@example.net,Blockside,408-400-1845 x3255,27
5048,Mr. Ottis Bode,Ignatius_Cremin@example.com,Bountiful,738-704-7793 x33262,44
5049,Iris O'Reilly I,Fredrick_Jacobi28@example.com,Gaylebury,583.207.7007 x7731,58
5050,Rosemary Hagenes,Isadore_Barrows-Mayer78@example.org,North Abdul,840-967-5333 x752,49
5051,Arnulfo VonRueden,Shanelle_Little@example.com,South Crystal,843.453.7340 x3264,34
5052,Mr. Lilyan Weber,Leland17@example.net,Clovis,566.571.9733 x888,20
5053,Emil Lakin-Towne,Devin_Armstrong@example.net,Grand Junction,761-315-9991 x15020,18
5054,Mrs. Mariam Corkery,Wayne.Keebler@example.org,Port Almahaven,998.602.4094 x4238,48
5055,Madyson O'Kon V,Teresa.Mosciski-Adams@example.org,Hillsboro,840-499-7627,22
5056,Mr. Maud Konopelski,Jarrett_Vandervort38@example.org,South Willardhaven,1-690-881-2163 x4109,18
5057,Brent Kertzmann,Amalia.Harber@example.com,Hamilton,1-274-894-8210,50
5058,Brendan Parker,Julio43@example.net,Reillyfurt,442.914.8665 x6106,59
5059,Violet Marquardt II,Darren80@example.net,North Nicholebury,1-869-503-2341 x55976,54
5060,Blake Ernser,Darren6@example.com,West Allis,(418) 274-4316 x46169,64
5061,Edgardo Bednar,Irene.Kihn7@example.com,Port Jacky,1-374-844-1143,21
5062,Francesca Koelpin,Jedidiah37@example.net,Arleneport,1-619-425-0068 x315,49
5063,Sabryna Dickens,Irene.Prosacco@example.com,Ivahburgh,(583) 759-2822,62
5064,Randi Armstrong,Mitchell_Cummerata31@example.org,Lake Narcisoview,224-562-4075 x1621,64
5065,Molly Metz,Selena33@example.com,Denesikborough,1-455-684-4456,37
5066,Bryant Hagenes,Eugene.Krajcik@example.net,Lake Pamelaburgh,(386) 812-4218,22
5067,Charles Collier,Jayme43@example.org,Lindseyborough,584-455-5515 x042,49
5068,Myron Tremblay,Robbie69@example.org,Cleveland,(722) 678-2243,53
5069,Serena Ankunding,Richard_Powlowski37@example.com,Fort Judyburgh,1-566-572-7557 x246,18
5070,Marcelino Goodwin-Gorczany,Waino_Hoppe5@example.org,Flint,1-921-531-6187 x03807,54
5071,Nina Hodkiewicz,Blanca.Ryan5@example.net,Tabithaland,(349) 965-2135 x13563,32
5072,Arnoldo Bode,Ollie_Schaefer@example.com,Hammond,503-755-0431 x2104,30
5073,Jacey Jaskolski,Troy45@example.net,Ocala,(531) 472-8407,21
5074,Gary Sanford I,Renee9@example.net,Sydneeworth,1-795-785-9926,65
5075,Blake Mayert,Mindy.Zieme-Smitham@example.com,Corwinstead,1-581-997-4985 x049,39
5076,Shelly Denesik I,Shad.Marquardt@example.net,Erdmanside,(248) 887-0253 x044,48
5077,Aimee Abernathy,Darion.Greenholt14@example.org,Port Rubie,769.350.8326 x60558,40
5078,Rickey Yundt,Bobbie.Hagenes15@example.net,North Hugoland,346-658-0243,41
5079,Enrique Douglas,Mable79@example.net,Brandiland,(521) 882-9732 x70956,35
5080,Angelica Mann,Amely5@example.com,Fort Annalise,1-567-807-8063 x4224,38
5081,Herbert Schaefer,Amy16@example.net,Raeganmouth,1-450-917-3441 x655,38
5082,Timmy Lind,Abdul_Wisoky43@example.org,Tuckahoe,(878) 622-0492 x2300,20
5083,Joan Wilkinson,Roxanne.Satterfield@example.org,Kentshire,790-395-6290 x981,37
5084,Sylvester Huels,Rocky.Ruecker49@example.net,East Kylieborough,294-274-2568 x9034,40
5085,Elaine Hamill,Tommy31@example.com,East Margarettastad,761-992-7886 x122,63
5086,Ms. Myrtle Larson,Jenna_Zulauf94@example.net,Lake Katarina,(468) 574-4309 x95360,54
5087,Seth Friesen,Kathleen.Reichel45@example.org,Jeradborough,941-603-6945 x247,26
5088,Carmen Wiza,Annette.Monahan@example.com,Quitzonton,1-615-686-5783 x806,52
5089,Laurence Leuschke,Bethany42@example.com,West Kellifield,1-356-745-2251 x866,55
5090,Ramiro Flatley,Shea.Upton7@example.org,Tacoma,(349) 358-5596,37
5091,Dr. Joel Brekke,Irving3@example.com,Fort Colin,(586) 455-1350 x763,28
5092,Mr. Abraham Schinner,Dannie90@example.org,Arleneton,836-353-4942 x47587,22
5093,Mr. Carlton Pagac,Carlos56@example.net,Fort Lavonnestad,520.780.8495 x3492,20
5094,Haylie Jaskolski,Randall.Kozey74@example.org,Kenttown,448.590.0629,33
5095,Pablo Frami,Stacy.Ullrich@example.com,South Bryan,419-748-6943 x577,44
5096,Josephine Bogan,Kirk.Schmidt57@example.com,Port Mohammad,412-717-8466 x68505,41
5097,Mr. Karl Leuschke,Mona71@example.net,Fort Gageview,462.459.6476 x2080,30
5098,Nichole Reynolds,Ruth_Borer35@example.org,Russel-Zemlakhaven,(779) 518-9303 x998,57
5099,Alice Douglas,Donnie_Watsica@example.org,Stehrchester,800-508-1549 x94276,43
5100,Orlando Weber,Agnes.Kris@example.org,Blickberg,570-525-1518,37
5101,Asa Leffler,Ivan_Jaskolski24@example.net,Zemlakchester,(431) 845-6205,58
5102,Jessyca Trantow,Jailyn_Hane86@example.com,Grand Junction,1-410-211-5367 x88289,32
5103,Bella Blick,Ken_Altenwerth@example.net,West Maximo,(988) 741-0994 x517,38
5104,Dr. Levi Daniel,David.OReilly16@example.org,West Jordan,376.285.3019 x411,25
5105,Beth Cole,Brenden33@example.org,Fort Milo,564.897.0743 x3011,33
5106,Stacey Fay,Kathryn80@example.org,Lake Estrellatown,1-892-633-7190 x98096,26
5107,Paul Ryan DVM,Dedrick.Kozey@example.com,Leliatown,1-859-585-4513 x780,53
5108,Ms. Nettie Rowe,Tricia.Hoppe@example.com,Jimmyfurt,665.613.5734 x486,34
5109,Katrina Erdman,Edythe.Conroy@example.org,Fort Worth,(710) 296-0848 x015,24
5110,Magdalena Anderson,Claudia.Grant89@example.com,Pinellas Park,867-260-5011 x6804,30
5111,Brant Yundt,Lacey35@example.org,Port Einar,969-464-4868 x638,37
5112,Zackery Franecki DVM,Efren.Bashirian23@example.com,Armstrongfurt,1-353-633-0471 x88709,25
5113,Urban Terry MD,Delphine.Beer8@example.net,Shawnashire,209.336.4452 x9783,46
5114,Bert Douglas,Mindy_Murazik@example.com,Cronamouth,(712) 240-6350 x6233,63
5115,Miss Jessyca Pollich,Sadye96@example.org,Jamircester,301.419.2245,26
5116,Mr. Sean Hirthe,Vladimir_Abbott@example.net,Lake Rosaburgh,1-580-879-8725 x2183,30
5117,Winston Marquardt,Kaitlyn_Barrows@example.net,Moline,1-579-579-0448,41
5118,Steve Barton,Rodger.Kunze51@example.org,Port Polly,760.242.8587 x2669,19
5119,Estrella Christiansen,Albin34@example.net,Boscostead,865-628-0948 x49377,31
5120,Duane Ankunding,Katrine17@example.net,New Mikelview,(296) 806-9820,25
5121,Lela Russel MD,Wilfred.Glover33@example.net,New Karifort,1-933-983-6000 x8492,34
5122,Lilyan Kreiger,Micheal9@example.com,Lafayette,1-526-240-9432 x9686,44
5123,Herta Kozey,Rusty.Barrows76@example.net,Fort Rex,1-460-424-6271,48
5124,Bret Rolfson DVM,Gavin_Lockman24@example.com,Port Ianshire,(843) 457-8061,18
5125,August Baumbach,Hipolito.Graham99@example.com,South Wellington,1-704-457-5105,23
5126,Gwen Cassin,Jenifer.Padberg1@example.net,Aliviaboro,1-476-209-8026,49
5127,Myrtle Jakubowski,Justin99@example.org,Borerview,394-310-6663 x468,43
5128,Margaret Bogisich PhD,Yesenia_Aufderhar@example.com,South Erma,356-658-1141 x49660,18
5129,Kaylie Predovic,Sheridan_Miller67@example.org,Charlotte,339.830.4422 x886,36
5130,Olivia Welch,Rachael_Stehr17@example.com,East Kayfield,1-931-743-6014 x648,47
5131,Ken Farrell,Trycia35@example.net,South Nikolas,326.784.9473 x53531,61
5132,Alicia Sawayn,Leann45@example.com,Parisfort,466.672.5122 x16720,22
5133,Rolando Bauch,Arnold.McDermott@example.com,Lake Havasu City,551-708-6325 x455,24
5134,Gerald Zboncak,Doyle_Schaden@example.com,East Darienshire,693.901.6272,29
5135,Richie Carroll,Vernon43@example.net,Port Alberto,448.628.3672 x942,48
5136,Ricky Cole,Greg_Harris@example.com,South Tasha,1-899-258-7069 x47131,24
5137,Telly Konopelski,Jeffrey_Roberts@example.com,Karinaburgh,1-298-500-8049 x924,64
5138,Patty Schiller-Ebert,Viola_Ryan@example.com,North Amandaburgh,737-881-2535,26
5139,Nadine Kunze,Francisco_Wyman96@example.com,New Darianacester,324.940.0624 x23000,50
5140,Darian Dibbert III,Raphael.Von2@example.org,Elainaside,819-376-4111 x171,59
5141,Felipe Pacocha,Kelly_Olson97@example.org,Glendale,(508) 450-9182 x10044,36
5142,Tiara Hettinger,Henriette.Pfeffer99@example.net,Alisonmouth,1-707-732-4718 x9860,46
5143,Katie Ritchie,Darby_Maggio29@example.net,Selmerbury,365-557-3270 x7438,51
5144,Karen Kulas-Howe,Shirley_Sipes70@example.org,North Makayla,1-414-669-6482,44
5145,Jodi Sawayn,Lucy.Hyatt60@example.net,Fort Gudruntown,(917) 264-5519 x046,19
5146,Amalia Russel,Adrienne89@example.com,Port Rachel,(456) 635-4439 x6835,18
5147,Adriel Swift,Lavon_Harvey72@example.org,East Augustine,772.203.0104 x233,65
5148,Tom Ruecker,Wade.Herzog@example.org,Willside,(660) 713-5471,38
5149,Virginia Morar,Emanuel12@example.org,Ebertmouth,(455) 784-0546 x44168,42
5150,Mr. Santiago Schneider,Freda.Stark@example.org,Port Brandy,1-402-496-4514 x79450,48
5151,Tyrel Pacocha,Felicia26@example.com,Deborahboro,354.428.2311 x328,28
5152,Javier Daniel,Lamont_Yost18@example.net,Reannaview,528.995.0696 x331,53
5153,Einar Schneider,Andy5@example.org,Nolanhaven,784-291-1547 x5285,62
5154,Miss Lesly Parisian-Murray,Yvonne.Romaguera60@example.net,Townebury,1-689-374-6582 x04655,39
5155,Jeannie Anderson,Louie.Raynor13@example.net,Lake Laurence,315.796.5429,32
5156,Ervin Keebler,Macie_Mitchell@example.net,Urbana,531.299.1530 x26253,24
5157,Malvina Rosenbaum,Laury_Rogahn@example.net,West Dewayneburgh,1-851-730-7094 x46037,19
5158,Ira Lakin,Peyton.Cole61@example.org,Minot,(234) 946-7154 x28557,63
5159,Annabell Bartell-Wehner,Lucille_Boyle53@example.com,Kristyworth,(751) 453-2493 x649,64
5160,Dr. Cecil Hettinger,Rahsaan.Kuphal99@example.org,Kellieside,683-253-5759,33
5161,Gerard Herzog,Megan_Mann@example.org,McCullough-Thielborough,1-993-287-4236 x623,65
5162,Mildred Towne,Ivah74@example.com,Karlabury,(402) 564-6923 x7417,22
5163,Nicklaus Kuhic,Lyda_Conroy50@example.com,South Genoveva,549-853-0440 x649,56
5164,Armando Zulauf,Douglas.Trantow89@example.net,North Lincoln,1-451-876-1594 x53075,20
5165,Fae Renner,Al_Roob64@example.org,East Sharon,1-354-609-6445 x523,48
5166,Lorenza Legros,Haven_Denesik@example.net,Kutchchester,272.806.3609 x010,33
5167,Olga Roob,Liza47@example.net,Lizethland,534-506-6084 x2568,28
5168,Toby Beatty,James_OKon55@example.com,Bernhardcester,1-487-809-9381 x983,60
5169,Edith Gutmann,Marlee.Konopelski@example.com,East Jeanniebury,1-938-664-5748 x61553,29
5170,Caden Macejkovic,Noe.Mann62@example.com,Robbton,(348) 244-4730 x2219,18
5171,Miss Brycen Friesen,Wesley.Hoppe@example.net,East Derek,685-523-0178 x385,32
5172,Rachel Rempel,Monique_Schamberger58@example.net,Greenholtbury,841-266-6840 x7662,51
5173,Elwyn Harris,Gary_Grant12@example.com,West Claudia,1-754-702-1327 x6134,41
5174,Adah Lubowitz,Fannie16@example.net,Lake Pasqualeboro,1-596-573-0898 x7874,24
5175,Tristian Bergnaum,Nicole_Kuvalis@example.org,Mohrshire,750.219.3307 x41861,27
5176,Vergie Rolfson-Botsford,Nina.Paucek46@example.org,Binsmouth,1-798-566-0719 x228,56
5177,Shemar Powlowski,Regina_Reinger-Kuhn6@example.org,League City,1-675-373-4141 x5420,19
5178,Kylee Doyle,Anne_Harber@example.org,Huelfort,(215) 978-2097,61
5179,Dr. Lia Lowe,Katelynn3@example.org,Lake Geovanniport,(203) 250-1674 x053,65
5180,Mr. Natalia Roberts,Amelie_DAmore16@example.com,Archiemouth,977.255.7780 x6202,23
5181,Jewel Leuschke,Dora.Ward17@example.net,Fort Dallasland,432.492.5221 x671,56
5182,Brooke Kuhlman-Stehr,Jeanie53@example.org,North Melisaworth,807-812-9240 x77406,38
5183,Glenda Fadel,Wilfrid.Okuneva66@example.com,Guadalupeport,(905) 516-3700,56
5184,Romaine Hermiston-Kertzmann,Enid_DAmore@example.net,Skilesstad,571-769-2903 x65669,65
5185,Johnny Bechtelar DDS,Russell.Paucek20@example.com,South Walter,866.335.6933,28
5186,Augusta Hermann,Judith.Littel-Mosciski@example.net,Barrowsland,530.763.5176 x339,41
5187,Fredrick Franecki,Marcelo.Friesen@example.org,New Debbie,1-262-576-0515 x11308,30
5188,Herminio Berge,Mack_Kihn97@example.com,Sebastianport,1-769-557-4592 x7897,21
5189,Flossie Daniel Jr.,Enrique90@example.org,Parma,1-723-328-7146 x39323,56
5190,Angela Sawayn,Josefina39@example.org,West Stella,(981) 593-6091 x8811,40
5191,Ms. Emily Stroman,Janet.Konopelski89@example.net,South James,(523) 581-4387,36
5192,Mr. Jewel Sipes,Jacinto.OHara20@example.org,Fort Rosalie,487.499.4419 x5909,56
5193,Dayne Ondricka,Alene.Stanton59@example.net,Kaceyfield,1-880-249-3077 x01713,53
5194,Kenneth Schowalter,Pauline_Nitzsche-Mosciski26@example.net,South Daisy,476-872-2317 x4328,28
5195,Justice Ratke,Ignacio93@example.com,Lennyburgh,511.320.2885 x9304,65
5196,Levi Swift,Jovanny_Hegmann32@example.net,Lake Halborough,641-515-2715,33
5197,Regan Pagac,Gloria.Rogahn40@example.org,North Lorraineview,1-931-568-9150 x5071,34
5198,Peter Stark,Bernard_Dickinson70@example.com,Fort Clotilde,1-398-541-7917 x36580,21
5199,Elisa Torp,Santos.Wolff70@example.org,Henryfort,1-244-893-7580 x82949,64
5200,Ms. Candice Nicolas-Weimann,Esmeralda49@example.org,Ilianaport,889.343.5090 x804,52
5201,Ciara Nienow,Gordon_Feeney@example.net,Port Darron,718-362-0725,57
5202,Lana Carter,Marvin_Raynor-Stamm@example.com,Fort Magdalen,992.998.7467 x80459,30
5203,Melanie Durgan,Gene39@example.net,Altenwerthport,556.656.9161 x2827,27
5204,Sheldon Funk II,Gilberto75@example.com,South Annabel,1-774-504-7898 x92890,34
5205,Janie Kris,Adolphus81@example.com,Wuckertfurt,429.324.1287 x857,32
5206,Gerhard Nolan,Janelle10@example.org,Plano,1-617-485-5507 x93951,23
5207,Daphne Goldner Sr.,Francisca42@example.net,Fort Edwardstad,(489) 949-8268 x347,38
5208,Mrs. Candido Kessler,Helga.Green62@example.com,West Tyrique,1-852-258-4273 x415,41
5209,Olin Reinger-Brown,Jacey.Boyle87@example.com,Fort Deonfort,(895) 303-5152 x847,30
5210,Rozella Fritsch,Clifford_Homenick@example.org,East Walter,1-680-474-6058 x61671,37
5211,Angelica Kilback,Tim.Carroll-Jerde38@example.com,Beahan-Ernserville,619.427.5723 x47812,35
5212,Ambrose Kuvalis,Lawrence.Walsh49@example.org,Palm Coast,(582) 809-5045 x763,59
5213,Roman Schamberger PhD,Willow.Crona55@example.net,Vivianeville,590-435-4054 x783,56
5214,Alexander Abshire,Denise53@example.net,West Karlaboro,(312) 677-5612 x76747,28
5215,Hilda Rosenbaum,Ollie.Fay@example.org,Alicefurt,1-888-898-9492 x725,59
5216,Deontae Stiedemann,Zoila_Mayer10@example.net,East Natashaton,1-950-285-1855 x219,29
5217,Diana Keeling,Myra52@example.org,Celiafort,(741) 939-9700 x70581,23
5218,Lavina Spinka,Melody_Okuneva72@example.net,Goodyear,662.693.3968 x772,63
5219,Kay Berge,Isabel.Romaguera4@example.org,East Honolulu,(581) 856-3268 x80425,38
5220,Christian Berge,Bethany16@example.net,Montebello,428.251.7416 x7520,58
5221,Mckenna Streich,Saul.Reichel@example.net,South Ronnie,(235) 612-1865 x527,55
5222,Teri Parker-Kreiger,Tillman97@example.org,Lake Homerstead,(812) 675-3694 x141,35
5223,Reva Oberbrunner-Kohler,Raleigh.Bayer92@example.net,Akron,514.242.8644 x617,33
5224,Tina Dickinson,Gina.Franey13@example.net,Fort Archietown,1-587-236-5439 x035,46
5225,Diana Bogisich,Francisco_Greenholt10@example.net,Adellworth,556-662-1805,50
5226,Isabel Simonis,Ebba.Nolan24@example.org,North Joanahaven,1-773-899-0777 x34008,65
5227,Tremaine Schoen PhD,Juwan.Kozey65@example.com,Richardson,(827) 643-9749 x04457,29
5228,Tiana Balistreri,Samanta.Kovacek@example.net,Elmobury,484.687.1804 x591,51
5229,Mr. Jovani Romaguera,Wilbert_Tillman@example.com,Elk Grove,(295) 935-3553 x353,35
5230,Carla Friesen,Wanda_White97@example.com,Grimeshaven,1-792-323-5344 x274,53
5231,Clifton Morar,Finn.Bergstrom@example.org,South Holly,(585) 732-2839 x93626,24
5232,Beulah Hermiston,Everardo94@example.org,Henriettaville,1-253-803-6373,59
5233,Felicia Block,Jessica_Lebsack@example.com,Birdieshire,1-511-430-7588 x769,18
5234,Cielo Hegmann-Goyette,Kenny_Hoppe@example.org,Farmington,1-947-731-3329 x8052,53
5235,Mr. Weldon Swaniawski,Orlando_Hansen75@example.org,Lake Ruth,509.253.2756 x780,64
5236,Camren Johnson,Bobbie69@example.org,Kirkbury,421-955-8511 x38735,46
5237,Jeremy Anderson IV,Jane.Bailey@example.com,Waldorf,(617) 480-7226 x72082,53
5238,Briana Toy MD,Holly_Krajcik30@example.org,New Saulfort,1-224-481-7013 x6924,65
5239,Yasmeen Tillman III,Hilda51@example.net,Vincentburgh,(702) 302-6751,44
5240,Mr. Toby Weber,Sue78@example.com,Downers Grove,331.300.5128,62
5241,Davon Hahn DVM,Otto_Rohan@example.com,Yvonneburgh,(260) 675-3572 x9046,40
5242,Ms. Ebony Waters,Lindsay.Stanton@example.org,South Franciscaview,(666) 635-6248 x05631,59
5243,Tabitha Bednar,Christian.MacGyver13@example.org,Goodwinboro,899-567-8031,37
5244,Mr. Rhianna Mann,Sedrick4@example.com,Leonelberg,688-574-3424 x523,59
5245,Keenan VonRueden,Gladys_Powlowski@example.net,New Dawn,752.891.9977 x7111,24
5246,Augusta Connelly MD,Beatrice76@example.com,Jaredboro,911.349.4660,43
5247,Celia Wisozk,Daron_Jerde64@example.org,West Bobfield,1-335-921-6687 x76489,51
5248,Mr. Billy O'Conner,Julius.Davis91@example.org,West Graceland,651-750-3112,21
5249,Helene Schmitt,Jerald.Lueilwitz96@example.com,Lindgrenshire,671.375.1513 x5777,32
5250,Cornelius Kshlerin,Ronnie.Kautzer93@example.org,Kiehnboro,921.852.4807 x3104,25
5251,Laurence Ondricka,Burley36@example.org,Konopelskiberg,(816) 381-8891 x413,33
5252,Fabian Schinner,Emilia_Metz@example.org,North Erick,541-869-7156,44
5253,Emile Gibson DDS,Ronald5@example.net,Lyleburgh,(728) 201-3279,47
5254,Sabrina Renner,Guillermo22@example.net,Kateville,271.665.1081 x34382,49
5255,Allison Jacobi,Marilyn58@example.net,Joannafurt,1-490-334-2230 x406,62
5256,Nadine Feeney,Tara.Kilback95@example.net,New Doraborough,(745) 298-8158,22
5257,Pedro Bruen,Jenny43@example.org,Zitachester,(540) 755-2157,51
5258,Stewart Tromp,Caroline.Kilback@example.org,Fort Nellieboro,(331) 279-2235 x37127,20
5259,Jesse Koch,Noble43@example.net,Port Antonioborough,(265) 806-3820,32
5260,Brett Becker,Loren35@example.net,Streichborough,1-471-834-2620 x568,23
5261,Cristobal O'Reilly,Betty51@example.org,Lake Kathy,(759) 965-4790 x2199,20
5262,Brandy Kilback,Ulices.Stracke@example.net,Union City,341-355-6842,27
5263,Stanley Runolfsson,Eva40@example.net,Attleboro,(257) 632-6977,26
5264,Margarita Harber,Brandt_McCullough@example.org,North Becky,845-534-0708 x094,26
5265,Fiona Cronin,Cleora79@example.net,Harryland,698.962.8158,61
5266,Curtis Wolf,Mabel_Rolfson@example.org,Clearwater,803.384.3661 x67326,61
5267,Roderick Stroman,Ambrose.McClure19@example.net,South Oma,480-954-8915 x377,24
5268,Ada Sipes,Pearl.Emmerich@example.com,Jamelworth,903-578-0829 x1806,26
5269,Taryn Schmeler,John75@example.org,Gorczanychester,921-630-9897 x798,52
5270,Dr. Claudia Rau,Amelia_Howe50@example.org,Lake Emilio,(590) 350-3183 x040,34
5271,Brendan Prosacco,Lowell_Kulas46@example.com,Ardenstead,610-576-7459 x636,44
5272,Shelia Brown,Ellis_Hand42@example.net,East Micah,241.589.3131 x7935,51
5273,Ms. Korey Russel,Jabari23@example.net,New Genevaland,(307) 208-6846 x07683,45
5274,Dr. Effie Price DDS,Matilde_Mosciski@example.net,McAllen,1-370-235-5405,31
5275,Oma Pouros,Assunta59@example.net,St. Paul,773.658.1123 x489,65
5276,Robyn Kilback,Samuel_Kozey96@example.com,Port Zack,399.591.0740 x20137,25
5277,Sheila Spencer,Marco23@example.com,East Valentinefort,(657) 613-6295,47
5278,Dustin Torp PhD,Douglas.Barton15@example.org,Lake Kristenbury,935-908-8021 x27322,20
5279,Margie Koch-Stroman,Martha_Kling8@example.net,Daly City,1-323-218-7517,62
5280,Fatima Mayer,Courtney.Nader@example.org,Fort Amayaboro,217-314-7123 x9648,60
5281,Curt Schumm,Ernestina26@example.org,Donnellyhaven,852.670.4717 x4495,55
5282,Holly Hodkiewicz,Branson.Bogisich@example.net,East Aaron,339-437-1747,54
5283,Moses Daugherty PhD,Leah.Feil@example.net,Priscillafort,(254) 378-0518 x743,39
5284,Bernard Kuhic,Emelie_Carter-DAmore@example.net,El Dorado Hills,1-254-777-4141 x37883,24
5285,Bettie Rutherford Jr.,Emie.Rowe@example.org,Yoststad,936-700-9829 x79022,19
5286,Brandi DuBuque,Alek.Ondricka60@example.com,Maxineborough,(605) 535-5243 x48571,61
5287,Thelma Batz,Nellie_Beer@example.org,New Garnetstead,373-811-6253,48
5288,Mark Kovacek,Lora_Cremin30@example.net,West Joana,(240) 402-0192 x385,37
5289,Myrl Barton,Johnathan9@example.com,Port Gregg,862.899.1146,29
5290,Mr. Orlando Renner,Robbie_Maggio@example.com,Corwinfield,672-437-3621,55
5291,Brielle Wuckert,Brandi_Welch@example.org,Louisetown,1-508-586-5782,31
5292,Johnnie Von II,Gordon.Barton@example.net,South Valerie,264.501.8565,40
5293,Blanca Mitchell,Eulah_Kirlin7@example.net,Rowlett,(467) 642-7526,28
5294,Marty Rempel,Kavon89@example.com,San Francisco,(393) 788-2675 x78492,63
5295,Manley Haley,Darryl25@example.net,Port Frankie,983-356-9341 x01855,50
5296,Elwin MacGyver,Martha45@example.com,Diannehaven,(645) 403-0591 x113,29
5297,Rico Russel,Melanie.Kuhn22@example.com,South Adele,743-410-4246,37
5298,Corbin Boyle,Christina.Schaden@example.com,Abshireshire,1-420-291-3726 x91723,63
5299,Rowan Bauch DVM,Joany4@example.com,South Samuel,(316) 963-8672 x9800,35
5300,Dr. Luigi Collins,Hermina31@example.net,Kingstead,786.205.0609,32
5301,Pearlie Carroll,Lamont_Fay43@example.org,Everett,569.406.8604 x554,33
5302,Tommie Mills,Mona33@example.org,Long Beach,1-832-480-2858 x7557,60
5303,Ron Collins III,Leonor_Grant48@example.org,Schillerfield,373-557-2939,21
5304,Dr. Edmund Padberg,Meggie.Cassin87@example.com,East Veronica,1-535-514-0583,27
5305,Dianne Durgan,Willis_Franecki38@example.com,Welchstad,(864) 368-5434,29
5306,Kimberly Zboncak,Leah_Marks@example.net,Nicolasberg,361-492-7540 x240,32
5307,Clifford Terry,Kristi_Monahan62@example.com,Lake Stacyburgh,936.773.5266 x509,27
5308,Stuart Price,Edna.Quitzon@example.net,Kieranview,1-271-758-7698,28
5309,Opal Bruen,Ashtyn80@example.com,Lake Tracey,1-429-241-7444 x0224,63
5310,Miss Johnpaul Mohr,Genevieve49@example.net,Lake Kiana,663.410.0830 x0759,37
5311,Xander Oberbrunner,Erwin.Veum@example.com,Nadineville,517-692-6187 x82927,18
5312,Pearl Schumm III,Marty.Dach@example.com,Largo,565-470-6174 x407,39
5313,Mr. Leann Cormier,Pablo.West61@example.com,Lake Davidstad,415.479.3295,60
5314,Mr. Brice O'Connell,Myrtle.Bogan69@example.org,Stokesstad,(804) 921-2741 x1961,53
5315,Seth Hegmann V,Anabel_Medhurst30@example.com,New Larry,(259) 595-2126 x068,62
5316,Bonita Hane,Chaim.Lockman@example.org,Fort Joyce,224-241-6210 x91179,48
5317,Jacob Koepp,Greg86@example.com,Koeppport,348.833.4600 x284,48
5318,Erma Sipes,Emmie23@example.com,Krajcikview,779.239.9360,27
5319,Jewel Cummerata,Erick_Reilly82@example.com,East Joe,912-734-2495 x23996,37
5320,Ms. Marcelina Reinger DVM,Rickie.Franecki0@example.org,Jordanestead,1-534-827-6589 x09277,24
5321,Penny Rohan,Blaze_Hermann86@example.com,South Manuel,288.711.3373,39
5322,Frankie Kassulke,Darion89@example.net,South Hill,(525) 756-2942 x83504,51
5323,Leticia Tillman,Heidi_Emmerich99@example.org,Santa Ana,1-624-448-5009 x31979,33
5324,Darren Keeling,Audrey82@example.org,Turlock,(518) 809-6742,33
5325,Kristen Ledner,Stanley.Wintheiser-Smith@example.org,North Alize,(845) 657-8443 x61254,52
5326,Danny Lueilwitz,Giovanny.Bahringer99@example.com,Cuyahoga Falls,436.885.9430,42
5327,Ramiro Thompson-Johns,Terrence_Feil77@example.com,Franeckitown,827.395.8331 x85739,26
5328,Naomi Schmeler,Lorenza_Crona40@example.com,Wintheiserport,689-959-5900 x64621,51
5329,Ms. Ada Zulauf,Sophia.Windler@example.org,Fort Bob,557.971.7586,25
5330,Garrett Predovic IV,Kenny_Hegmann@example.net,Sengerfield,1-971-789-3524 x87008,34
5331,Johathan Parker,Hope.Hauck@example.com,Wilkinsonberg,469-488-9065 x46858,24
5332,Joel Bailey,Sherri.Predovic@example.org,South Kaycee,958.477.8195 x95746,55
5333,Augustine Lesch,Ambrose31@example.org,Randallfurt,614.508.1525 x906,65
5334,Dan Schuppe,Leah89@example.net,Springdale,(341) 883-1844 x20894,20
5335,Becky Orn,Shari9@example.org,North Bethfurt,417-299-8696 x258,55
5336,Vernon Heidenreich,Paul.Kassulke@example.org,South Kelvinberg,(213) 476-8725,56
5337,Dale Howe,Mike87@example.com,North Kathryne,740-700-1945 x155,42
5338,Herta Barton,Yvonne38@example.com,Jimmyside,892.825.8788,31
5339,Tricia Jacobi,Wallace1@example.org,Quincy,535.611.4080 x217,39
5340,Bennett Marks DVM,Ricky86@example.com,Milpitas,674.958.9237 x418,24
5341,Paul Schiller,Harry.Bogisich-Funk40@example.com,Derickstead,430.866.8183 x6275,52
5342,Mr. Guillermo Schimmel,Monica96@example.org,Alexandria,(528) 261-5885 x3423,40
5343,Stephon Schimmel,Eveline_Powlowski54@example.net,Dale City,626-969-6975 x886,21
5344,Kamron Macejkovic-Stroman,Napoleon.Christiansen36@example.net,Lake Doviecester,(408) 744-1752 x79543,29
5345,Brook VonRueden,Tracey.Little22@example.com,Lake Wilbur,1-264-787-5891 x5243,26
5346,Ronald Veum,Jeannie_Rice1@example.net,Charlesport,(288) 559-3857,58
5347,Rashad Jenkins,Garrick.Torp70@example.com,Montgomery,(946) 292-2719,35
5348,Morris Jast,Monique66@example.net,Paulettefurt,220.887.2663 x105,22
5349,Carlton Tromp V,Halle_Dicki@example.org,Redmond,584.256.5715 x38504,19
5350,Miss Kristie Robel,Brandon_Bosco@example.com,Lake Martyview,(704) 725-8369 x8803,45
5351,Mrs. Margie Lindgren DDS,Esther_Ortiz7@example.com,Michellebury,(932) 315-2255 x5542,18
5352,Lila Botsford,Brandon74@example.org,Danielborough,1-822-844-9018 x30792,27
5353,Emanuel Lind,Stella17@example.com,New Claudiafurt,751.997.2330 x1089,27
5354,Mr. Travis Olson,Daija_DuBuque@example.net,Felixburgh,(663) 522-8790,38
5355,Ludie Stokes,Zaria95@example.net,Beattyfield,1-423-435-7310 x22416,43
5356,Christian Hettinger,Leo_Trantow@example.net,West Alyson,1-306-548-8924 x659,44
5357,Zander Schuster,Roman81@example.org,East Jeannie,478-595-4447 x9088,50
5358,Jan Roberts,Cole48@example.com,New Willis,941.772.2434 x2403,54
5359,Susanna Fahey,Jimmie_Bartoletti@example.com,Waelchicester,931.268.7661,36
5360,Noelia Fay IV,Angelo_Wisoky49@example.org,Karacester,337.243.7021 x32762,47
5361,Eldred Anderson,Ed.Mann33@example.com,Conway,559-465-1550,26
5362,Fay Cummings II,Warren93@example.com,New Krystal,374.753.1493 x1949,60
5363,Gilbert Monahan,Helen.Deckow@example.com,East Ellsworth,507.893.7480 x987,30
5364,Mr. Charles Braun,Elissa13@example.org,Margueriteshire,(533) 372-1435 x0749,39
5365,Dr. Herbert Kautzer,Marc_Schmitt@example.net,Federal Way,1-690-217-6892 x268,24
5366,Mr. Vada Heidenreich,Travis35@example.com,Fort Smith,(414) 531-0110 x8619,54
5367,Charlotte Kiehn,Sheryl46@example.com,South Marioburgh,(264) 503-1733 x66096,63
5368,Dr. Elias Cartwright,Gladys99@example.net,South Clifford,964.890.9589 x9052,29
5369,Art Waelchi,Sammy.Koss2@example.net,New Chanelborough,273-238-0774,60
5370,Horace Frami Sr.,Joseph87@example.org,Brekketon,935-676-6970,22
5371,Colten Paucek,Ken_Buckridge20@example.org,West Omarstead,(272) 829-5023 x716,33
5372,Sharon Nicolas,Johan38@example.net,East Monaside,1-618-448-0100 x341,38
5373,Rudolph Deckow,Isabella_Hoppe@example.net,Denesiktown,1-409-807-8392,39
5374,Regina Veum,Mireya_Okuneva@example.com,Rippinfurt,364.841.9159 x23895,60
5375,Nickolas Lubowitz,Percy0@example.net,East Ewald,1-339-435-9633 x5686,52
5376,Elta Sanford,Mitchell.Barrows36@example.com,Skilesport,(784) 797-5206 x6372,25
5377,Valentine Stoltenberg,Favian47@example.org,Shawnee,775-975-6379 x590,24
5378,Rosemarie Schuster IV,Peyton.Mitchell@example.net,Pensacola,1-298-769-0649 x3666,23
5379,Kendra Jacobi,Sheryl75@example.net,Tessville,(546) 309-6440 x280,50
5380,Olga Wuckert,Ramiro28@example.org,Douglasmouth,615-615-2906 x57654,45
5381,Norman Konopelski,Makenzie23@example.net,Ankundingstead,717-354-1689,18
5382,Mr. Stanley Gottlieb,Dion.Wiegand42@example.net,North Edwardstad,(343) 848-3463 x9726,54
5383,Robyn Connelly V,Graciela26@example.net,East Gust,241-791-8581 x3169,50
5384,Khalil Windler,Clay_Hansen-Senger80@example.com,Mitchellfort,460-879-9303 x4841,46
5385,Marianna Friesen,Wilbur45@example.com,Laguna Niguel,(643) 827-2191 x09332,30
5386,Alfred Abshire,Clifford.Prohaska69@example.com,Lawton,806-723-5701 x9514,57
5387,Ken Bechtelar,Arnulfo8@example.org,Schowalterbury,643-588-2566 x9309,42
5388,Vella Prosacco,Randal.Schinner@example.net,Luettgenland,1-913-474-4785 x3925,43
5389,Lora Reichel,Gaetano_Schulist67@example.net,Port Petra,(705) 626-9888 x6118,44
5390,Kattie Leannon,Meda.Cruickshank43@example.org,New Cornelius,1-366-224-5652 x99481,44
5391,August Grimes-Daniel,Alexa29@example.net,Carterchester,(370) 571-6621 x4980,28
5392,Keshaun Dietrich,Casey_Feil74@example.net,New Floyd,234.739.9830,50
5393,Lindsey Cummerata,Jimmie83@example.net,Hildaboro,878-770-2730 x35222,54
5394,Eula Bechtelar,Sabryna80@example.com,East Charlesville,(953) 878-8462,52
5395,Morton Osinski Jr.,Marguerite_Bergnaum89@example.com,West Raymond,(316) 311-4843 x6251,19
5396,Salvatore Yost,Irma73@example.org,Anacester,427-995-9606,53
5397,Audrey Wuckert,Rudy_Waelchi@example.net,South Bonnieberg,(319) 909-7550 x22169,25
5398,Ms. Grace Toy,Syble.Grady@example.org,Heberside,791.318.3879,56
5399,Anahi Lakin,Deanna99@example.org,Schaeferburgh,1-855-811-9809 x1212,56
5400,Vada Crist,Chanel55@example.net,East Lynda,824.880.1381,54
5401,Mr. Vance Johns,Michael_Emard36@example.com,South Emilio,(225) 854-3991,31
5402,Bria Lowe DDS,Reese63@example.org,Elenorport,(852) 244-9588 x09563,56
5403,Constance Pagac,Jettie.Stanton81@example.net,Sueview,785.376.7080 x34623,37
5404,Wm Sporer,Addie_Ruecker@example.net,Blickborough,365-437-6696 x1417,61
5405,Yvonne Nienow,Perry44@example.net,Myrticeview,629.270.9799 x9986,62
5406,Otto Conroy,Lucy18@example.net,Port Rose,(334) 258-3449 x4130,49
5407,Debra Nikolaus,Eula78@example.net,Lucindafurt,366.797.9515 x0374,30
5408,Mr. Waino Altenwerth,Edward.Kovacek@example.net,Hesselberg,867-957-4743,57
5409,Juan Cremin Sr.,Bertha.Blick27@example.net,Freddieside,606.238.4920 x00302,49
5410,Tristian Legros,Lulu.Predovic@example.org,Bethhaven,1-929-791-8449 x8818,61
5411,Barbara Predovic,Luke_Hane@example.net,Lake Gwen,1-680-688-4811 x994,30
5412,Warren Collins,Ronald.Ernser42@example.net,Billieberg,(806) 530-3346,52
5413,Joanny Hoeger,Pete46@example.net,Vista,442.208.0625,56
5414,Michelle Kulas PhD,Marielle_Murphy21@example.org,West Louise,704-714-1240 x1423,65
5415,Becky Rath,Keith33@example.net,Stantonchester,805.975.5692 x5889,31
5416,Geraldine Daniel,Derek22@example.org,Luettgenfort,1-642-602-5500 x7958,25
5417,Bertrand Tromp,Leland_Bruen58@example.org,East Willburgh,612-965-2588 x82004,21
5418,Cecelia Dickinson V,Owen.Koss36@example.com,Newport Beach,1-806-687-4612,31
5419,Dwight Kuvalis,Guido_Romaguera@example.org,East Kent,1-683-548-8933 x53388,48
5420,Tremayne Lesch,Emery.Hessel63@example.net,New Joann,(914) 630-7916 x4724,54
5421,Miss Olive Champlin,Reina.Bartell62@example.net,Ashleyport,911.303.3142 x09402,23
5422,Mr. Milton Barton,Zora.Schuppe@example.com,Ceres,998-520-3558 x0623,64
5423,Nikolas Gutmann,Cecelia.Fritsch73@example.org,Bruceland,1-928-816-3632 x817,27
5424,Sabryna Hauck,Brian33@example.com,Gislasonbury,(996) 348-1975 x33279,23
5425,Zella Zieme,Freda.Bartell@example.com,Boyleside,295-373-8613 x027,28
5426,Berneice Bosco,Jared60@example.com,New Royce,770.430.4557 x777,56
5427,Charlie Aufderhar,Mozell36@example.net,Fort Vidal,640.287.4914,25
5428,Corine Runte DDS,Delbert73@example.com,Dickiville,672.290.1291 x7514,23
5429,Garry Bogisich,Cecelia_Ullrich@example.net,New Bert,(460) 814-6700 x843,51
5430,Martha Murphy,Viola_Kihn@example.net,El Centro,(508) 734-8544 x782,50
5431,Mrs. Braden Boyer,Zackary.Dibbert@example.org,Fort Lennieview,1-708-898-0225 x607,57
5432,Augustus Reynolds,Laurence25@example.org,Elwinboro,(526) 453-1262,50
5433,Mr. Ramon Feil,Retta.Terry12@example.com,Waukegan,(549) 423-4956 x6660,52
5434,Manuel Reichert,Stanford.Bauch@example.net,West Clair,(683) 479-6979 x198,61
5435,Simon Conn,Aubrey_Streich42@example.net,Casperstead,329.931.8885 x4572,52
5436,Linnie Heathcote,Cristian.Reynolds2@example.org,New Lorena,1-705-765-9297 x0362,35
5437,Tomas Frami,Derrick_Tremblay83@example.org,Vonfurt,(314) 760-3788 x846,29
5438,Lemuel Mitchell,Shaina.Ernser14@example.org,Isomstad,246-964-3573 x652,22
5439,Chadrick Boyle,Raegan.Runolfsson16@example.net,New Franklin,760-591-0516 x7136,47
5440,Brandi Harvey MD,Cale.VonRueden53@example.net,East Tyler,731.656.1001 x6314,21
5441,Katie Graham IV,Frederic.Muller46@example.com,Goldnerton,1-929-253-8743,60
5442,Ms. Bessie Bradtke,Thora38@example.org,Des Plaines,1-344-958-4682 x01903,19
5443,Frank Schinner,Crystal.Medhurst@example.org,Fort Elsaborough,536-563-4098 x54135,40
5444,Carole Rogahn,Lionel_Corkery@example.com,Fort Alan,(485) 444-7004,33
5445,Marco Veum,Heath.Powlowski@example.org,Kentoncester,386.797.9126 x884,32
5446,Tabitha Franecki,Sandy.Williamson22@example.com,South Adelia,(991) 641-1455,52
5447,Aleen Kreiger,Annabell.Zemlak60@example.org,Port Inesville,224-244-5048 x1785,30
5448,Marjory Mertz,Chad_Rutherford24@example.net,Christychester,588.637.2874 x207,20
5449,Darrin Kilback,Lillian22@example.org,Newport Beach,(387) 346-9388 x58409,32
5450,Scotty Adams,Stella71@example.com,Helenastad,1-332-445-2946 x378,32
5451,Grady Jones,Mack_Kohler77@example.com,Lake Larrychester,1-533-237-9419,33
5452,Micah Volkman-DuBuque Jr.,Nova.Wisozk@example.com,Tedbury,1-693-890-4963,25
5453,Augustine Crooks,Abdullah_Brown39@example.org,Abdielhaven,244-516-3477,26
5454,Adam Flatley,Annabell27@example.net,Lilianeland,528-305-6390 x64069,27
5455,Kurt Trantow,Dominic_Rempel@example.org,East Kathlyn,340-632-6092 x99556,27
5456,Kellie Kreiger,Hipolito49@example.net,Fremont,1-930-614-5450 x32560,52
5457,Dr. Conner Renner MD,Juliana_Gottlieb18@example.net,Lake Anastacio,(496) 399-5039 x778,35
5458,Russell Connelly,Grady.Ullrich89@example.org,East Angelita,495.939.2050 x315,60
5459,Floyd Lang IV,Antonio.Gleichner74@example.com,Fort Alisa,1-922-748-6475 x92062,61
5460,Rachel Mraz,Woodrow.Block68@example.com,Annestead,1-294-375-3719 x521,26
5461,Ms. Wiley Schmeler,Dexter2@example.com,Kylefort,(874) 241-0658 x09360,23
5462,Eugene Fahey,Herbert_Robel28@example.org,Danielaside,518.789.7264,46
5463,Nicholas Witting,Mackenzie48@example.net,Jaylinborough,239-977-6655 x14576,31
5464,Jayme Kutch III,Lily_Weimann@example.net,Brockton,869-520-9590,23
5465,Peggy Wolff,Mozelle_Flatley-Hodkiewicz99@example.com,Kautzerchester,994.356.8000 x4279,23
5466,Selena Carter III,Sterling15@example.org,Fort Adell,1-480-477-4949 x049,61
5467,Hailey Reilly,Shane.Luettgen72@example.com,Casperhaven,(762) 829-4623,27
5468,Aaliyah Langosh,Mable89@example.net,Wiegandside,1-543-894-3923 x076,34
5469,Susan Lindgren,Jake_Schmidt@example.net,Plantation,(352) 835-1364,38
5470,Ms. Linda Durgan,Ezra84@example.net,Joanhaven,(947) 456-1198 x28516,54
5471,Linda VonRueden,Jairo.Dietrich@example.org,Fort Ernest,1-207-769-0100 x967,65
5472,Neil Keebler,Kenyon.Beahan63@example.net,Fort Dejonfurt,911-588-0463 x3470,26
5473,Kate Abernathy-Mayer,Litzy97@example.org,West Alf,296.308.4069 x41262,35
5474,Tonya Braun,Karianne_Kertzmann56@example.org,Compton,311.420.1163 x648,33
5475,Mrs. Chase Cruickshank DDS,Marilyn.Braun@example.net,Brockton,766.967.4105 x68458,54
5476,Amelia Macejkovic,Alexane.Zieme75@example.org,Carrollton,519-928-0480 x893,55
5477,Mrs. Robyn Glover,Fredrick69@example.com,Hayesport,1-562-905-5029,52
5478,Ila Effertz II,Guy.Leuschke62@example.net,Bertafurt,(992) 742-4532 x19940,60
5479,Sean Adams-Bruen,Catalina.Cartwright@example.net,Kiehnmouth,755.439.7372 x094,55
5480,Corey Lehner DDS,Oswald18@example.org,Hoffman Estates,(815) 978-4630 x9153,32
5481,Erick Donnelly,Paula36@example.com,Mortoncester,941-306-6898 x6902,20
5482,Miss Tiffany Abbott DDS,Angelo.Kuphal@example.org,Lenexa,1-555-811-5312 x518,43
5483,Burnice Dickinson,Kent_Considine4@example.com,Sergiotown,898-207-8773 x28843,62
5484,Laurie Franey,Linda_Rohan@example.net,Frederickshire,649-221-7605,63
5485,Aaron Gleason III,Denis_Murray83@example.org,Sunrise,1-290-282-1875,65
5486,Sydnie Gorczany,Justin_Fritsch@example.org,New Jordynview,(238) 280-6090 x233,59
5487,Rose Sawayn,Odessa78@example.org,Marthatown,667.674.1196,47
5488,Rachael Schultz,Donna59@example.com,East Gingerbury,(413) 395-3257 x730,21
5489,Jasmin Gleason,Ryder_Dicki-Simonis5@example.org,Traceyview,499-282-6769,25
5490,Adam Barton,Oscar_Graham@example.com,Lake Brenda,(501) 253-0712 x5622,24
5491,Ricky Hoeger,Karli_Leffler@example.org,Fullerton,1-620-219-1305 x17691,46
5492,Drake Hammes,Herminio.Bergnaum@example.com,Rosietown,1-459-444-0941,64
5493,Sherman Braun,Emely.Kertzmann@example.net,Wilsoncester,518-608-5931 x1267,29
5494,Dr. Nikolas Abbott,Jaunita_Thompson55@example.net,Paulinebury,1-848-474-6618 x4609,24
5495,Cristina Kutch,Archie.Watsica23@example.com,Cincinnati,577.548.8864,64
5496,Mr. Trevor Hahn,Thomas95@example.org,Wiegandville,1-688-917-9973 x640,19
5497,Demond Beier,Jody73@example.org,Fort Toyview,1-634-406-4508 x963,23
5498,Hyman Batz,Israel.Smith@example.org,Port Eddiestead,215.689.2451,32
5499,Mr. Merle Ortiz,Brian_Mosciski9@example.org,Mrazstad,240-717-4600 x571,46
5500,Charles VonRueden,Natasha_Reichert59@example.com,East Jerald,(918) 486-3957,51
5501,Thad Kling,Reanna85@example.org,Torpbury,221.765.2576 x33904,37
5502,Bruce Graham,Dedrick24@example.org,Fort Salvadorview,1-607-630-8469 x66865,64
5503,Mohammed Walter,Megan48@example.org,Walsh-Conroyfort,(881) 667-0521,36
5504,Regan Hickle,Nichole_Schneider@example.com,Hendersonville,(904) 694-2018 x9911,48
5505,Malcolm Pfannerstill I,Viola_Zboncak@example.com,Tretown,535-738-0061,55
5506,Ms. Leigh Littel,Gretchen11@example.org,Rowanbury,(918) 200-9500 x27749,43
5507,Mr. Jefferey Doyle,Amya49@example.net,Koleberg,631-591-6853 x273,47
5508,Lela Bailey,Patty_Schiller@example.com,New Ernestoland,376-892-4031 x06199,22
5509,Henrietta Hodkiewicz,Eloisa_Abbott@example.net,Chandler,877-490-3955 x6237,26
5510,Larry Olson,Luisa23@example.net,Clovis,551-376-5161 x1865,24
5511,Wilbur Greenholt,Whitney49@example.com,Marcellastad,372.893.3366 x965,47
5512,Nathan Leannon,Fermin_Kris@example.com,New Dannyberg,498-209-6607 x51375,48
5513,Jerad Schoen,Santos.Emmerich@example.com,Maudeborough,1-428-667-8372 x82131,64
5514,Citlalli Fisher,Deondre_Grady7@example.com,Felixland,937-355-5466 x35884,57
5515,Dominick Homenick,Chad0@example.net,Gwendolynton,1-725-806-6393 x840,32
5516,Brent Wilkinson,Hubert20@example.com,Vineland,1-517-951-6157,40
5517,Rosie Baumbach,Sadie_Pfannerstill@example.com,Port Mitchell,1-279-671-3581,32
5518,Leigh Welch-Mraz,Ivan_Krajcik@example.net,Lake Benboro,(644) 659-4859 x388,53
5519,Lucia Welch,Suzanne.Quigley@example.com,Dillanchester,778-474-9248 x520,57
5520,Mrs. Lois Sanford,Rudolph65@example.net,South Jack,1-218-515-6631 x1599,36
5521,Jordy Doyle,Miranda_Paucek41@example.org,Venastead,561-946-0288 x08304,37
5522,Frankie Schiller,Traci_Corkery@example.net,Ellenton,(533) 200-6717 x626,59
5523,Danny Pacocha,Al.Ondricka15@example.net,Hilllfield,(517) 798-4842,55
5524,Theo Leffler,Gianni31@example.org,North Miami Beach,692.449.2157 x46246,47
5525,Laura Stroman,Christine_Heathcote-Bartoletti39@example.com,North Tomport,233-737-0669 x2627,64
5526,Phillip Funk,Sheri.Will@example.com,Fort Ashtyncester,518.597.7246 x0518,54
5527,Eleanora Boehm,Wanda.Schuppe77@example.net,Evansville,422-625-9658 x304,26
5528,Jettie Kihn,Rhonda_Murazik@example.net,Travischester,347-845-4154 x102,45
5529,Kade Bode,Sydney.Schmeler@example.com,Treyshire,382.395.3532 x373,34
5530,Nora Rau III,Stephany76@example.com,Hoffman Estates,1-470-610-9269 x231,26
5531,Ms. Cornell Hills,Ara.Hahn@example.org,Weissnatton,765-420-3615,51
5532,Chanelle Stark,Tyrell27@example.net,West Pete,1-624-923-0657 x839,34
5533,Bridget Leuschke,Louie_Boyle29@example.org,Fadelton,600.672.9387 x7473,50
5534,Halie Volkman,Rodolfo.Corkery70@example.com,Fort Mildred,261.411.1536 x5817,42
5535,Dr. Andreane Ullrich PhD,Karla45@example.net,Shelleymouth,1-354-609-3785 x8161,32
5536,Mildred Roob,Bruce50@example.com,Racine,(686) 526-1091 x0280,30
5537,Mr. Roland Braun,Mason79@example.org,O'Keefetown,1-423-817-8105,65
5538,Madalyn Howe,Ezekiel.Kohler32@example.org,West Ceciliaboro,1-233-507-5348,58
5539,Miss Rhiannon Casper,Dorothy67@example.org,Peterburgh,301.374.7259 x973,62
5540,Kassandra Rosenbaum,Meta33@example.net,West Covina,1-822-332-8096 x358,55
5541,Mustafa Feeney,Brigitte_Kessler@example.org,Fort Catharine,882.712.4910 x7417,44
5542,Miss Reyna Murphy,Adriana_Lindgren@example.org,East Javier,1-941-659-0302 x898,48
5543,Patience Mayer,Marlene.Nicolas@example.com,Lake Sabina,499.799.7645 x4708,35
5544,Oscar Abernathy,Ewald.Sipes@example.net,Ankeny,530.314.2713 x9159,37
5545,Mr. Kenny Wolff V,Margret.Kub81@example.net,Elzaville,716.702.1964 x226,35
5546,Ben Torphy,Andres27@example.org,Audreanneside,1-868-336-8243 x402,61
5547,Gwen Weissnat MD,Nicole.Cormier26@example.org,Dareland,614.640.1409 x9149,65
5548,Dr. Ali Gerlach,Lorene51@example.org,Hermanfield,(796) 397-9559 x455,51
5549,Diana McGlynn,Jeannie59@example.org,Fort Collins,1-712-892-2185 x87429,55
5550,Gregg Rath,Gerald.Nicolas2@example.org,Bruenhaven,459-636-5052 x6187,63
5551,Lucille Toy,Ethel.Fahey@example.net,Gladycemouth,(796) 992-2392 x186,32
5552,Lesly Dickens,Noemi.Veum@example.com,Strackechester,(560) 847-9725 x8528,35
5553,Naomi Schneider,Mildred4@example.org,North Reneeberg,1-479-473-8336,39
5554,Simon Hintz-Hudson III,Joel92@example.org,New Christystead,451-324-8856 x3142,30
5555,Geovanny Jones DDS,Ann_Welch@example.org,Evaburgh,1-858-208-8959,50
5556,Robyn Langworth,Rebekah42@example.com,Kris-Gulgowskiborough,350-322-8813 x36674,65
5557,Marc Wilderman,Christy14@example.org,East Stuartchester,(862) 340-7302,34
5558,Uriah Schaden,Sally.Hudson@example.net,Arthurworth,340-759-1015 x4458,41
5559,Marlene Stroman,Katelynn6@example.com,Burlington,1-331-967-0546 x492,34
5560,Larry Gleichner,Duane_Lang58@example.net,Flatleyboro,1-966-619-0122 x30170,35
5561,Emmett Koss,Eliezer.Walker74@example.org,Albuquerque,(246) 302-4165 x710,24
5562,Brent Koss,Daren44@example.com,Coon Rapids,1-532-694-1984 x4883,42
5563,Jodi Runolfsdottir,Alexzander45@example.net,Port Wesleystead,(843) 479-9385 x360,27
5564,Maryann Ankunding,Francisco.Wolf7@example.com,Naomitown,738.597.5391 x17255,20
5565,Felicita Schroeder,Ewald.Padberg@example.org,Lake Everett,607-351-6649 x9247,50
5566,Danielle Gerhold,Jermaine66@example.org,New Fabian,232-271-1674 x9325,63
5567,Tony Frami,Kelley86@example.net,North Maggie,907-790-2840,35
5568,Nancy Hirthe,Anibal_Block@example.org,New Joannahaven,633.813.9278 x39001,37
5569,Alma Kassulke I,Cory.Ziemann@example.net,Armstrongbury,1-343-996-5354 x208,22
5570,Dr. Terrance Bechtelar,Florence.Dare@example.org,Caguas,1-414-687-2675,48
5571,Maurine Ratke,Ali_Lueilwitz@example.net,Eliasborough,800-675-7103 x09096,64
5572,Jon Carter,Stacy47@example.org,West Forresthaven,1-299-465-6153 x8344,25
5573,Lori Cronin,Jesse_Ullrich@example.org,Harveyberg,(820) 825-0591 x5851,28
5574,Santos Muller,Angelita_Dietrich10@example.com,Auerview,326.887.1349 x565,35
5575,Eloy Dach III,Marcus.Fay@example.com,Middletown,816-510-7424 x58230,58
5576,Mandy Mohr,Lula73@example.com,Kossburgh,1-721-971-3111,46
5577,Johnny Pagac,Imogene98@example.com,Terre Haute,(724) 829-0230,65
5578,Steve Shields,Fidel75@example.org,Port Alfredview,935-610-1436,63
5579,Niko Lynch,Kayla74@example.com,Cormierberg,1-615-670-6424 x14825,28
5580,Valentine Gutmann,Juliet.Wiegand18@example.org,New Ramiro,1-237-500-4224 x42025,27
5581,Alanna Watsica,Lee_Schultz@example.com,Port Juan,675.847.0065 x55163,44
5582,Ivan Wolf,Isadore.Johnston63@example.org,North Santiago,(229) 963-5031 x14561,29
5583,Terri Reynolds,Glenda20@example.com,Brooklyn Park,(393) 211-9806 x167,22
5584,Agnes Rolfson,Randal.Fahey@example.org,Izabellaport,1-291-302-0524,23
5585,Karen Miller,Evelyn.Stiedemann@example.org,Reichertfield,271.441.5073 x83016,45
5586,Talia Pacocha,Rachael_Armstrong23@example.org,Kleinmouth,1-220-618-3293,35
5587,Moshe Gleason,Evelyn_Kemmer8@example.org,South Lenora,(778) 405-9723 x6024,58
5588,Dora Fahey,Reese_Hilpert@example.com,Garnettville,(347) 340-1104 x71908,51
5589,Cassandre Durgan,Garth47@example.net,Lake Seth,598-408-4154 x356,42
5590,Veronica Barrows,Alyssa91@example.org,Scranton,(905) 709-4238 x27714,45
5591,Verna Sanford,Clotilde.Treutel66@example.org,Lake Dennisfurt,1-565-249-6096 x3871,23
5592,Hilbert Moen,Don_Maggio@example.com,Magnushaven,1-375-884-1839,40
5593,Tracey Wisoky,Sara5@example.net,South Delbert,(834) 439-1718 x40593,48
5594,Barbara Kessler IV,Agustin_Murray80@example.org,Raetown,(971) 617-5632 x729,18
5595,Duane Boyle,Elwyn50@example.com,North Bernard,927.391.2791,46
5596,Arlo Nader Jr.,Angie.Kassulke@example.org,Jacobibury,315-723-6810 x3393,34
5597,Rhianna Beahan,Wilson.Shanahan@example.net,Spencerberg,(925) 209-5528,20
5598,Dennis Sauer,Renee_Altenwerth@example.org,Taylor,994.393.1058 x46515,19
5599,Jeanne Haley,Katharina.Purdy@example.com,Winston-Salem,609-427-9443 x5153,33
5600,Myrtis Wilkinson,Violet_Ledner@example.org,Heaneystad,(502) 351-8883 x24152,60
5601,Margarette Upton,Aracely30@example.com,Gustavoview,651.289.0181,61
5602,Ms. Patty Kshlerin,Darren5@example.org,East Laura,526-227-5310 x60403,51
5603,Ernestine Hirthe,Annabel.Feil@example.org,South Bobby,295.958.5840 x648,39
5604,Johnpaul Feest,Karli19@example.org,Lake Nelson,1-451-602-7638 x20918,55
5605,Jarrett Hettinger,Velma_Boyle@example.org,Gaylehaven,357-423-5696 x68775,18
5606,Rasheed Rogahn,Eileen_Marks-Baumbach@example.org,Christiehaven,(775) 748-9006,44
5607,Mamie Pfannerstill,Elaine_Hayes16@example.org,New Kristy,(785) 983-7062 x222,43
5608,Trent Prosacco,Ruby_Mann74@example.com,New Leannamouth,(474) 480-9078 x6925,21
5609,Freddie Weber,Marcos21@example.com,Brandonburgh,(963) 867-5555 x2246,27
5610,Terri Gleason,Marjorie.Hermann11@example.net,New Tom,1-287-728-6749,40
5611,William Oberbrunner,Marcelle_Bins@example.com,Port Jimmiechester,369.516.5932,46
5612,Mr. Danny Bogisich,Reanna.Terry40@example.net,Nyahside,(261) 317-0124 x598,59
5613,Lori Shields,Gustavo59@example.com,Amarimouth,617.324.6388,54
5614,Holly Swaniawski,Dwayne11@example.net,New Garret,1-630-325-9261 x653,62
5615,Leora Price,Kristi61@example.org,North Filibertoport,(663) 784-4268 x3743,63
5616,Mr. Marvin Jacobs,Marjorie_Kiehn@example.com,Lacey,508-872-3155,36
5617,Mrs. Robyn Kunze,Helen32@example.com,South Madelynn,1-880-347-9548 x168,26
5618,Neal Adams,Cathryn45@example.com,North Colleen,717.863.2826,63
5619,Alma Schneider DVM,Casimer32@example.org,Wuckertland,600-829-7235 x319,62
5620,Toby Cummings,Aurore_Howe@example.net,Nadiaview,529-854-2608,22
5621,Florence Renner,Jerry3@example.net,Haleytown,639-247-9015,20
5622,Sophie Herman,Leon13@example.org,Juliohaven,767.349.2416 x609,38
5623,Aubrey Hickle Jr.,Evert40@example.net,Rockwall,(854) 919-7581,38
5624,Jake Hermiston III,Jon_Kessler11@example.com,Fort Kraigbury,1-334-242-4315 x7356,42
5625,Kristin Halvorson,Alfred.Batz19@example.net,Westfield,766-649-6637 x490,64
5626,Annie Fritsch,Darin.Grady@example.org,South Josefa,(823) 357-2374 x93676,30
5627,Rodney Pfannerstill,Lyle_Volkman@example.net,Lake Lia,1-235-483-1457,50
5628,Mr. Santa Heidenreich,Alfredo51@example.org,East Ivahland,1-953-310-2276 x106,59
5629,Monica Larson,Israel_Welch@example.net,West Darla,258.924.2377,39
5630,Elise Hyatt,Oral15@example.org,New Johnson,216-286-9400 x869,59
5631,Kristoffer Lueilwitz,Rogelio.Stokes6@example.org,West Dawn,512.834.6452 x44722,27
5632,Irene Zieme,Anthony93@example.net,East Emersonfurt,(638) 717-0399 x47727,24
5633,Alvena Bogisich,Chester76@example.org,Port Rachael,228.544.4849 x43499,26
5634,Destinee Sporer DVM,Godfrey.Treutel28@example.org,North Neal,(328) 431-9063,44
5635,Cheryl Marks,Jamar.Crooks7@example.net,East Norberto,(507) 257-3082,18
5636,Martha Wolf,Rachel.McCullough64@example.org,Walnut Creek,1-305-255-2906 x090,31
5637,Shane Bailey,Oscar.Stracke28@example.net,West Cedric,422.511.4192 x44646,62
5638,Grant Walter III,Michele11@example.net,Dustinfort,573.670.0881,21
5639,Mr. Chad Homenick,Marion55@example.org,League City,263.485.9349,43
5640,Mark Brown,Palma_Fahey51@example.com,New Gilda,745.427.7923 x99810,32
5641,Dallas Walker,Daryl48@example.org,Ritchieburgh,320-858-1267 x80848,42
5642,Guy Bogisich,Jonathon.Murphy93@example.com,Gulgowskimouth,695-665-7446,59
5643,Dr. Melissa Sanford,Dayton.Spinka66@example.com,Birdieville,(493) 499-9604 x733,65
5644,Debbie Boehm,Alfonso25@example.com,Fort Terrell,296.553.3385,28
5645,Ross Streich,Ahmad.Kassulke@example.org,Port Todd,716.799.9197 x536,54
5646,Vincenzo Gerhold-Wolf,James97@example.com,Melanieworth,653.307.2776 x459,36
5647,Faith Rowe,Dexter.OHara77@example.com,Fort Elijahbury,524.905.1161 x536,35
5648,Miss Kay Reynolds II,Edmond3@example.org,Port Lindseyboro,1-653-874-6442 x78560,25
5649,Leon Moen,Carlos_Schmidt55@example.net,Compton,1-229-869-0445 x9206,25
5650,Mr. Ismael Bruen,Vincent.Mayer@example.org,Bernierworth,1-764-435-7642 x4475,54
5651,Luther Schaden,Meghan_Jakubowski@example.net,Welchfurt,(950) 855-7205,29
5652,Raleigh Adams,Forrest_Mueller44@example.com,East Earl,(292) 610-5716 x14930,49
5653,Bonnie Ankunding,Carley.Monahan@example.org,Tressiestead,(862) 442-5932 x2816,48
5654,Lilian Effertz,Chadd_Vandervort@example.net,Hudsonland,(856) 701-6880 x022,32
5655,Ms. Octavia Hauck,Naomie54@example.org,O'Connerborough,(294) 854-3737 x5954,55
5656,Uriah Lueilwitz,Rachelle97@example.net,North Candidaville,(472) 626-6869 x28844,64
5657,Ari Raynor,Theodore_Daniel55@example.org,Kihnberg,1-871-528-7276 x8062,20
5658,Kathy Dooley,Jesus_Stokes@example.org,Schambergerside,595.201.2075,61
5659,Luis Walsh,Korey47@example.net,West Lynda,538.555.7151 x2671,36
5660,Ramon Rempel,Cary_Williamson@example.com,Port Geraldtown,654-802-2576,55
5661,Joany Wilkinson,Norbert_Lakin96@example.net,South Jimmie,566.680.1589 x1539,29
5662,Antonia Olson Sr.,Bryant66@example.net,Fishermouth,233-697-1920 x637,27
5663,Harriet Smitham,Darrel_Hahn@example.net,Johnport,(885) 255-5556 x38999,31
5664,Norma Dare,Christy1@example.net,Brookhaven,982-616-4634 x64627,47
5665,Anne Mills MD,Gerhard47@example.org,Joanneland,1-360-964-8928 x446,60
5666,Mr. Royal Zieme,Arno.Turner@example.com,Lake Sherry,506.953.0346 x4039,36
5667,Mrs. Raphael Lind,Berniece.Effertz@example.org,Dawsonville,245.448.7501,35
5668,Johnathan Donnelly,Hermann_Tillman41@example.org,North Madelyn,1-949-714-2078 x995,62
5669,Mrs. Sandra Abernathy,Adrain_Altenwerth76@example.net,Fort Tyreek,572-442-8400,29
5670,Lindsey Satterfield,Cary6@example.net,Howellfurt,360-392-0950 x124,58
5671,Furman Mills-Prohaska Sr.,Angelina45@example.net,Terre Haute,650-261-1125 x15128,56
5672,Tyler Mayert,Sadye26@example.com,Thousand Oaks,(460) 684-6703 x947,32
5673,Isaac Morissette,Alexane.Zboncak79@example.com,Langoshport,(346) 479-7052 x14035,24
5674,Ramon Bogan,Al57@example.net,Palm Desert,(895) 626-0525 x64894,56
5675,Kathryne Hackett,Lula.Morar3@example.org,Domenicside,612-985-6387,23
5676,Ms. Benedict Pollich,Mark.Klocko@example.com,East Hartford,455.357.2502 x116,20
5677,Aurelia Wisozk,Bryant_Towne@example.net,North Majorside,(801) 748-4795 x0274,21
5678,Elwyn Durgan Jr.,Marlon54@example.com,Hartmann-McKenzieberg,213.738.7810 x372,46
5679,Shari Leannon DDS,Tricia.Grant@example.com,South Tevin,278.923.0760 x1970,38
5680,Karl Mann V,Alfreda40@example.net,Livonia,(650) 306-3858 x51897,55
5681,Glen Sawayn DVM,Edwardo_Botsford23@example.org,North Carole,957-993-9737,61
5682,Lena Klocko-Torphy,Randy69@example.com,Herzogside,986-593-6001 x8264,54
5683,Rose Durgan,Helen66@example.net,Burbank,536.722.4244 x21019,64
5684,Troy Marquardt Jr.,Lucille88@example.com,Jaydefield,836.825.1308 x714,35
5685,Rosemary Kuvalis,Sergio_Schultz85@example.com,New Alexander,(888) 896-7243 x1829,36
5686,Rodrigo Stoltenberg,Zechariah_Krajcik@example.com,East Deeland,(838) 424-9583 x40151,35
5687,Lester Prohaska,Zoila.Medhurst59@example.org,South Vanfurt,575.916.7477 x52792,22
5688,Chelsea Hyatt,Tasha.Tromp68@example.com,Sporerfield,442-925-4430,29
5689,Breana Hauck,Bernita_Reinger@example.com,Sheilatown,(947) 892-6504,32
5690,Edison McKenzie,Myrl_Howe@example.net,Louisville/Jefferson County,(238) 690-1255 x14993,59
5691,Malvina Considine,Rosalinda_Wunsch@example.net,Port Vada,732.505.5125 x2203,60
5692,Ervin Kreiger DDS,Paul4@example.com,North Mattie,516-296-3163 x36072,56
5693,Henry Schuppe,Alyssa.Runte89@example.com,Olathe,1-350-998-9084 x865,34
5694,Natalie Homenick,Nettie9@example.net,Parker,(632) 553-9641,27
5695,Levi Sanford,Cody.Schamberger41@example.com,Daphneytown,1-731-915-4721 x840,53
5696,Javier Stiedemann,Durward.Johnson7@example.org,South Jenny,(702) 795-3768 x7786,57
5697,Bonnie Spinka,Betsy.Corkery18@example.net,Franey-Borerside,432.415.1393,32
5698,Genoveva Stroman,Joelle.Mann@example.net,Sanfordberg,881.765.4181 x64116,61
5699,Nestor Grady,Rosalinda37@example.net,Escondido,876.881.3252,39
5700,Cristina Okuneva,Axel.Swaniawski@example.net,DeSoto,(962) 469-9306 x41720,20
5701,Barry Crooks,Rick26@example.com,Lake Maxine,1-889-243-0894 x449,63
5702,Myra Marvin IV,Samanta29@example.org,Shanahanborough,612-306-2837,44
5703,Darrel Mayer I,Carmela58@example.net,Lake Deshaun,1-390-401-6875 x3767,50
5704,Brionna Howe,Makenna78@example.net,Sonnyland,(225) 488-9172 x945,38
5705,Traci Kuhn,Nina.Carter@example.org,Fort Krisview,805-412-0928 x53492,56
5706,Stan Morar,Trinity_Lubowitz@example.com,Wardfield,(886) 628-0248,40
5707,Ian Hilll,Loretta.Bauch@example.com,Lubowitzville,1-321-221-7655 x89700,56
5708,Clint Funk,Darron.Kshlerin67@example.com,South Tomville,(307) 363-8145 x828,25
5709,Sandrine O'Connell,Julius_Muller6@example.com,New Andrefield,(597) 463-4684,46
5710,Eleanor Littel,Allan90@example.org,Johnsfort,706-672-4637 x3923,65
5711,Tim Sporer V,Kenya52@example.com,Irwintown,(618) 358-6919 x014,57
5712,Enrique Herman,Faustino.Upton@example.com,Allisonburgh,236-547-9184 x08891,55
5713,Mr. Rickie Yost,Marianne_Hansen@example.org,Kerlukemouth,1-450-517-1983 x4648,27
5714,Molly Torp,Derrick45@example.org,Fort Lanaview,(476) 956-4655 x94418,55
5715,Cathy Lueilwitz,Freddie25@example.org,Ralphton,359-265-4483 x84110,48
5716,Joshuah Schaefer,Hazel87@example.net,Raeganstead,521.390.3873 x67364,43
5717,Edna Wolf,Royal_Hilpert69@example.net,East Cedric,994.901.8075 x130,53
5718,Elva Hackett,Jaleel67@example.net,Thielworth,(763) 914-1524,26
5719,Mrs. Kavon Cartwright,Erick27@example.org,Murrieta,1-881-376-9155 x554,48
5720,Dion Hoppe,Kendra_Bode@example.com,Coreyberg,789.312.8619,63
5721,Frank Rice,Werner_Osinski19@example.com,Samsonbury,1-218-281-1323 x3813,46
5722,Adrian Murphy MD,Phyllis.Bradtke9@example.net,Casa Grande,593-394-0957 x6238,37
5723,Arielle Nicolas,Nathan.Dibbert83@example.net,Riceberg,(704) 946-3629 x243,44
5724,Marcella Wiegand,Merle.Schimmel@example.net,Rohanland,900-523-9689 x193,26
5725,Ethel Fahey,Erick.Hackett@example.net,Grimescester,830.375.9776 x9471,32
5726,Margaret Glover III,Meredith_Mayert@example.com,Elk Grove,1-711-534-0919 x2593,58
5727,Raul Denesik-Rau,Aniya.Williamson2@example.com,Lakinfurt,(723) 381-9002,23
5728,Rita Boyer,Phillip_Rogahn86@example.org,Independence,226-946-9935 x14094,21
5729,Ahmad Rolfson IV,Jonathan.Huel52@example.org,Millsworth,1-699-569-8704 x6062,45
5730,Bridie Heller Jr.,Brock.Schmidt88@example.com,West Nathaniel,1-599-352-0215 x630,25
5731,Paige Hudson,Jedediah.Pfannerstill@example.com,Tampa,923.235.5210 x72770,28
5732,Nelson Gerlach,Marvin76@example.net,Lake Sarahland,(639) 555-3711 x0576,40
5733,Gregory Larkin,Roderick_Heathcote40@example.com,Bonita Springs,481.698.5520,44
5734,Destany Klein I,Berta29@example.com,Lilaberg,(827) 959-4805,39
5735,Dale Gerhold,Ada17@example.org,Brooklynton,(360) 902-9586 x46780,35
5736,Alejandro Muller,Noemie_Shanahan@example.com,Fort Hank,1-330-295-7070 x1857,35
5737,Bill Bosco Sr.,Harvey.Hintz-Block95@example.org,Erdmanchester,560-422-1168 x601,37
5738,Ms. Easton Hettinger V,Nadine_Harris@example.com,Prohaskaburgh,(318) 411-8041,18
5739,Arnoldo Orn,Trey.Torp-West28@example.net,Fort Archibald,418-396-2961 x33119,37
5740,Karson Swift,Jacquelyn49@example.com,Grahamville,(673) 620-5426 x827,38
5741,Nancy Morar,Henrietta.Lehner58@example.net,Kissimmee,1-653-967-7930 x139,19
5742,Deondre Osinski,Ian30@example.net,Waco,983-540-4104 x50368,30
5743,Carroll Bailey,Sadie81@example.org,New Laurie,(618) 979-4787 x303,20
5744,Diane MacGyver,Jamel84@example.org,New Loren,(515) 725-1942 x5396,62
5745,Christie Pfeffer DVM,Stacy.Wisozk@example.org,Lake Johanna,791-499-5891 x33805,24
5746,Melanie Abbott,Hobart.Kertzmann31@example.net,Gastonia,1-362-634-2844 x654,65
5747,Carroll Rippin,Jeannie_Heidenreich@example.net,Lake Theresa,(660) 642-7591,39
5748,Mr. Douglas Gutmann,Ignacio23@example.com,Port Julietville,1-691-904-6657 x031,51
5749,Brendan Flatley-Mayert,Abbie_Bechtelar@example.com,Meaganland,(731) 307-5080 x392,21
5750,Mae Leffler,Bianka6@example.net,Las Vegas,1-609-744-8736 x5540,27
5751,Abbigail Mayer-Smitham,Michale.Welch@example.com,Swiftfurt,(525) 576-4599 x673,39
5752,Christelle Leuschke,Daphne_Schuster9@example.org,Zemlakchester,(667) 697-1440,19
5753,Mr. Armani Renner,Kendra_Hyatt21@example.org,Faybury,422.210.3616 x03715,57
5754,Mr. Verla Blick,Dan46@example.org,Jaskolskifield,373.315.6912 x7997,55
5755,Ettie Morar,Percival.Treutel@example.com,Bertfort,415-747-1273 x38110,61
5756,Earl Raynor,Xzavier.Schuster97@example.org,East Kristaboro,736.714.1213 x33734,31
5757,Caden Harvey,Orville.Hauck26@example.com,East Mylesfield,557-506-9463,38
5758,Kenya Satterfield,Elton.Franecki@example.com,Marielamouth,1-992-440-7727 x68258,21
5759,Doyle Kunze,Ignacio_Huel@example.com,East Monserrateburgh,1-694-488-6431 x0562,64
5760,Dianna Jaskolski,Felipe.Gibson@example.com,Krisside,850.374.4455,34
5761,Darion Daugherty-Lemke,Zetta.Carter@example.org,East Daltonborough,725.613.9526 x279,26
5762,Robert Schroeder,Carter.Pfannerstill@example.com,Joannatown,1-540-945-5647 x200,31
5763,Mary Nitzsche,Art_Stroman-Lubowitz@example.com,West Duanefurt,(827) 550-9886 x784,34
5764,Laverna Bins Jr.,Katrina_Durgan@example.com,South Charles,(795) 940-8497 x483,27
5765,Jessy Macejkovic,Nyasia46@example.org,Alameda,1-256-687-8132 x293,46
5766,Jorge Gusikowski,Freeda73@example.org,Lake Leannaboro,(332) 797-8461,61
5767,Vernice Zboncak,Oliver.Will69@example.org,Dorisfield,(634) 627-9964,48
5768,Lydia Koch,Murl.Erdman@example.net,Zettaburgh,1-967-612-3190 x64750,20
5769,Ronald Krajcik,Curtis.Gerhold@example.com,Deckowhaven,827.596.5816 x899,55
5770,Dr. Leann Satterfield Jr.,Sherry28@example.net,Lillacester,493.972.6894 x01657,56
5771,Rudolph Bosco MD,Vinnie79@example.net,Fort Markfurt,(924) 480-8386,53
5772,Geovany Ondricka,Koby74@example.net,Bossier City,562.945.7508 x6526,65
5773,Arnold Cronin,Lindsey.Schulist@example.org,Kariton,491.771.5456 x066,49
5774,Leroy Farrell V,Angie.Bartell-Bartoletti@example.com,Lynwood,(228) 800-1480 x852,19
5775,Chad Schuppe,Waylon.Pfannerstill60@example.com,Harbertown,(337) 714-6905 x942,30
5776,Mrs. Kendra Schroeder Sr.,Bessie.Heaney12@example.org,North Davidcester,757.979.1974 x392,33
5777,Matilde Rodriguez,Schuyler.Ritchie93@example.net,Port Alvinburgh,707.274.5020 x37005,22
5778,Haleigh McClure,Delta.Mueller@example.org,Arlington,1-632-386-8111,40
5779,Dr. Julia Fahey-Huels,Tamara.Baumbach@example.net,South Carolanne,580.971.2938 x002,41
5780,Desiree Crooks,Mariah_Kuvalis52@example.org,Margaretechester,409-642-8724 x81334,27
5781,Mae Upton-O'Reilly,Koby_Towne@example.org,West Roxanne,1-636-597-7227 x012,62
5782,Valentin Rowe,Roland_Erdman@example.net,Heidenreichfield,949.297.2373 x36167,20
5783,Howard Quitzon,Melanie89@example.net,Gibsonborough,648.969.0040,32
5784,Ottis Schamberger,Shirley_Howe55@example.com,Fort Don,614-464-2397 x59816,34
5785,Chasity Cummerata V,Jenny.Kunze@example.com,Severn,(933) 984-6146,43
5786,Sherri Hayes-Wyman Jr.,Reba_Cartwright36@example.com,Springdale,265.344.4003 x73027,35
5787,Edmund McDermott,David68@example.org,Port Peggy,1-757-521-7178 x6761,57
5788,Mr. Jaylon Flatley V,Joe.OHara-Beier91@example.net,Casa Grande,527-787-3283,32
5789,Leda O'Reilly,Llewellyn96@example.net,Hassiecester,(486) 203-3324 x6657,62
5790,Vera Bayer V,Carissa_Rohan@example.net,Annaside,886.770.9927 x617,19
5791,Marge Hartmann,Jennyfer_Wuckert39@example.net,New Nettiefort,543-677-7894,20
5792,Erik Kilback,Taya87@example.org,Luciashire,(312) 755-1440 x036,34
5793,Brock Hauck,Gerardo.Adams92@example.org,Greenwood,255.284.4444 x5451,56
5794,Kari Kozey,Tabitha.Reichert@example.com,Fort Gabrielcester,1-568-566-3408 x7423,23
5795,Bertha Grimes,Bernice40@example.com,West Theodorabury,408.819.4524 x142,20
5796,Augustus Kunde,Corene74@example.com,Pittsburgh,1-651-500-8941 x70637,27
5797,Della Swift-Nolan,Norman.Crooks-Howell@example.net,East Sammie,511.391.2174,21
5798,Jo Reilly,Grace_Wolf75@example.com,Strackehaven,(549) 259-0253 x0419,46
5799,Nicklaus Luettgen,Gregory_Langosh38@example.net,Consueloton,928.988.7831 x871,43
5800,Adonis Flatley V,Caitlyn78@example.net,Tuckahoe,702-733-6315,43
5801,Ora King,Yolanda.Feil49@example.net,Roxanechester,(905) 504-2907 x531,60
5802,Dr. Ronald Reichert,Aubrey68@example.net,New Robb,1-437-552-4488 x10907,60
5803,Curtis Konopelski-Jacobson,Rosa62@example.com,Clearwater,624.906.0533 x749,43
5804,Jim Bradtke,Winston.DAmore56@example.org,Julieville,(385) 882-5179,36
5805,Ramon Lynch,Marlene.Hartmann90@example.net,Victoria,760-216-0360 x256,27
5806,Elmer Hessel,Frederique_Hessel@example.net,New Peggiehaven,619.743.0751 x86484,61
5807,Donald Weber,Lamar.Ratke@example.com,Lake Ryleighboro,1-953-544-4559 x963,39
5808,Lauriane Tremblay,Michelle40@example.com,Trantow-Kshlerinville,1-986-782-5035,31
5809,Godfrey Hahn,Markus.Torp33@example.net,New Schuylerborough,1-667-757-0874 x7751,39
5810,Quinn Labadie,Henrietta_Gislason15@example.com,Upland,1-637-227-4892 x7199,40
5811,Shana Kunde I,Eleanora_Gerlach@example.net,Carter-Mayerthaven,930.970.1423 x615,28
5812,Kristin Baumbach,Janie_Toy@example.org,West Emery,(314) 592-2668 x6869,22
5813,Angelo Jacobi,Rufus.Zboncak@example.com,Port Earlene,1-700-716-9540 x57037,22
5814,Conrad Parker,Rita.Hoppe37@example.org,Port Mariam,882-389-5448 x58515,50
5815,Nancy Gleichner,Lindsay_Vandervort@example.org,Smithamstead,1-503-680-8191,57
5816,Dr. Cornell Brown,Kristopher_Sawayn@example.com,Ednabury,383-833-3358 x611,26
5817,Stefanie Gulgowski,Wilma52@example.net,Lake Loren,(982) 848-8372,44
5818,Dexter Legros,Olin.Shanahan@example.com,Port Pennyside,1-491-424-3144 x320,48
5819,Rhett Orn,Rusty56@example.net,Wesley Chapel,(748) 996-7644 x1700,64
5820,Theresa Bayer,Steve.Gutmann57@example.com,West Bradyton,1-676-928-9636 x722,22
5821,Heaven Pfannerstill PhD,Kristy64@example.net,Port Clovis,441-724-5437,51
5822,Adalberto Larkin,Jasmine_Carter-Grimes@example.com,New Tyler,(528) 450-0235 x963,22
5823,Jaclyn Effertz,Brett_Weissnat70@example.com,Royal Oak,1-875-336-6720 x1477,24
5824,Joey Johns-Langosh,Idella15@example.com,Mrazview,(381) 707-0398 x0658,35
5825,Larissa Lebsack,Emma.Sanford30@example.net,Clearwater,899.933.3727 x93111,42
5826,Aimee Bernhard,Manuel.Pfeffer5@example.org,Pharr,413-260-9367 x032,40
5827,Claire Satterfield,Thomas.Jenkins@example.org,East Lauriefield,346-744-4396 x41113,39
5828,Fidel Nikolaus,Cecilia_Huel@example.com,East Burnice,223.721.7199 x0536,36
5829,Elliott Herman Sr.,Jamar.Ankunding@example.org,Keelingborough,971.713.3839 x10710,59
5830,Kira Gleason,Antonetta16@example.net,Athens-Clarke County,(816) 940-6713,61
5831,Vella Russel,Eldora_Cartwright@example.com,Purdymouth,1-431-487-6500,52
5832,Ms. Faye Morissette,Dameon_Senger10@example.net,Lake Monaberg,358-721-5357 x651,29
5833,Mr. Stuart Schuster Jr.,Merle_Keebler68@example.org,West Jimmy,(569) 517-0487,26
5834,Mr. Harry Bergstrom,Larue_Mraz@example.org,Port Bertamouth,441-731-6539 x6096,48
5835,Delfina Howell,Prudence_Sporer@example.com,Walkerville,346.782.2167 x4484,63
5836,Franklin Kassulke-Klocko,George83@example.net,New Rochelle,1-230-630-7655 x6935,21
5837,Joanny Bernhard,Alphonso92@example.org,Lake Maverick,603-855-8087 x28012,52
5838,Isaac Upton,Vickie91@example.com,Silver Spring,1-599-988-7496 x356,31
5839,Jared Kuhic,Wallace.Collier@example.org,Fort Wayne,1-274-589-1138 x2032,31
5840,Mr. Neal McCullough,Ray.Kunde@example.com,South Whittier,770.566.9369 x30439,49
5841,Elissa Marvin-Doyle,Misty47@example.com,Ankeny,711-282-9152 x15356,25
5842,Benny Schiller,Dayton_Waters27@example.com,West Sergio,521-608-7718 x94127,50
5843,Mrs. Donna Keeling-Williamson,Eino58@example.org,Kolbybury,451.580.4342 x7546,49
5844,Shaina Pouros III,Rowena_Stamm@example.org,West Walter,1-534-982-3239 x5074,55
5845,Terrell Maggio,Anne_Pouros@example.org,Laverneside,1-753-885-4200,29
5846,Abagail Schiller,Tiffany63@example.org,East Jeremy,1-499-345-2416 x1582,46
5847,Herbert Balistreri,Jarrell_Kiehn@example.net,Port Alberto,(894) 563-6584 x6656,57
5848,Hyman Brekke,Carmen.Volkman56@example.com,Mountain View,690.273.4564,36
5849,Edwina Prohaska,Zane_Weimann@example.org,Phoenix,611.731.9356,45
5850,Nicole Jast,Joey25@example.org,Moore-Kutchstead,(484) 810-1585,49
5851,Miss Giovanna Block,Carrie.Gleason@example.org,Nashua,1-791-834-7268,33
5852,Kirstin Brown-Homenick,Erica28@example.org,Rochester,347.925.3728,40
5853,Dustin Rodriguez,Vivian_Thompson@example.org,Lake Eusebiohaven,209-212-2716,27
5854,Tamara Kihn,Carla_Windler54@example.com,North Lawson,328-922-1534 x700,37
5855,Benjamin Jakubowski,Junior.Metz81@example.net,North Marlenfurt,249-621-4339,42
5856,Omar Robel Sr.,Stacey53@example.net,North Precious,1-551-233-9385,29
5857,Kenny Schoen-Mraz,Roxanne.Gottlieb@example.com,Jackelinebury,620.930.7712,49
5858,Colton Monahan,Lewis_Ziemann@example.net,Abernathyport,(868) 333-8910 x44736,23
5859,Wilbert Monahan,Santiago90@example.com,West Kaitlyn,1-909-560-1025 x2485,34
5860,Saul Carter,Julio.Cole@example.com,Franeckiport,1-516-544-3335 x738,45
5861,Camylle Swaniawski I,Morris93@example.net,Lake Deefield,1-783-465-9142 x33782,28
5862,Natalie Hayes,Carla42@example.net,South Sheridan,775-955-8107,29
5863,Elias Nikolaus,Arnold55@example.com,Castle Rock,352.409.2673 x593,61
5864,Carissa Cummings,Karen_Koelpin83@example.net,South Chanel,(523) 414-4992 x52407,19
5865,Janie Bartell,Lyric88@example.net,South Danielfield,669-298-2204 x598,38
5866,Helena Murazik,Bonnie_Rau@example.com,Weimannstad,(445) 571-7262 x28871,52
5867,Mike Vandervort,Clayton.Jakubowski84@example.com,Fort Christina,1-716-943-6685 x1973,42
5868,Andrew Littel,Fredrick.Williamson38@example.com,South Winstoncester,(731) 851-5741,42
5869,Kellen Skiles,Cleo.Schoen@example.net,North Albertafurt,246.650.6624 x0757,59
5870,Terrill Hodkiewicz,Nora_Parisian71@example.net,New Alfredo,668-728-5235 x8678,48
5871,Louie Klocko,Johann_Simonis13@example.org,Yostfield,541-668-3614 x9263,28
5872,Estelle Goldner,Rachelle11@example.org,Zboncakside,646.773.8306 x1085,35
5873,Mrs. Nancy Morissette,Lukas37@example.net,East Hartford,1-458-226-9023,57
5874,Mr. Garnett Rodriguez V,Andreane.Borer@example.org,Hegmannbury,1-789-740-8332 x4513,42
5875,Wilhelm Toy,Santina_Senger61@example.com,West Jenna,1-747-753-8831 x286,54
5876,Jarret Reichel-D'Amore,Candida.Kilback39@example.com,East Jane,755.752.1991,28
5877,Miss Destiney Harris,Deon.Watsica@example.com,South Carli,(309) 713-4732 x9938,33
5878,Keenan Klein,Frederick.Cummerata@example.com,East Liza,510.547.1364 x67642,39
5879,Archie Rath,Soledad70@example.net,Eveboro,587-365-8204 x713,47
5880,Stephan Howell,Margarita19@example.net,East Pearlberg,1-637-206-1953 x59904,30
5881,Krista Kling,Tanya33@example.org,Glendora,313.616.6670 x24251,28
5882,Coy Hane PhD,Eleanore97@example.net,Gardena,327-358-1533 x2209,37
5883,Albert Dibbert-Abshire,Destany.Huels-Hilpert71@example.com,Berylborough,977-920-3429 x1904,59
5884,Glenn Lindgren,Jasmin_Heller@example.com,Eagan,(764) 544-3483 x94851,27
5885,Deshaun Boyer,Eldred77@example.com,Santa Fe,915-213-3009 x064,26
5886,Derrick Bruen,Tomas72@example.com,North Beau,991-480-0699 x7591,53
5887,Reynold Stiedemann-Reilly,Kathy_Ruecker@example.net,Peggyside,964-784-4130 x77993,55
5888,Jamey Lakin,Willa_Dickinson52@example.net,Rauborough,396.941.6266 x74096,53
5889,Tre Lynch,Ruben66@example.com,East Carolland,1-379-611-6227 x8341,40
5890,Vicki Purdy,Otis_Skiles@example.com,Bashirianchester,674.638.5743,27
5891,Angelica Collier,Vada.Balistreri80@example.org,East Roberta,1-274-737-4571 x396,26
5892,Leon Bernhard,Susana_Hettinger66@example.org,Carymouth,841.498.5680 x9106,47
5893,Frankie Dickinson,Buck.Reichert63@example.org,Reichelhaven,335.507.8319 x2382,22
5894,Clifford Predovic,Nyah67@example.com,West Des Moines,1-413-782-9023 x202,40
5895,Mathilde Schaefer,Melvin68@example.net,Santee,1-681-443-1828 x62998,48
5896,Mr. Van Kub,Diane.Wiegand@example.org,West Kieraview,1-727-337-6737,26
5897,Andres Bergstrom,Cristina.Raynor@example.net,Ariannafort,1-867-310-8624 x843,33
5898,Jeanne Deckow II,Glen.Gleichner44@example.com,Lake Vesta,280-394-6032 x34515,44
5899,Milton Watsica,Yasmine_Baumbach@example.com,Pittsfield,(422) 711-5095 x5125,24
5900,Bettye Legros,Edward64@example.com,Rancho Palos Verdes,576.433.2741 x742,37
5901,Miss Emory Thiel,Daija_Larkin@example.org,Stromanstead,444-719-8399 x9820,62
5902,Ms. Lizeth Stracke MD,Tessie_Considine@example.com,Shayleechester,345-733-6592 x10826,48
5903,Isaac Schiller,Alexandra.Kautzer94@example.com,New Jalon,265.347.0428,20
5904,Kevin Yundt,Ollie.Robel90@example.net,Blandastead,240.872.3554 x172,53
5905,Verlie Rath,Geraldine.Mosciski@example.net,Port Cedric,583.576.3949,34
5906,Jenny Swift,Frederique.Howe1@example.net,Lake Jacob,312.314.8405 x56991,52
5907,Dr. Leonard Abernathy-Bernhard,Karl_Miller30@example.com,Anthonyberg,(330) 285-4357 x04059,59
5908,Mr. Abraham Reichert DVM,Emerald_Simonis33@example.com,Port Bernadettechester,289.820.4280,49
5909,Jeff Casper,Eli.Roberts34@example.net,New Keith,382-420-8126 x0882,44
5910,Clayton Huels-Feil,Mable.Nikolaus49@example.net,Port Tavares,669.411.0735,21
5911,Wilford O'Kon,Kaela.Haag54@example.org,Kozeytown,1-412-265-2116,45
5912,Jaquelin Pfannerstill,Rosa_Satterfield@example.com,East Laury,643.815.9061 x0848,25
5913,Aubrey Kassulke,Aubrey_Schimmel37@example.net,Wehner-Pacochafurt,532-438-9343 x68050,24
5914,Alejandrin Marks,Juan53@example.net,Fort Mariahport,1-539-611-4850 x466,58
5915,Tiana Wuckert,Pete_Kunde@example.org,Karleyfurt,693-996-8811,27
5916,Grayson Hirthe,Jerome_Kilback78@example.org,Port Charlotte,1-233-493-6611,52
5917,Bernardo Littel,Marley95@example.net,Mindyfield,1-224-511-4851 x3274,32
5918,Kimberly Gusikowski,Marjorie_Hagenes@example.com,Glen Burnie,840-501-7072,50
5919,Irene Larkin-Ledner IV,Francis_Bauch@example.net,Stanfordhaven,731-322-3186 x8507,60
5920,Zachary Yundt,Christie.Swaniawski21@example.net,Twin Falls,325.427.6023,43
5921,Myriam Treutel,Tiffany_Ferry@example.com,West Arden,1-341-541-2613 x65476,37
5922,Arvilla Breitenberg,Dina_Adams@example.com,Menifee,(393) 967-7520 x90613,36
5923,Shane Dickens,Joanie.Kozey73@example.org,Port Salvador,(498) 518-1419 x74390,19
5924,Evelyn McLaughlin,Sanford_Corkery@example.net,Suecester,(386) 580-4930,47
5925,Danika Halvorson,Maxwell_Rempel54@example.com,South Milfordbury,392-835-9656,26
5926,Jermey Johnson,Lacey57@example.org,Fort Virgiehaven,776.671.0644 x999,53
5927,Elyssa Boehm,Becky_Stroman@example.com,Arnoldton,721.864.3428 x22883,54
5928,Miss Anne Grant,Constance82@example.net,North Jerrold,537.251.8740 x899,55
5929,Chaz Carroll,Hyman_Kuphal@example.net,Erikamouth,482.730.2004 x72833,38
5930,Vivian Cormier,Hans.Labadie-Nikolaus38@example.net,Port Carla,1-362-484-6794 x147,45
5931,Stephen O'Conner,Leanne55@example.com,South Erlingberg,1-411-600-7391 x46810,44
5932,Mathilde Hand,Ana.McGlynn@example.com,Wavaborough,954-765-2359 x30997,27
5933,Julius Schowalter,Darien.Gerlach@example.org,Oakland Park,(876) 841-0593 x273,23
5934,Charlotte Shanahan,Kate_Lubowitz@example.net,Clayfort,(873) 860-4764 x2776,52
5935,Amos Koelpin,Melvina_Gutmann-Lesch@example.net,East Christine,1-305-662-7554 x565,22
5936,Monserrat Nolan,Gloria.Schulist42@example.org,Port Deeworth,823.574.0788 x43761,63
5937,Lola Huel-Grant,Barton.Durgan48@example.org,Lake Jayneport,977-482-9414 x04626,64
5938,Viva Mann,Lindsay_Kassulke27@example.org,Maple Grove,(800) 869-6574 x17340,57
5939,Stewart Ullrich,Garth.Nikolaus@example.net,Herthafield,409.846.5485,45
5940,Megan Waters,Osborne_Conroy@example.com,West Mathew,1-466-424-3889 x918,36
5941,Dr. Steve Bergnaum,Gerard.VonRueden47@example.net,Sioux Falls,646.355.3746 x00436,29
5942,Naomie Koepp,Haylie48@example.net,North Dwight,(369) 504-0436 x9381,42
5943,Seth Greenfelder,Morgan_Fadel@example.com,North Breannachester,(432) 667-7677,38
5944,Lavonne Jacobi,Agustina_Tremblay34@example.org,North Kevin,(977) 761-1897,36
5945,Zack Schoen,Timothy.Mayer10@example.com,Ernestinafield,375.590.1633 x36228,32
5946,Aidan Rogahn,Augustus50@example.com,New Bob,(672) 224-1215 x9745,52
5947,Anais Kessler,Tatum_Hoppe88@example.net,Fredrickshire,319-790-6368 x3125,41
5948,Hazle Harber,Lois_Tremblay@example.com,Bothell,536-455-8412 x97479,18
5949,Efren Carter II,Geneva79@example.net,Fort Franco,877-462-0168 x121,20
5950,Cheyanne Pacocha,Wayne.Schowalter-Jacobson@example.org,New Haven,(315) 874-6992 x09653,49
5951,Dianne Bins,Molly_Bins@example.org,Adrianaburgh,(202) 428-6822 x802,59
5952,Omari Zboncak,Carlee.Green8@example.net,Overland Park,(802) 460-7530 x7496,55
5953,Isabel Kulas-Ritchie,Bessie_Morissette43@example.net,Stokesworth,851.416.3099,24
5954,Stuart Rogahn,Aaron.Cruickshank@example.net,East Auroreport,(821) 737-0103 x640,18
5955,Stewart Stiedemann,Marta_Waters@example.net,Davidton,466.462.2115 x90668,53
5956,Mrs. Otilia Padberg,Juwan.Kub4@example.com,Port Kassandrashire,(899) 976-4496,19
5957,Immanuel Schultz,Jarrod.Cruickshank@example.org,Paterson,803-999-0179 x855,21
5958,Buddy Reynolds,Louise_McDermott@example.com,New Stephan,228.390.6430 x6781,30
5959,Marisa Ryan,Finn_Ebert84@example.com,East Bobbieville,1-619-306-4516,24
5960,Olga Schuppe,Archie.Beatty@example.com,South Piercefield,(316) 326-9877 x21786,49
5961,Clare Heller,Coy_Wolf@example.net,Huntington Park,1-835-574-0026 x61015,58
5962,Don Hansen,Magnolia.Sawayn@example.net,Inglewood,(976) 985-3716,64
5963,Heather Jerde,Joey_Satterfield@example.org,Lake Wandahaven,439.499.9029,65
5964,Nettie Rowe,Anibal_Kuphal81@example.com,East Terrenceton,1-990-926-8976 x85233,48
5965,Joyce Rau I,Narciso.Heller@example.org,East Carmenburgh,621-743-4562,46
5966,Sophia Okuneva,Wyatt_Boehm5@example.org,Daly City,519.590.7413,40
5967,Mr. Gordon Nikolaus,Dexter81@example.com,Tremblay-Collierland,308-484-4422 x848,39
5968,Mrs. Monique Huel,Courtney_Lowe70@example.net,Sioux City,1-244-955-2144 x14403,65
5969,Thad Krajcik,Ephraim71@example.org,South Lilyport,1-701-580-0761 x80996,48
5970,Jessie Kuhic II,Hobart_McCullough23@example.com,Herzogfort,373.204.8881 x4472,25
5971,Fausto Zemlak,Penny26@example.com,Battle Creek,1-552-442-2895 x1844,58
5972,Chester Rogahn,Allie_Mills@example.net,Lake Mateochester,1-624-287-6023 x45787,29
5973,Clarence Mertz,Lyla9@example.net,DeKalb,993.830.7817 x31864,26
5974,Lucas Hintz,Desmond.Kuhic@example.net,Lake Della,413-850-4690 x085,45
5975,Zakary Vandervort,Dessie29@example.com,East Ernestineland,(538) 774-3911,26
5976,Dejon Harris,Susan.Kunde@example.org,Jackson,612-873-9373 x156,25
5977,Mya Hettinger-Buckridge,Brayan_Schowalter@example.org,Littleboro,360-708-7381 x26508,30
5978,Shawna Dietrich,Hassie_Bailey93@example.org,Fort Maureen,1-212-556-4833 x094,39
5979,Mr. Mike Auer I,Essie_Hagenes-McDermott@example.org,Kuphalstead,(575) 770-6026 x8965,44
5980,Mr. Jimmie Thompson,Kaley82@example.net,Kelliside,(994) 562-5023 x30782,36
5981,Houston Konopelski,Archie36@example.net,Matthewboro,833.220.4012 x27256,57
5982,Cedric Murphy,Kimberly_Brekke@example.org,North Rasheed,(735) 900-5618,55
5983,Emily Crist,Luisa_Vandervort@example.org,Harrisville,(438) 691-1248,26
5984,Carmelo Mueller,Ivan_Reynolds@example.org,Derecktown,898-585-8791 x286,61
5985,Christie Kessler,Irene_Shanahan4@example.org,Helencester,808-768-6422 x9808,39
5986,Sergio Lind,Xzavier.Bartell7@example.net,North Tedview,866-547-4730 x17018,59
5987,Helen McGlynn,Mable.Cole@example.net,Bakersfield,943-888-6444 x2856,62
5988,Nicolette Jaskolski,Gregorio_Kohler23@example.com,Schaeferworth,(383) 976-9503 x6181,40
5989,Catharine Smith,Clara_Rowe@example.net,Lake Dedrickcester,597-758-7237 x92913,55
5990,Trinity Blick,Cielo_Hahn@example.net,East Rosemariefort,1-454-719-7646 x48579,26
5991,Joann Shanahan,Samara71@example.net,Lestertown,1-652-624-0509 x052,44
5992,Marielle Schneider,Adeline_Ankunding30@example.net,Port Clevelandport,814-870-7168 x1624,24
5993,Joany Marks,Wendell_Swaniawski@example.com,Kilbackview,871-238-3562,20
5994,Darrion Rice,Sherry_Braun@example.net,Harrisfort,626.350.0829 x057,46
5995,Minnie Effertz,Dawn47@example.org,Hammond,517.244.6000,58
5996,Kiel Shanahan IV,Byron55@example.com,Buffalo,860.848.1643 x75058,24
5997,Ms. Crystal Streich I,Hilma.Quigley@example.net,Livermore,(776) 473-9072 x48540,32
5998,Lera Reichel,Jennifer.Von79@example.net,O'Connellview,1-539-698-4232 x26894,59
5999,Cristal Barton,Arlene11@example.org,Kristiburgh,481-915-8052 x39663,45
6000,Joyce Hyatt Jr.,Carmel24@example.org,Davismouth,1-537-450-2753 x814,41
6001,Shane Crona-Hirthe,Johnny_Welch@example.net,East Bonnieville,1-388-317-9428,63
6002,Mr. Camila Kunde,Vicki.Osinski1@example.com,Stantonfurt,816-706-9751 x2873,51
6003,Magdalena Collier,Leonie.Mraz@example.org,Gutmannboro,1-395-610-7289 x246,19
6004,Mr. Johann Mills-Effertz,Wilfred_Johnston82@example.com,Rosieside,963-538-4103,53
6005,Dr. Natasha Schultz-West Sr.,Miguel_Hansen@example.com,Kent,319-279-1642 x3868,59
6006,Sonia Rolfson DVM,Jacquelyn.Veum89@example.org,Fairfield,(404) 923-5346 x2224,43
6007,Keanu Hamill-Denesik,Felicita.Schroeder96@example.com,Lake Doreen,(420) 573-5596 x2415,44
6008,Dr. Wallace Donnelly,Lorna.Leffler44@example.org,Urbana,1-972-503-7793 x00687,26
6009,Ray Haley,Kareem_Hodkiewicz21@example.com,Port Hannah,(245) 709-6870 x490,26
6010,Rafael D'Amore,Bo_Robel@example.com,Grantberg,1-931-511-2550 x48530,19
6011,Eugene Jerde,Roger.Tremblay48@example.org,Halvorsonbury,1-816-323-7420 x9536,44
6012,Felipe McDermott,Kristopher72@example.com,Duanefurt,885.749.9912 x77220,21
6013,Kimberly Kertzmann,Danny.Herzog46@example.com,East Svenshire,380.762.8595 x57901,25
6014,Katrina Hermann,Beth62@example.net,Port Hayley,(633) 549-1129 x2153,41
6015,Rolando Hoppe,Antonietta.Raynor@example.net,South Emanuelport,(491) 760-3825 x610,61
6016,Norene King,Benton.Smith-Goodwin65@example.net,Boganfurt,1-359-405-3041 x634,52
6017,Willis Heathcote,Ludie21@example.net,Austin,1-594-845-7288 x12174,45
6018,Miss Jacquelyn Boehm III,Clark.Fay82@example.com,Fort Brendantown,609-441-8225,41
6019,Elijah Hand,Nathen_Bailey39@example.com,San Angelo,680-512-3274 x922,42
6020,Rhoda Windler MD,Soledad70@example.com,East Dustin,(651) 833-9650 x05229,51
6021,Fanny Pfeffer DDS,Mattie38@example.net,Fort Alfred,(538) 915-4446 x7156,48
6022,Eudora Harris Sr.,Alexandra.Monahan6@example.org,Langworthstead,(724) 443-8950 x035,30
6023,Noel Muller,Yolanda_Bergstrom@example.net,North Beckyworth,1-677-265-5737 x49742,29
6024,Ernestina Koch,Ernesto.Kling79@example.net,North Kentmouth,1-637-351-4039 x520,28
6025,Diamond Kub,Kayli.Rempel49@example.org,Rohanport,582-878-5324 x295,56
6026,Adrienne Mueller,Caleb.Sipes35@example.com,West Tamiburgh,416.500.9659 x23849,24
6027,William Kuhn,Marco_Larkin@example.org,Heatherchester,1-687-677-0523 x15815,33
6028,Leone Treutel,Kennith.Emard@example.org,Waukesha,(777) 293-5808 x277,18
6029,Tricia Deckow,Fern_Ondricka@example.com,Port Byronburgh,1-473-532-5247 x2449,49
6030,Ayla Rempel,Vivian_Padberg84@example.org,New Gertrude,1-659-241-5948,61
6031,Alexa Wintheiser,Ryan.Davis92@example.com,Franeyside,(269) 822-1320 x1357,24
6032,Flora McLaughlin,Keeley_Lebsack@example.net,North Mariaworth,(542) 551-0899 x373,36
6033,Angelica Von,Marcia82@example.net,Russelcester,932.816.8884 x852,56
6034,Shawna Waelchi,Devon45@example.org,Lake Mathilde,768-331-4262 x941,41
6035,Chanelle Donnelly,Nina_Gerlach@example.com,Corpus Christi,544-884-9857 x5881,35
6036,Lela Bartell MD,Thaddeus26@example.com,Lake Zenastead,900.674.1048,30
6037,Vicenta Osinski,Manuel2@example.net,McKinney,1-866-522-6568,19
6038,Ricky Hodkiewicz,Ginger_Schinner93@example.org,South Marciaberg,689-582-1742 x60314,60
6039,Maurice Kling,Angie91@example.net,Murfreesboro,1-568-954-1168 x4185,45
6040,Gerald Wunsch V,Violet66@example.org,New Pablochester,1-729-727-2633,44
6041,Cheryl Bernhard,Zachary_Cassin-Collins@example.com,North Seamusfort,(977) 218-3113 x388,26
6042,Jerome Crooks,Amanda_Hermann82@example.net,Israelstead,587.325.2299 x3660,56
6043,Savanah Bogan DVM,Clinton.Moen61@example.com,South Ledashire,1-937-791-9055 x8284,26
6044,Zachery Jones,Brayan53@example.net,Lake Coraland,717-469-0274,35
6045,Mr. Alexane Hayes,Marjorie78@example.com,Tyrelmouth,1-438-365-5837 x067,18
6046,Pasquale Daniel,Elaina11@example.org,New Randyboro,(525) 687-7364 x87184,37
6047,Sabrina Streich,Michael61@example.net,Skokie,997.810.1899 x58140,64
6048,Dawn Witting II,Fabian53@example.net,Millscester,1-478-735-7225,64
6049,Justen Jacobi Jr.,Marcus3@example.net,Dickensworth,645.339.5224 x958,49
6050,Gwendolyn D'Amore,Doyle_Emmerich@example.org,Schmelerland,1-576-526-7572 x003,44
6051,Dewey Torphy,Catherine97@example.org,McClureside,(554) 284-9430 x038,24
6052,Leonie Jacobson-Mohr,Bartholome_Morissette@example.net,Port Omacester,(201) 632-9831 x827,64
6053,Florian Berge,Melba.Reilly42@example.com,Prohaskaport,774-990-5305 x38826,42
6054,Wilburn Heller,Charlotte.Ryan-Rowe99@example.com,Port Mamie,(682) 527-8956 x0521,38
6055,Mr. Lonnie Legros,Gail.Leffler44@example.com,Rosenbaumstead,(441) 519-4109,42
6056,Norma Thiel,Hosea_Wiza72@example.org,Lake Jeff,392.284.5283 x834,20
6057,Ephraim Luettgen,Jennifer_Tillman@example.com,South Gonzalostead,900.659.7561 x9419,42
6058,Dawn Gleichner,Terrell.Stracke16@example.com,Halvorsonstad,569-626-7949 x835,41
6059,Anita Effertz,Jeanette_Kunze4@example.net,Edmondworth,1-796-364-8630 x15548,30
6060,Dr. Alonzo McGlynn,Jazmin.Funk17@example.org,Jerdecester,1-284-265-3439 x003,43
6061,Tommy Schmidt,Chad62@example.org,Moline,(893) 924-9905,64
6062,Alexandra Willms,Conrad_Wisozk@example.com,Loraville,368-561-4617 x59643,49
6063,Chaya Streich,Mohammad43@example.org,New Efren,680-265-0964 x87379,29
6064,Clarence Koepp,Athena_Crist@example.org,Noemyfort,810.270.1985 x6069,30
6065,Abdullah Mayert,Elaina.Deckow84@example.org,East Tammyfield,925-718-9731 x16719,38
6066,Ryan McKenzie,Althea.Witting80@example.com,Fort Ed,627.682.5177 x499,24
6067,Alvina Gleichner,Agnes.Hoeger40@example.net,Pittsburg,700-790-3608 x421,25
6068,Glen Friesen PhD,Gertrude_Goldner89@example.org,West Jasmine,1-637-530-2030 x00191,24
6069,Pedro Hackett,Lynne.Schiller14@example.org,Fort Olga,656-241-3178 x64960,30
6070,Arnold Doyle-Schamberger,Thelma_Hoppe85@example.com,Ernaland,708-974-0846 x921,47
6071,Marco Orn Jr.,Jose_Pfeffer@example.com,South Rasheedview,966-544-9678 x995,29
6072,Elisabeth Larson,Ervin86@example.org,Andreannehaven,915-352-1378,20
6073,Norwood Doyle,Christine.Corwin@example.com,Houston,1-903-989-3301 x84247,64
6074,Taurean Cruickshank,Idell_Cole@example.net,West Louisa,583-519-1718,62
6075,Kaelyn Gerhold,Milford81@example.net,Mayertborough,1-587-478-5410 x21847,40
6076,Valentin Green,George_Mosciski@example.org,New Tyreek,(463) 545-7694 x84056,18
6077,Velva Daniel,Maida_Lesch@example.com,Charleston,(973) 525-6933 x1923,53
6078,Geraldine Hackett,Silvia20@example.org,North Blaise,648-637-2028 x626,65
6079,Darrell Rodriguez,Mike20@example.net,Fort Dextershire,368-752-0845 x451,29
6080,Liana Jacobson,Ruby_Kautzer@example.net,New Mindy,539-471-0174 x25471,50
6081,Rosendo Reynolds,Weldon.Senger@example.net,Mobile,608.424.5306 x413,49
6082,Stanley Leannon DDS,Katherine27@example.org,Wendellshire,1-326-779-0105 x483,25
6083,Adan Ziemann MD,Lindsey.Daniel14@example.com,Chino Hills,677-542-6659 x36243,18
6084,Sheryl Lakin,Era59@example.org,Susiechester,(419) 904-2694 x05753,57
6085,Meredith Hudson III,Hannah.Mraz-Doyle@example.net,Brooklyn Park,1-701-337-2046 x956,26
6086,Claude Quitzon III,Vera.Kirlin5@example.com,South Mattside,(570) 229-3626 x938,58
6087,Randall McDermott,Stanley_Cremin78@example.net,The Hammocks,779-699-4045,26
6088,Mr. Joseph Block,Belinda_Kunze@example.com,Quitzonport,(742) 593-1956 x251,46
6089,Dorothy Beatty,Charity40@example.com,Cummingsbury,453-977-2722 x60304,20
6090,Mr. Alejandro Williamson,Damion_Johns@example.org,West Majorcester,665.890.4547 x649,28
6091,Kirk Mohr,Brandy_Lebsack36@example.org,Lake Leonahaven,301.295.7127 x53415,65
6092,Spencer Murazik,Edmond.Mitchell73@example.com,Roswell,205.394.1551 x295,48
6093,Keshawn Rolfson,Moses.Doyle14@example.org,Tarynstad,364-923-8957 x80875,45
6094,Kimberly Lang,Darla.Schmeler84@example.com,Corpus Christi,(997) 546-2475,29
6095,Nona Runolfsson,Erika67@example.net,Darleneport,(388) 226-2116,57
6096,Sylvia Hermiston,Kirstin.Kozey@example.org,Estebanbury,1-490-733-8899 x35526,63
6097,Americo Tillman MD,Chadd64@example.net,Whiteberg,(836) 509-5653 x735,64
6098,Oleta Veum I,Johann44@example.org,Ernserburgh,810-396-4607 x26179,31
6099,Arnoldo Hoppe,Lorene55@example.org,Napa,(527) 773-7444 x7798,53
6100,Clara Keeling,Joanna_Aufderhar@example.com,Dublin,(229) 773-3095 x781,42
6101,Elena O'Keefe,Else_Barrows64@example.com,Lake Samuelfort,747.404.6316,28
6102,Darin Johns-Daugherty,Gust16@example.com,Carlsbad,(561) 264-3559 x2980,61
6103,Owen Botsford,Byron47@example.net,Christopherton,(874) 833-1309,18
6104,Lauryn Beatty,Rodney_Brown@example.net,New Edythberg,287-488-1145,33
6105,Mr. Vivianne Ankunding,Ella_Kunde@example.net,Bruenville,333-871-4030,41
6106,Roderick Raynor,Kaelyn_Von9@example.org,Dellafurt,1-930-589-5786 x75780,45
6107,Nancy Baumbach,Sincere_Pacocha97@example.com,La Crosse,1-525-420-3117 x379,33
6108,Wesley Franey,Kurtis.Veum11@example.net,Bellingham,880.457.7009 x473,38
6109,Jeffery Wiegand,Dixie59@example.org,North Violatown,1-524-664-0671 x921,29
6110,Jimmie Huels IV,Edmond.Wolff63@example.com,Lindgrenburgh,574.647.0644 x329,31
6111,Mrs. Brenda Hills,London_Runolfsdottir@example.org,West Beatriceland,(909) 983-7617 x193,47
6112,Jasmine Orn,George.Witting28@example.net,Brittanystad,1-794-533-6208 x98479,35
6113,Shaylee Dickinson,Lexie_Rolfson@example.com,Fort Beth,709-648-4890 x0202,18
6114,Abdul Bode,Matt71@example.com,Port Frederiquehaven,(589) 417-0419,64
6115,Bertha Ferry,Izabella75@example.net,New Owen,951.668.2559,48
6116,Brenda Kihn,Lucille_Monahan33@example.net,East Georgiaberg,272.700.9375 x977,24
6117,Tony Lesch,Eric_Williamson@example.com,State College,792-748-0595 x191,29
6118,Alice O'Reilly,Allene_Adams@example.net,Catalina Foothills,983-248-9171,61
6119,Ellie Runolfsdottir,Jean.Doyle@example.com,Auburn,1-378-400-0497 x250,22
6120,Giovani Kunze,Kayden_Bauch24@example.net,East Jalonstad,(737) 648-0967 x2015,62
6121,Chelsey Weber,Harry.Jacobi18@example.com,Bradleyton,801-592-9830 x91597,38
6122,Ollie White,Toney4@example.com,Cletustown,386-640-3021 x4284,35
6123,Martin Wiegand,Madonna_Cronin-Kovacek23@example.net,North Sue,1-250-295-3498,34
6124,Salvatore Heller,Cathy35@example.com,North Wallace,1-381-435-0974,28
6125,Mr. Blaze Stark,Charles43@example.com,O'Keefeview,791.478.9309,45
6126,Roslyn Brekke Jr.,Fredrick_Mayert@example.org,Lake Novellafurt,935.988.8543 x99687,59
6127,Ms. Veronica Walker,Cynthia29@example.net,New Sadie,862.554.2553,48
6128,Hershel Douglas,Lucy81@example.net,Antonioland,741.298.3602 x10541,45
6129,Miss Gwendolyn Romaguera,Tracey79@example.net,Port Kenyattaside,569-719-6614 x2443,31
6130,Brain Quitzon,Cecilia.Harber@example.org,Melvinburgh,(561) 235-2032,60
6131,Lindsey Beier,Alvah78@example.net,Kertzmannshire,434.259.8541 x5328,23
6132,John Goodwin,Luz_Hayes51@example.org,East Princesschester,250.821.0830 x618,27
6133,Ahmad Purdy,Josh_Gislason13@example.net,New Karli,471.645.3360 x638,28
6134,Gideon Goldner,Hettie80@example.net,Little Rock,(368) 909-3130 x66592,64
6135,Mr. Leda Wilderman,Kenneth_Runolfsson56@example.com,North Larry,(570) 550-3946,29
6136,Jenna Senger,Salvatore35@example.net,West Dariusberg,667-230-3272 x44980,36
6137,Alf Nitzsche,Monserrate_Collins@example.org,Kochboro,(784) 637-3380 x824,61
6138,Armando Abshire DDS,Michele_Greenholt1@example.com,West Elwinview,271.289.5366 x92936,36
6139,Mellie Morar,Joy_Schiller5@example.com,New Marthastad,1-279-243-3973 x4611,39
6140,Callie Renner,Lawrence.Hermiston61@example.com,Pocatello,(990) 325-3926,48
6141,Ana Schamberger,Enrique.Wunsch@example.com,Glenberg,(246) 278-4058 x0463,56
6142,Maeve Rodriguez,Ira.Ondricka-Kshlerin@example.org,Lake Biankastad,(553) 678-3641 x47173,65
6143,Kaleb Lehner,Noemie.Wilderman@example.com,East Theresa,(782) 397-8173 x627,35
6144,Orville VonRueden,Carroll_Treutel-Rohan@example.org,Bartellborough,616.952.1279 x7276,46
6145,Claude O'Kon II,Guy37@example.net,Lake Crystal,1-796-755-7584,44
6146,Dr. Benjamin Ankunding-West,Clayton.Kuhlman75@example.org,Lake Lura,(496) 337-0112 x80352,31
6147,Camron Moen,Jesse22@example.net,Ocala,676-901-0459 x75361,58
6148,Kira Bode,Mercedes_Schinner29@example.net,Fort Jordi,(962) 860-1767 x142,18
6149,Angelo Casper,Tomasa.Boyle-Bogan42@example.com,Watsonville,776.716.4782,55
6150,Sophia Doyle,Lemuel_Kuhic96@example.net,Rubieview,(742) 605-3164,42
6151,Anderson O'Hara,Cecil_Raynor40@example.org,Salina,297-749-3121,20
6152,Jeanette Langworth,Daisy_Stehr82@example.org,East Coreyville,1-820-840-3140 x88055,65
6153,Garett Schinner,Asha26@example.com,Hesselworth,858-632-2282 x4146,57
6154,Savion West,Megane.Glover@example.net,Bell Gardens,560-241-6945,18
6155,Khalil Shields-Koepp,Jazmin.Bins-McLaughlin70@example.com,Cathedral City,925.222.8257,57
6156,Mrs. Wendy Spencer,Victoria22@example.net,Fort Rachelstead,1-478-485-9734 x3109,28
6157,Cecil Kuhic,Erika24@example.net,South Frank,1-883-626-8355 x5100,62
6158,Effie Kuphal,Marc_Bernhard@example.org,Schmittboro,580.313.7149 x24714,28
6159,Miss Fletcher Altenwerth,Bobby_Bogan@example.org,Bonniefield,626-550-8570 x040,29
6160,Garry Lowe,Timothy_Legros@example.net,Destinhaven,1-940-613-9684 x88984,43
6161,Lindsay Jaskolski,Kristen.Abernathy@example.org,Kuphalview,1-337-479-2995 x8090,55
6162,Rita Hagenes,Lowell_Pfannerstill8@example.org,West Isabella,231-521-2173 x415,40
6163,Joy Hills,Addison.Nikolaus36@example.net,West Allenemouth,(347) 925-8346 x6235,62
6164,Edd Heidenreich PhD,Berniece_Durgan@example.com,East Stephania,1-823-604-3543 x571,58
6165,Mr. Mariam Tremblay,Dedric_Kub@example.com,Caterinafield,1-400-780-8897 x1728,20
6166,Judd Legros,Geraldine_Koss3@example.org,Hammond,843.375.4502,36
6167,Anita Roob,David.Mueller@example.com,Port Toreyville,296.454.6606 x4401,50
6168,Kellie Marvin,Delbert.Hagenes66@example.org,Alafaya,1-243-903-0473,56
6169,Rosemarie Murray,Ted_Carroll90@example.org,Fort Dale,784-547-1354,63
6170,Tomasa Bartoletti,Aracely.Blanda@example.org,Buddycester,316-837-2860 x84692,24
6171,Andy Lehner,Patricia_Prohaska@example.com,Smithland,1-261-751-4978 x98698,53
6172,Ms. Alexis Pouros,Erika_Boyer88@example.org,Richieton,390.673.2747,57
6173,Mrs. Eloise Hilpert,Maria.Gleason87@example.org,Torphytown,946-822-9534 x09967,43
6174,Demarco Langworth,Callie.Walker@example.org,North Elbert,270-576-8429 x11197,65
6175,Lukas Swift,Ernestine56@example.org,Fort Carolanne,1-942-828-7791,45
6176,Alfonso Homenick IV,Crawford78@example.net,Hesselbury,1-992-490-1671,24
6177,Miss Tiffany Nitzsche PhD,Linda57@example.net,Brownsville,(707) 724-2614 x38071,58
6178,Earnest Schamberger,Delphine_Emmerich98@example.com,Stockton,(444) 600-7195 x12047,58
6179,Ardith Carter,Leo_Leuschke@example.com,Lake Velda,711-252-4897 x517,54
6180,Rosie Nicolas,Jensen89@example.org,North Annettebury,1-824-414-5594 x11056,19
6181,Dr. Loren Monahan,Edna.Hermiston@example.net,East Oliverfurt,350-989-3570,29
6182,Dennis Corkery,Terri_Kihn17@example.net,West Emilio,668-497-4936,45
6183,Lucille Kirlin-Kirlin,River_Boyle32@example.com,New Merrittton,312.901.6962 x214,59
6184,Lydia Swaniawski,Raoul.Christiansen80@example.com,Fort Annamaefort,1-894-990-0349 x025,24
6185,Macy Okuneva,Jacob_Lakin@example.net,Sidneyfurt,1-850-210-7455,49
6186,Jules Swaniawski,Olaf_Jenkins13@example.net,Roswell,686-568-8219 x32059,63
6187,Alyssa Schuster,Bartholome.Donnelly32@example.org,New Erikamouth,414-822-5803 x47821,21
6188,Ira Kessler,Ali.West@example.com,Yuba City,1-718-749-0990,40
6189,Caleb Hackett,Darian_Gusikowski70@example.com,West Henriettaside,721.390.7245,40
6190,Sherry Johns,Kamren24@example.net,Fort Judd,(347) 654-0836 x2248,32
6191,Lila Altenwerth,Melinda.Schiller59@example.net,Fort Pierce,993-493-4661,50
6192,Mrs. Tabitha Ernser,Georgia87@example.com,Wittingport,308.654.3592 x04574,53
6193,Dr. Percy Connelly-Boyer,Zechariah_Kohler6@example.net,Pueblo,1-883-880-4600 x90275,49
6194,Armand Nolan,Verna7@example.com,North Lavernfield,512-481-6473,22
6195,Dr. Niko Spinka,Dortha79@example.net,Green Bay,411.412.0190 x3387,19
6196,Cora Mann,Alfonso47@example.net,Towson,728.591.0860,50
6197,Miss Mindy Zieme,Maureen.Labadie74@example.org,Alfredshire,(595) 583-6555 x55845,45
6198,Erick Christiansen,Julian_Ferry15@example.net,Salvatoreburgh,685.386.3132 x8821,38
6199,Laura Barrows,Orion.Baumbach51@example.org,Fannychester,979-816-8192 x5978,33
6200,Estelle Weber,Gust53@example.org,New Twilaberg,607-253-5628 x1040,19
6201,Joel Welch,Enid_Hirthe-Koss@example.net,Port Aliya,1-295-563-6307 x888,35
6202,Mr. Tom Hahn V,Leopold35@example.com,Fort Myers,926.406.8664,61
6203,Otho Bernier,Luz_Herman@example.com,North Wardfield,395-844-4394 x9331,49
6204,Alayna Pollich,Prince_Bernhard78@example.net,New Wilfredstead,1-404-385-5819 x7060,51
6205,Hailey Bode,Leonard86@example.net,Ninaside,1-998-883-6056 x53743,32
6206,Kim Kutch,Alton.OHara@example.net,Schultzworth,1-419-671-1979,34
6207,Lenora Parisian,Shelly40@example.net,Dibbertfield,1-640-891-5288 x9348,55
6208,Ona Koepp,Cary27@example.org,Santa Fe,1-535-583-9848 x177,33
6209,Ms. Stacey Mills,James.Schowalter38@example.net,North Tommy,(924) 445-0248,20
6210,Marcella Parisian,Lucy.Terry36@example.org,West Noel,(771) 989-5208 x411,59
6211,Amir Ward,Adriel67@example.org,Lake Louise,565-803-5028 x09394,40
6212,Ms. Kimberly McClure,Adrienne.Hilpert@example.org,Beahantown,(664) 523-9186 x661,19
6213,Nella Cummerata,Lucy.Koelpin@example.org,Padbergborough,1-257-738-1162 x0304,21
6214,Gerardo Armstrong,Vada_Yost@example.org,Ferryview,821-463-4691 x68654,36
6215,Wm Goyette,Glenna_Ullrich@example.org,North Lorenzoborough,(812) 426-3333 x8855,62
6216,Lottie Ward Jr.,Shelly.Collins34@example.com,Anchorage,(790) 615-2288 x5759,47
6217,John Mueller,Clay.Robel87@example.org,South Jaqueline,(809) 711-6594 x5061,19
6218,Addie Turner,Wallace_Jerde3@example.com,Euclid,(361) 821-0184,25
6219,Clyde Rutherford,Jeffrey_Bogisich95@example.org,Jeannestead,331-770-8778 x1404,31
6220,Davonte Morissette,Joyce_Leuschke@example.net,North Lesterside,315-620-2864,49
6221,Marshall Abernathy,Paris_Stracke@example.com,Hayesport,826-941-2642,20
6222,Sandra Weissnat,Shanon_Morissette46@example.net,Wildermanberg,1-826-247-3849 x4493,37
6223,Kyleigh Stoltenberg,Marilyn.Hintz56@example.net,Kokomo,389.664.2874 x82563,47
6224,Jerad Jenkins III,Shaun_Stracke@example.net,North Carter,339-931-8882 x9010,51
6225,Linwood Hilll,Frances41@example.net,Cedar Rapids,394-269-7500,30
6226,Gilbert Weber-Monahan III,Darnell27@example.com,The Woodlands,1-497-853-6251 x81428,55
6227,Caleb Russel,Rhett.Little@example.net,Lubbock,908.355.2171,27
6228,Trudie Tromp,Caleigh.Heathcote@example.org,Livonia,(439) 733-6600 x54373,30
6229,Francesco White II,Susan.Steuber@example.net,Sierra Vista,729.852.9168 x195,56
6230,Annette Price,Colt_Wintheiser18@example.com,Destinyboro,862.803.4069 x5098,25
6231,Kristopher Fadel,Carlos27@example.com,Lake Darlenefort,(890) 633-1623 x6506,53
6232,Pierce Heidenreich,Torrey_Beatty50@example.com,Lake Jamar,1-590-541-3239,23
6233,Wade Shields,Sonya48@example.com,Jeradton,420-573-7448 x43223,25
6234,Norris Sauer,Margarett21@example.com,West Joannport,764-412-2343 x369,36
6235,Dorian Ebert Jr.,Carole27@example.net,North Miami Beach,1-603-886-5925,42
6236,Erin Emard,Isobel.Koch@example.org,New Gildafield,677.397.6960 x75708,21
6237,Stanley Mayer,Kristina.Connelly@example.net,Pfeffercester,864.517.7180 x71226,46
6238,Dr. Kurt Pfannerstill,Ariel.Terry@example.net,East Cordelia,352-581-3581 x4966,60
6239,Tavares Kunze,Myra_Pouros@example.net,Chino,746-897-5883 x79980,51
6240,Rodrick Cruickshank,Theresia67@example.org,Johnsonton,325.903.4838 x627,26
6241,Dolores Mertz,Myrl.Kuhlman65@example.net,Toms River,939-988-1124,58
6242,Moses Lind,Clinton23@example.org,Claycester,(677) 679-3111 x9194,27
6243,Estefania Witting,Helena_Murazik@example.org,South Wilhelmburgh,605-885-7302 x065,30
6244,Lloyd Ward,Erwin33@example.net,Marysville,(996) 905-3264 x83110,51
6245,Mrs. Hermann Marks-Bartell,Julie.Kerluke@example.net,New Jensenfurt,1-498-342-5770 x324,20
6246,Dexter Veum,Rosalia.Schimmel99@example.com,O'Connerside,750-906-3339 x12018,33
6247,Nicolas Kertzmann-Collins V,Kristen.Littel41@example.com,Guillermofurt,751.392.0913,63
6248,Mrs. Paolo Lueilwitz,Rudy_Steuber@example.org,Merleboro,717.626.0412 x1181,62
6249,Ahmad Abbott,Terri44@example.org,New Makennaport,(240) 278-6494,20
6250,Nathen Gottlieb V,Maxine_Metz@example.com,Jastland,603.694.3962 x92021,51
6251,Emmy Wilderman,Katherine.Kulas@example.com,Crawfordville,491-937-6463 x1144,43
6252,Mrs. Reuben Goyette,Gregory.Smitham@example.org,Harberfort,830.771.7542 x854,58
6253,Rhett Tremblay,Israel.Dicki@example.com,North Alverta,1-234-559-6309 x755,64
6254,Alicia Gerhold,Lexus.Paucek34@example.net,Ortizmouth,(361) 747-7695 x007,19
6255,Jordan Jacobs,Winifred52@example.com,Kozeytown,1-378-816-3236 x728,53
6256,Karli Carter,Tina.Fay@example.net,Connellyborough,(954) 492-3022,54
6257,Sierra McClure PhD,Herbert_Wilderman@example.net,Clovis,416-427-1603,54
6258,Alyssa Goodwin,Debra31@example.net,East Bertha,338.668.8602 x189,24
6259,Ashton Kuhlman,Ted68@example.com,Leesburg,1-305-699-1056 x78285,33
6260,Dr. Rosario Kovacek,Charlene27@example.net,Medhurstton,670-715-9311 x90515,49
6261,Marc Farrell,Thaddeus.Mohr@example.org,West Felipefort,895-724-4171 x0598,41
6262,Miss Janie Macejkovic-Kessler,Gayle40@example.com,Riverview,625-299-4989 x83884,43
6263,Judy Wolff,Josephine.Macejkovic@example.org,Passaic,(966) 523-7710 x1889,23
6264,Jana Durgan,Jerome17@example.com,Rippinboro,(570) 906-6604 x62025,47
6265,Tami Beahan-McDermott III,Curtis.Anderson0@example.net,Davisfurt,835.417.6592 x910,18
6266,Connie Jast,Eloisa62@example.org,Harrisburg,1-844-353-6585 x982,56
6267,Larry Howell,Harriet_Purdy@example.org,East Darrylport,756-249-1525 x8887,47
6268,Deshawn Thompson,Lindsey_Ratke85@example.com,Port Kenny,1-356-894-7376 x191,60
6269,Fae Mraz PhD,Lorraine_Weissnat@example.com,Melbourne,894.436.1557 x02217,48
6270,Angelina Schulist,Melba.Streich@example.com,Grimesside,1-898-781-3938 x0282,37
6271,Miss Ally Pouros,Iris.Lindgren@example.net,New Wandaborough,(223) 738-4926 x77751,18
6272,Fae Keeling,Noah.Olson@example.org,Hicksville,(491) 575-4979 x48590,41
6273,Murray Schuster I,Antonio.Will@example.net,Bradtke-Gerholdport,1-792-362-0010 x61622,35
6274,Lyle Bosco,Lowell.Hansen@example.net,Cindystad,441.362.2938 x999,56
6275,Alfreda Beier,Zackery39@example.net,North Greggshire,325.336.4774 x011,36
6276,Ms. Meghan Kozey,Adella47@example.net,Clintonstad,932-901-4628 x36266,45
6277,Moshe Huel,Martin40@example.net,New Arleneborough,320.438.1378 x076,50
6278,Rosalie Bartell,Lynne_Schneider@example.net,South Dwight,1-202-293-8295,47
6279,Mrs. Lydia Schimmel,Lavada31@example.org,Melbourne,849-471-3876 x984,48
6280,Julia Metz,Ada.Hermiston47@example.com,Bridgeport,1-860-864-7353 x35809,46
6281,Jean Jerde,Afton.Johnston94@example.com,Davionton,910-524-8583,37
6282,Zita Padberg,Marlon.Jaskolski80@example.net,West Consueloside,406-759-6140 x5017,58
6283,Johanna Oberbrunner-Kemmer,Stanley_Collins39@example.net,Stoltenbergboro,375-656-5196 x2601,58
6284,Meredith Roob,Hester.Goodwin@example.org,Kelleyberg,868.616.9031 x2831,50
6285,Kenyon Connelly,Eugene_Rau@example.org,Henriettaside,435-307-2994,37
6286,Caroline Sipes,Andy36@example.com,Clotildemouth,659-657-0031 x639,34
6287,Rudy Gusikowski,Sydnee31@example.net,West Isaacstad,271-825-5088 x651,47
6288,Sergio MacGyver,Kaylin4@example.net,East Emerald,1-941-385-2926 x39206,55
6289,Mrs. Cornell Mertz,Emely_Dicki@example.net,Fort Daniellashire,418-499-2257,28
6290,Greg Schulist,Etha_Rogahn@example.org,North Tyroneshire,919-265-0173 x000,55
6291,Reyes Ebert DDS,Mark_Kunze32@example.org,North Marthacester,874.742.3590 x1119,59
6292,Pearlie Feest,Alexandra.Blanda@example.com,Reingerworth,810.560.4677 x27009,43
6293,Jalon Davis,Loma.Marks48@example.org,Gorczanyton,313.407.8174 x4741,42
6294,Claud Lockman,Devante.McGlynn@example.org,Lake Harvey,(971) 650-3346 x27814,59
6295,Rodney Carter,Mafalda.Carroll3@example.org,Jonworth,1-985-449-5517 x3216,39
6296,Lauryn Botsford,Lowell_Wiza@example.org,West Nelliefield,735-649-3630 x471,24
6297,Samara McDermott,Orie.Kirlin@example.org,Weston,(508) 741-5971 x458,51
6298,Ms. Winnifred Hilpert,Gene_Von@example.net,Port Mathewberg,(220) 783-1983 x0704,19
6299,Mr. Scott Runolfsdottir,Jeffery48@example.com,North Katlyn,1-445-282-3444 x8654,38
6300,Bessie Moen Sr.,Grant_Trantow@example.org,Lake Hugh,636-257-6053 x562,30
6301,Mr. Eve Cole,Veronica.Wyman17@example.net,Monahanhaven,1-981-760-8585 x42356,63
6302,Adam Kutch,Geneva52@example.net,Port Cyrus,917.304.9420 x89363,58
6303,Muhammad Bernier,Jay.Renner@example.com,Bloomington,698.586.1555 x1852,49
6304,Adrienne MacGyver,Nathan.Homenick@example.net,West Darin,314.825.1349,28
6305,Shelley Satterfield I,Jennyfer.Herzog@example.net,South Jaredfield,(202) 780-8934 x54373,44
6306,Jay Tromp,Jacquelyn.Blanda@example.org,Titusville,272.537.1572,50
6307,Ms. Deshaun Tromp,Olivia12@example.net,Lake Juliaside,615-986-9398,23
6308,Elroy Cartwright,Justyn_Wolf@example.com,South Sue,498.803.3914,18
6309,Gerardo Heathcote MD,Hertha_Bayer@example.com,Noblesville,955-389-0614 x3174,29
6310,Carol Bosco PhD,Reyna28@example.com,Charlotte,1-552-611-1425 x0496,22
6311,Chelsey Lebsack,Gilberto44@example.net,Nitzscheview,1-215-698-6014 x145,53
6312,Javier Labadie,Meredith.Reilly15@example.net,Cormierfort,(948) 971-7122,19
6313,Whitney Bartell,Emerald8@example.com,East Los Angeles,1-321-603-9413 x903,50
6314,Anahi Murphy,Buck.Ebert@example.org,East Lansing,1-868-779-9036 x779,28
6315,Aliyah Armstrong-Schowalter,Brendan.Gislason@example.org,West Arvillastead,1-874-978-0641 x73069,19
6316,Margarita Reilly,Simon.Schaden@example.net,Spring Valley,744-212-1103,49
6317,Miss Lindsay Harris,Dion3@example.org,Redmond,631-595-7921 x63676,31
6318,Rowland Waelchi,Glenda_Koepp34@example.com,Franeckiland,(313) 203-3580 x97288,29
6319,Sergio Osinski,Teresa_Goldner@example.com,South Terencemouth,203-304-2155 x9586,38
6320,Deonte Muller,Hilda.Lang80@example.com,Yostfield,(484) 419-8846 x71622,52
6321,Anjali Schulist,Frederic_Kunze68@example.org,West Ali,1-476-514-0909 x6156,48
6322,Lexi Conroy,Aditya.Stanton58@example.org,East Baileyborough,532.972.3270 x8454,21
6323,Jerome Schinner,Evalyn.Heathcote75@example.net,South Glennie,(216) 812-6881 x76672,19
6324,Nicolas Turcotte,Doyle.Bernier97@example.net,Farmington Hills,519-675-3239,60
6325,Aylin Kulas,Kurt_Thiel63@example.org,New Louis,1-648-959-9674 x8084,64
6326,Olive Hayes Sr.,Albert68@example.org,Feesttown,1-849-916-6705,44
6327,Hermann Kihn,London_Steuber76@example.org,Medhurstbury,405.610.7282 x9973,56
6328,Keanu Murphy,Candace.Schoen@example.net,Southfield,(733) 630-5384 x39321,31
6329,Maryann Morissette,Leann_Bruen22@example.net,West Tammy,587.879.5130 x38231,65
6330,Paula Sporer,Elenor.Yundt70@example.net,Port Santa,(281) 965-5615 x8649,34
6331,Ena Cartwright,Chet26@example.net,Elsastead,(535) 966-1116 x61807,49
6332,Aylin Wolf III,Cody_Weimann@example.net,Port Krystel,(971) 305-3919 x6674,54
6333,Howell Wolff,Darin.Jakubowski@example.org,North Jannie,682-403-0779 x457,54
6334,Bruce Cormier,Ari70@example.org,Doloresport,1-485-925-9800 x591,39
6335,Adam Kris,Wilton.Keeling80@example.com,Cruickshankburgh,832.547.6946,29
6336,Drew Batz,Gerda96@example.org,Fort Elliot,619-778-5918 x328,20
6337,Bonita West,Onie_Lang-Carroll@example.com,New Cliffordberg,720.230.1075,18
6338,Derrick Rutherford,Ivan_Champlin@example.net,Weberside,(386) 707-0738 x2356,64
6339,Gerald Becker-Cartwright,Valerie_Heathcote@example.net,East Lexus,398-674-2337 x30433,20
6340,Maybelle Bergnaum,Evelyn.Jacobi7@example.com,Jayberg,(885) 629-2525 x045,64
6341,Dr. Kali Effertz,Melanie_Hilll@example.org,Westfield,525-605-7415 x655,64
6342,Dianna Olson,Marcellus.Zboncak@example.org,Felipeview,(325) 527-9699 x7140,21
6343,Sheryl Price,Catherine34@example.com,Lake Rogelio,1-473-702-7822 x68934,60
6344,Drew Vandervort,Kent.Stracke20@example.com,North Lauderdale,(907) 319-2439,19
6345,Michelle Konopelski,Richard.Stiedemann2@example.com,Louisville/Jefferson County,358-264-0854 x173,48
6346,Carmen Williamson,Frederique_Willms@example.org,Port Kevinville,(521) 249-4630,24
6347,Hazel Treutel,Laurine_Zemlak@example.com,South Brittanyfield,596.728.4812 x04734,32
6348,Mr. Landen Hoeger,Brent.Luettgen90@example.net,Hattiesburg,1-937-675-9337,58
6349,Jermaine Johnston,Larue_Raynor@example.com,Sacramento,808.878.1817 x802,35
6350,Dr. Derrick Raynor,Tad_Daniel61@example.org,Surprise,1-295-396-4751 x96584,63
6351,Mr. Name Hermann,Vaughn_Larkin@example.net,Schneiderside,581-816-7937,56
6352,Robbie Treutel,Harrison.Gleason14@example.com,Casimercester,1-323-384-2768 x356,37
6353,Mr. Haylee Langosh,Savion_Considine@example.org,Starkbury,1-738-587-8251 x509,35
6354,Dina Nikolaus,Wendy.Blick@example.net,Cruickshankworth,251-931-0176 x2833,54
6355,Mr. Myles Vandervort,Teri83@example.com,Doyleside,981-270-1244 x39131,24
6356,Mark Jones,Clara98@example.org,Springdale,594-593-2032 x31003,35
6357,Hector MacGyver,Rosa.Schoen62@example.com,Johnstonton,626-356-7323 x6412,38
6358,Cleora Little,Sean_Walsh-Cremin@example.org,Fort Emmanuel,(750) 431-1866 x0546,53
6359,Stephanie Baumbach,Liam_Collier12@example.net,Prohaskacester,718.305.4157 x825,35
6360,Ms. Cale Leuschke,Korey.Bernier@example.net,New Catalinaworth,(449) 431-7536 x294,62
6361,Sara Wintheiser,Kelsie99@example.org,New Kaitlin,203-229-5149 x3997,64
6362,Jeanette Hodkiewicz MD,Caleb42@example.com,Schmelerfort,379.256.0866 x16569,60
6363,London Cartwright,Kyla36@example.org,North Dorotheaport,1-487-717-7307 x065,56
6364,Thora Cassin,Lynda_Feil38@example.com,Lake Colin,1-287-443-0623,48
6365,Wesley Durgan,Joannie.Rice@example.org,Bayerport,(630) 220-8793 x011,60
6366,Mohammed Zboncak,Jeff.Cartwright19@example.net,Romagueramouth,1-393-985-1707 x8284,53
6367,Jason Mayert,Nels_Crist@example.net,East Beulahfort,(740) 565-1369 x53353,18
6368,Muriel Welch,Kayleigh_Stamm50@example.org,North Guidobury,730-467-4856 x9396,49
6369,Alycia Anderson,Jay31@example.com,Fort Aurore,324-471-6111,32
6370,Gladys Hyatt,Christy22@example.net,Noahstead,935-564-9576 x77927,47
6371,Doug Rowe,Gerardo.Zemlak25@example.org,Fort Smith,1-380-901-9017 x130,48
6372,Sally Dach,Kristine87@example.org,Reillyhaven,595-892-7140 x5565,65
6373,Neal Bayer,Susie37@example.com,Fort Rene,(667) 559-9547 x788,19
6374,Brenna Farrell,Brenda_Krajcik0@example.com,Conroystad,383.454.0377 x376,47
6375,Darius Rowe,Dena44@example.org,Lutherbury,1-304-419-0663 x49333,31
6376,Caroline Donnelly,Vera60@example.org,Nelsonburgh,1-539-601-2141 x0809,46
6377,Dr. Matilda Kassulke,Carmella69@example.net,Broomfield,739-347-2199 x9214,33
6378,Madonna Jast,Drake41@example.net,New Samantha,1-911-920-4242 x30017,45
6379,Ronnie Lueilwitz,Gregory.Nolan@example.org,Hyattside,918-670-4470 x1796,52
6380,Randall Kling,Kaia_Abshire@example.com,East Columbusbury,(981) 477-4542 x281,25
6381,Sylvan Williamson,Yvette.Gottlieb@example.com,Methuen Town,(781) 475-7199,31
6382,Ms. Stacey Grant,Jacquelyn.Abbott@example.org,Hettingerstad,(256) 737-6699 x726,32
6383,Dianna Schmeler,Camila_Harris@example.com,Fort Maximilian,271-207-2900 x761,49
6384,Jamil Prosacco Jr.,Nicole.Wyman@example.com,East Yoshikochester,430-521-6729 x2521,54
6385,Hiram Luettgen,Gina31@example.com,Layton,844-962-2205 x1102,25
6386,Mr. Mathew Strosin,Kenny_Wisozk@example.net,Erdmanstad,1-366-532-5503,58
6387,Hannah Stiedemann PhD,Daphne74@example.com,Kilbackside,802.616.4609 x812,64
6388,Cindy Corkery,Vena_Nitzsche@example.net,East Wallace,1-333-745-7230 x9545,47
6389,Else Lindgren,Larry.Huel41@example.org,Hughton,(756) 861-3858 x32129,46
6390,Andrea Schmitt,Glen19@example.net,Sparks,710.901.5098 x021,44
6391,Princess Harvey,Kamren17@example.com,Plano,1-410-545-8211 x61630,32
6392,Frieda Marquardt,Violet_Bode97@example.com,Murraystad,1-814-587-8163 x985,32
6393,Martha Hackett,Eliane24@example.org,East Guillermo,259.629.4025 x5196,60
6394,Colten Carroll,Alta.Roob22@example.net,East Geneva,(253) 416-3330,52
6395,Tomas Romaguera,Kelsie.Schuster7@example.net,Jermaineborough,671-645-4464 x9518,38
6396,Emily Morar,Calista.Hilpert@example.org,Keagancester,1-357-776-7566 x393,21
6397,Mrs. Essie Nitzsche,Elijah.Jacobson19@example.com,Hacienda Heights,(853) 212-5545 x884,18
6398,Maureen Wilkinson,Tessie_Zieme@example.org,Brookline,(762) 246-0316 x1840,32
6399,Treva Cartwright,Ted88@example.com,South Randichester,529-205-9173 x152,27
6400,Ms. Elsie Feeney,Chauncey_Emmerich@example.com,Tedfurt,(243) 816-0775 x16956,38
6401,Adriel Parisian,Elias_Shields81@example.com,South Wilsonberg,1-659-437-6972 x353,26
6402,Kirk Brakus PhD,Kenton.Erdman@example.net,Parma,1-570-666-8950 x4205,44
6403,Dewey Kris,Deangelo.Prohaska58@example.net,North Isabel,(729) 685-6321 x6338,36
6404,Zachary Konopelski,Ron.Schmeler@example.com,West Aliyahfort,1-745-408-5504 x495,28
6405,Mr. Mireille Romaguera,Benedict.Abbott86@example.com,Leighburgh,632.881.7181 x1638,61
6406,Mrs. Darion Weber,Chelsea.Torp@example.net,Port Hugoborough,(756) 728-8526,43
6407,Jamison Marvin Sr.,Gerard_Bartell@example.net,North Pam,306.743.6086 x115,65
6408,Opal Gusikowski,Otho.Keebler@example.com,McGlynnburgh,(581) 307-0768 x88104,56
6409,Marian Cruickshank,Golda25@example.org,East Armandoport,1-206-895-9200 x638,53
6410,Christ Berge,Naomi_Ferry@example.net,South Timstead,1-548-571-1433 x88445,40
6411,Lynda Schneider,Obie.Fahey13@example.net,Emmerichton,(985) 625-0982 x7056,41
6412,Tremaine Hodkiewicz,Dwayne.Gibson21@example.com,Fort Floy,(246) 219-9836 x184,59
6413,Elijah Renner,Angelo_Davis@example.net,Stromanfurt,(906) 522-5050 x781,40
6414,Alexandra Kuphal,Dana_Wintheiser@example.com,West Edmund,1-962-679-0044 x261,24
6415,Maximilian Cronin,Lynne8@example.net,North Hattie,480-736-3375,48
6416,Adriel Jacobson,Jenny50@example.org,West Emanuelcester,(381) 633-6249 x07655,57
6417,Mina Hermiston,Pete_Nader@example.org,Fort Theo,873-896-6247 x787,35
6418,Ms. Tomasa Boyer,Germaine_McLaughlin@example.net,Allanfurt,800-880-4850 x702,37
6419,Clara Kertzmann MD,Aditya_Volkman@example.net,West Lura,(914) 692-3871,22
6420,Sidney Runolfsson,Clyde34@example.net,Howeview,434-947-1490,40
6421,Sam Okuneva,Efren_McGlynn@example.net,Tamiami,(856) 783-3948 x561,58
6422,Dante Runolfsdottir Jr.,Loren.Mante@example.com,Lake Bernadette,896.682.3569 x69324,47
6423,Charlie Fay,Providenci52@example.com,Eduardostad,1-721-712-5676 x806,38
6424,Joseph Yundt,Gregg.Paucek16@example.com,Lynwood,251.777.2701,54
6425,Barton Schamberger,Norris27@example.org,Hettingertown,463.629.2047 x42065,63
6426,Terrell Ritchie,Brenda.Conroy82@example.com,South Mozell,1-403-297-6712 x154,34
6427,Larry Bayer DDS,Guillermo46@example.org,Vandervortshire,612-681-9904 x4125,42
6428,Twila McLaughlin,Dino_Jerde83@example.org,Lake Wilton,905.573.0542,29
6429,Ms. Juliana Dickens,Ginger_Schumm@example.com,Lake Novacester,1-679-368-8889 x72847,38
6430,Darrel Lind PhD,Dandre_Christiansen@example.net,Abbystad,896-523-5050 x9910,54
6431,Crystal Ankunding,Josefina.Keebler@example.org,Port Vicky,697-729-0286 x55044,18
6432,Elwin Walter,Ashley.Weimann@example.com,Coryville,1-413-896-8835 x03488,57
6433,Brionna Kozey-Frami,Jamarcus_Ebert71@example.com,East Daxport,1-263-501-0402 x916,23
6434,Nancy Baumbach PhD,Marjorie.Bosco57@example.com,Watsonhaven,494.918.9107 x26478,64
6435,Holly Quitzon,Debra6@example.org,Stillwater,1-321-958-0453 x1314,30
6436,Essie Barton,Wilma_Sanford@example.com,West Valley City,888.660.9747,62
6437,Mr. Garrett Jacobs,Faith.Hirthe50@example.net,Ivahton,269-275-1182 x526,48
6438,Shaylee White,Norma66@example.com,Mariefield,(228) 982-5665 x82660,54
6439,Mr. Ruben Wisozk,Angelina_Dicki29@example.org,Oberbrunnerhaven,(899) 776-7256,28
6440,Mrs. Earline Osinski-Armstrong Sr.,Madison.Champlin@example.net,Cartwrightfurt,811-918-5788 x4063,59
6441,Sylvester Harber,Marguerite81@example.com,North Cesar,(785) 982-5742 x20004,32
6442,Alfredo Gusikowski,Billy.Spencer12@example.com,Canton,540-586-7853,30
6443,Jerrod Yost,Faye.Bahringer@example.org,Walterland,538-879-1610 x10683,59
6444,Mrs. Katlyn Luettgen,Myrl80@example.com,Manteborough,811-317-2800 x428,27
6445,Abraham Tremblay DDS,Leonor_Zboncak@example.org,Connton,(335) 730-5152,57
6446,Jermey Morar,Nelson.Sporer53@example.org,South Cathryn,1-265-422-5322 x8152,56
6447,Gunner Miller,Payton.Collier@example.org,Fort Destinmouth,983-518-3327,19
6448,Justin Moore,Freda9@example.org,South Gretchenworth,(913) 621-7908 x530,61
6449,Chaz West,Miguel24@example.com,New Kellen,260-467-2765 x93239,56
6450,Ms. Lynda Howell,Cody_Heidenreich@example.org,Port Melissachester,1-564-425-0098 x678,50
6451,Jake Crona,Ricky36@example.org,Carmel,1-723-787-3073 x491,49
6452,Mona Strosin DVM,Maureen_Harvey3@example.net,North Royalberg,(466) 416-2627 x43425,40
6453,Duane Weber,Herminio.Ondricka@example.org,North Garfield,321-275-0079 x338,52
6454,Howard Gleason,Tomas_Kuphal90@example.net,Fort Kimberlyburgh,1-696-257-7176 x826,22
6455,Zackary Huels,Eleanor_Halvorson86@example.org,Lunatown,960.469.9135 x52581,18
6456,Clint Daugherty V,Neoma.Wyman27@example.com,Bodebury,896.383.3299 x867,52
6457,Wesley Fay,Larue.Hirthe55@example.com,Eugene,(278) 951-6935 x6926,34
6458,Delphine Huels II,Moriah.Wiza@example.net,Moriahview,750.487.5824 x7919,47
6459,Lorene Grant,Waylon_Boehm-Stamm74@example.net,New Averyhaven,1-633-899-9632 x880,44
6460,Jerome Sauer,Rosemary61@example.com,Berkeley,1-621-680-7957,40
6461,Monica Cronin MD,Edna.Kozey@example.com,South Germaine,669.571.4153 x394,27
6462,Katrina McLaughlin,Darlene_OHara0@example.org,Teresachester,339-641-6486 x35230,42
6463,Kristi Smitham-Prohaska,Savannah_Schuppe35@example.com,Ricestad,591-874-9036,57
6464,Luis Abshire,Yadira.Torp-Murray@example.net,Fort Edgardo,330.729.6803 x87412,38
6465,Randal Medhurst,Garrett.Powlowski@example.net,Welchchester,470.237.1671,38
6466,Muriel Feest,Yvette_Lakin29@example.com,Quitzonside,567-543-5480 x727,24
6467,Edwin Beier,Cecelia79@example.net,New Janeboro,942.290.6444 x410,49
6468,Amelia Gleichner,Krista_Ondricka74@example.org,San Bernardino,785.210.8137 x757,33
6469,Nya Gleason PhD,Torey_Ondricka20@example.org,New Daisy,(657) 933-1127 x382,45
6470,Alvin Klocko-Carroll,Alejandro35@example.org,Franeyhaven,1-500-300-6779,53
6471,Denise Ebert,Jeffery47@example.net,Lake Vena,567-602-0367,60
6472,Arlene Waters,Carissa_Armstrong@example.org,New Danny,910-429-7225,44
6473,Felicia Harvey,Antonia48@example.net,Mariamshire,1-310-781-0152 x3291,27
6474,Abdullah Grimes,Annamae48@example.com,Fort Nicholeland,(308) 613-0817 x559,55
6475,Kyle Conroy,Eino31@example.com,Fort Juanitacester,1-999-579-2472 x691,41
6476,Mr. Blaze Bode,Andre.Sauer@example.org,El Centro,1-950-549-4933 x624,49
6477,Ms. Kayla Labadie,Brain_Toy17@example.org,Centennial,336.887.0208 x70455,25
6478,Ubaldo Denesik,Fernando51@example.org,Kassulkefield,572.511.5382 x9714,27
6479,Troy Herzog,Cesar.Kohler81@example.net,Killeen,910.690.1635 x41602,18
6480,Joanne Kuvalis,Julio.Dooley@example.org,Selenachester,702.405.4135,59
6481,Kaylah Wyman,Olivia.Rogahn7@example.net,Kihnport,(352) 373-2823 x11337,31
6482,Jadyn Turner,Alonzo_Howell@example.org,North Kelsiestead,395.936.9377,61
6483,Mrs. Jaydon Renner,Ernie_Predovic3@example.com,Michelestead,1-214-999-7693 x684,38
6484,Devon Lemke,Dianna62@example.net,Lake Rosestad,1-971-573-2850 x28951,47
6485,Jeannie Farrell,Willie.McDermott16@example.org,Kettering,(492) 806-5063 x3570,27
6486,Dr. Jimmy Jerde,Carli_Gerlach64@example.com,Revere,331.895.5314 x25348,33
6487,Buddy Gorczany,Ginger47@example.net,New Alfredashire,927.201.1169 x698,19
6488,Mr. Michale Effertz,Jordyn87@example.net,Baumbachberg,838-435-3106,63
6489,Brisa Jones,Guy.McKenzie10@example.org,Homestead,1-579-588-1911 x3627,41
6490,Ignacio Cole II,Shea_Marvin35@example.com,Barnstable Town,829.293.3985 x509,24
6491,Zachary Schmidt,Mildred_Oberbrunner-Balistreri@example.com,Joannboro,1-734-290-0612 x366,62
6492,Ms. Abby Stehr,Dan.Schinner@example.com,North Lauderdale,1-736-713-0131 x1444,47
6493,Bryce Koelpin,Jake.Marquardt27@example.org,Mountain View,1-289-571-4094,29
6494,Celia Satterfield-Gusikowski,Barbara.Klein51@example.org,Lake Casimir,(920) 572-3396 x1546,65
6495,Mrs. Josefina Graham II,Leonard.Carter-Haley@example.org,Fontana,496.303.2136 x896,29
6496,Danny Ritchie,Paula_Prosacco67@example.org,Jaidaland,436-707-8832 x2911,50
6497,Mr. Ross Hansen,Florine54@example.com,West Laura,(228) 909-8769,19
6498,Okey Steuber,Johnathan_Rutherford8@example.org,Brownsville,1-297-942-9705,29
6499,Marley Breitenberg,Edwardo.Kuhn@example.org,East Ronaldfurt,284.568.2447 x749,39
6500,Sheldon Feil,Kendra.Fadel88@example.com,Baltimore,601.702.1054 x291,42
6501,Joseph Ziemann,Mose_Graham@example.org,West Landenberg,(338) 218-4494 x795,22
6502,John Witting,Maida.Fritsch84@example.org,Lake Maymietown,496.373.5787 x486,46
6503,Nikko Bernier,Orville.Runolfsdottir44@example.net,Frankiebury,1-674-954-2853 x7692,53
6504,Mrs. Fae Gislason,Dario2@example.org,Alfonsoville,1-322-779-0639,63
6505,Emmett Kuphal-Macejkovic,Pasquale.Morissette@example.net,Ankeny,904.796.3985,22
6506,Kendra Wehner,Wiley.Hills-Donnelly@example.org,Blockhaven,411-532-0346 x105,55
6507,Mr. Jason Runte,Ginger.Christiansen@example.net,Merrittberg,318-381-8516,56
6508,Gus Kerluke,Heloise.Walter84@example.com,Paulettetown,(875) 854-8829 x81409,28
6509,Roberto Ruecker-Rohan,Sonny_Murray@example.org,Port Bertramfort,(219) 599-7655,61
6510,Nadine Runte DDS,Aylin.Nader@example.com,Jakestad,460.984.6901 x4115,35
6511,Joyce Hartmann,Nicholas.Koepp31@example.org,Goodyear,676.450.0961 x61861,56
6512,Marta Jast IV,Omer16@example.com,South Elsie,311.366.8275 x8769,46
6513,Rick Barton,Norman.Turcotte@example.net,Veracester,(813) 515-7009,47
6514,Chester Pouros,Emmanuel.Kub@example.org,Donnellfurt,1-477-641-1886 x71158,58
6515,Loyal Konopelski IV,Jessica_Tremblay@example.org,Warren,774-487-1958 x02809,62
6516,Arlie Walter,Kenyon_Abbott@example.com,Napa,549.438.5299 x9447,55
6517,Therese Gislason,Taurean_Bogan@example.net,Hanford,(282) 631-5716 x1495,59
6518,Lorraine Haley,Roosevelt_Prohaska@example.com,Wunsch-Hettingerchester,(693) 955-9381 x355,24
6519,Markus McGlynn,Marilie.Schinner@example.net,Mittieport,1-975-368-8854,33
6520,Tricia Bruen,Esperanza_Stanton@example.org,West Gildaburgh,(352) 215-3927 x858,21
6521,Lamar Schultz,Irvin_Sporer@example.net,Fort Bob,1-394-448-5224 x75841,44
6522,Mr. Arthur Herzog,Rodolfo_Carroll@example.org,Denesikworth,622.475.8144,39
6523,Hosea Fahey,Caleigh_Ullrich@example.org,Peabody,(386) 728-2674 x23082,51
6524,Jacquelyn Christiansen MD,Darrin_Emard@example.org,Hillsbury,607-220-3978 x2041,58
6525,Annabelle Deckow,Terry.Quitzon34@example.com,Fort Hellen,(266) 654-0650 x03055,30
6526,Jaunita Will,Eulalia66@example.net,Berwyn,249-202-3031,36
6527,Kali Champlin,Melissa.Ferry@example.org,East Archietown,(739) 508-0544 x8641,61
6528,Claudie Gerhold,Alonzo.Koch@example.com,Streichstad,508.634.9072 x554,61
6529,Aleen Franey,Ira.Abbott12@example.net,Francesberg,415.793.0130,19
6530,Dr. Jill Turner,Virgil75@example.org,West Winonamouth,229-484-4172,35
6531,Bradley Schumm,Carlotta_Denesik42@example.net,Jennaport,1-239-330-4604,48
6532,Napoleon O'Hara MD,Buck36@example.net,Royal Oak,1-202-706-6026 x04119,29
6533,Mr. Immanuel Paucek,Trey_Stracke25@example.org,Fort Joana,781-894-1674 x4710,61
6534,Glenda Boyle,Hadley.Kling@example.org,Reingerville,(975) 891-4349 x6645,29
6535,Claire Leannon,Tyrone49@example.net,East Mckayla,703-509-1935 x1739,43
6536,Bianka Skiles,Arnoldo_Pouros80@example.net,Lake Mattfurt,541-920-2147,38
6537,Ada Grant,Bernadette35@example.net,Leticiaside,1-484-253-0516,55
6538,Alejandro Brakus,Gregoria_Olson@example.net,Hildaville,(673) 728-6679 x43410,61
6539,Ms. Dorothy Yundt,Keyshawn43@example.org,Stockton,549-567-6210 x34811,39
6540,Jennings Jacobi,Austyn97@example.org,Findlay,(537) 901-5724 x6261,37
6541,Alfredo Schimmel,Fred66@example.org,Santa Ana,435.371.4159 x946,54
6542,Carmen Bailey DVM,Adriana74@example.net,Ziemecester,1-937-465-8553,21
6543,Patience Ortiz II,Lucia.Tremblay95@example.com,New Terrifield,279.212.5789 x15899,52
6544,Dusty Cruickshank,Elaina.Raynor@example.com,Chesapeake,(835) 614-9779 x0423,38
6545,Clyde Rosenbaum,Allie_Emmerich@example.com,Rubenport,552.296.4760 x62886,42
6546,Bobby Borer Sr.,Emilio9@example.net,Port Dee,1-324-802-1667 x60498,44
6547,Leonora Halvorson,Oren_Borer@example.org,Lake Luisastad,(227) 320-0304 x89845,25
6548,Ross Flatley,Zachary.Ferry@example.net,Kaylahburgh,361.732.5643 x7946,57
6549,Dixie Mertz,Jeffery74@example.net,Stevencester,(348) 537-6706 x4751,50
6550,Margarita Connelly,Brandy.Dietrich@example.net,Port Victoriaview,(474) 289-8569 x70693,43
6551,Dallas Ondricka,Earl.Deckow7@example.org,Modesto,1-815-223-2639 x3709,45
6552,Enoch Gulgowski DVM,Laura_Herman45@example.org,Erie,1-716-487-0070 x70348,50
6553,Mr. Delpha Franey,Darnell.Miller28@example.net,East Javontestad,1-616-455-7074,41
6554,Earline Pouros Sr.,Greta92@example.com,Port Holliefield,210.793.1987 x4151,53
6555,Helen Howe,Virginia_Wisozk@example.org,Kansas City,786-427-1749 x057,43
6556,Fredrick Auer,Clint_Farrell@example.net,Coeur d'Alene,499-671-8640 x0552,39
6557,Matthew Zulauf,Bertha64@example.com,Osinskiside,221-272-5048,51
6558,Holly Nitzsche,Kent.Turcotte@example.net,East Marleneburgh,(667) 580-0053,50
6559,Anahi Jast,Stanford_Streich19@example.com,Las Vegas,885-871-0448 x74429,59
6560,Jeannette Koss,Hiram_Heathcote81@example.com,Greenholtshire,1-828-328-1470,31
6561,Kenneth Kertzmann,Joanna29@example.net,Schadencester,1-418-690-0683 x536,53
6562,Erma Fritsch,Traci29@example.org,Pocatello,626-467-6752,57
6563,Julian Toy,Shanel_Schulist48@example.net,Jessestead,859.247.2569 x421,62
6564,Jeanette Pouros,Cathryn7@example.com,Euless,913-403-1612 x375,62
6565,Miss Sylvia Schroeder,Art29@example.net,Rosafield,1-488-918-2539 x74476,54
6566,Narciso Schulist,Clint.Ryan72@example.net,North Vitaville,1-934-767-4872,47
6567,Molly Denesik,Naomie13@example.net,Philfort,(886) 320-7932 x588,32
6568,Jammie Cormier,Brannon_Ratke@example.org,South Olgaport,685-709-3071 x90683,57
6569,Hattie Towne PhD,Melany_Herman@example.net,New Kiaramouth,990-389-7445 x2931,41
6570,Ms. Erika Feeney,Dortha95@example.net,Reilly-Funkside,497-600-9305 x916,33
6571,Bob Rohan,Eula_Gottlieb@example.net,Camden,322.587.1387 x74174,38
6572,Sabrina Abshire I,Trudie.Oberbrunner44@example.net,Kilbackstead,(422) 651-2295,23
6573,Treva Fadel,Felipe17@example.net,East Berniece,(485) 236-7578 x1429,61
6574,Mrs. Antwon Carter,Ashly14@example.com,Lake Eliside,(429) 615-9322,24
6575,Jayme Lynch III,Rosalie_Reichert31@example.net,Mosciskitown,(249) 394-3497 x3734,34
6576,Clifford Powlowski,Sabryna1@example.org,Jerdeboro,(365) 436-1981,18
6577,Colin Kautzer,Barbara.Hane60@example.com,Stamford,469.439.5432,28
6578,Katie Mertz,Eula68@example.com,University,(492) 613-1972 x587,59
6579,Becky Dach,Opal.Smitham84@example.org,Anissahaven,893.437.6500,40
6580,Cecil Schimmel,Gayle_Bayer48@example.net,Malachiland,667.512.5893 x5227,43
6581,Brandy Davis-Hintz,Sara_Towne@example.com,Austinstad,597-863-2185 x4479,61
6582,Nelle Nitzsche,Ayla_Beier@example.com,East Nolaside,902-688-5721 x0311,64
6583,Lorenz Connelly MD,Faye.Runolfsson@example.com,Katlynland,(943) 627-5879 x6347,24
6584,Wilhelmine Reinger IV,Bertrand.Williamson@example.com,Lompoc,683.275.4763 x80801,28
6585,Guillermo Jaskolski,Joanna_Casper@example.org,Medford,305.538.0465 x639,59
6586,Gaston Brown,Eugenia65@example.org,Fort Franco,879-864-5872,50
6587,Andrea Jaskolski,Torrance_Boyle17@example.org,Fort Carolina,551-830-5340 x28993,63
6588,Nichole Crona,Cynthia.Wunsch@example.com,South Jeromeshire,(748) 496-7740 x9539,23
6589,Lucia Rau,Mason_Johnson@example.net,Parkerport,(220) 370-1668,46
6590,Ms. Providenci Haley,June.Carter50@example.com,Hayward,1-204-845-2268,49
6591,Bobbie Halvorson,Darryl.Frami34@example.net,East Tyler,1-932-666-9412 x861,28
6592,Triston Keebler III,Alison_Farrell36@example.com,East Arnulfofield,339-965-6774 x03156,51
6593,Della O'Conner,Carla99@example.org,Stromanside,624-831-9231 x49601,47
6594,Maegan Sauer,Candice.Ferry81@example.net,West Jeff,771.530.7271 x4322,37
6595,Alia Paucek,Greyson10@example.com,Walshborough,1-820-858-6432 x929,25
6596,Emily Larson,Kenny_Gibson@example.org,Stratford,496-865-7744 x634,36
6597,Israel Muller,Jerald_Green50@example.net,Lake Augustine,473-704-2108 x480,19
6598,Ramiro Zemlak,Ambrose_Will5@example.com,Pleasanton,674.316.7756 x60235,35
6599,Nick Mann,Else_OKeefe@example.com,South Randistad,(540) 846-7670 x811,34
6600,Jana Hilll III,Lyle_Cormier72@example.net,Wavaburgh,1-886-802-5986,40
6601,Otis Heathcote,Jimmie.Kuphal-Kulas29@example.com,Khalidfurt,1-338-906-8502,47
6602,Kimberly Bode,Gregory_Larson25@example.org,Rutherfordmouth,556-542-9827 x36268,32
6603,Dr. Wayne Kessler,Jimmie.Lakin@example.net,Bergnaumview,(930) 662-9171,37
6604,Miss Christy Hackett,Adan.Morar@example.net,Bahringertown,(522) 963-3561 x0177,43
6605,Floyd Deckow,Jayden_Rodriguez@example.org,Reynoldsmouth,(510) 682-7167 x62608,64
6606,Delia Kuhn,Ward.Kessler85@example.net,Lake Eloisechester,917-776-9958,27
6607,Alvin Glover,Blanca_Abshire-Bergstrom@example.net,East Veronicatown,(493) 980-2039,64
6608,Jaime Rohan,Dean.Ortiz@example.com,East Stanley,(512) 438-0099,38
6609,Ozella Boyer,Corrine_Bailey22@example.com,Lorain,881.401.1049 x82732,51
6610,Alize Hermann,Bridget50@example.net,Feltonberg,330-989-9273 x50170,20
6611,Emile Casper,Shelly_Langosh@example.com,Lindseyworth,(208) 713-2935 x2003,36
6612,Karl Wunsch MD,Janiya16@example.org,New Neoma,494.373.3490 x437,46
6613,Leanne Jacobi,Randal75@example.net,Gilbertburgh,821.593.1302 x2586,25
6614,June Jast,Wilbert84@example.org,Lake Rosemarieberg,274.458.1500 x92695,51
6615,Jessica Waelchi,Francesca_Halvorson@example.net,North Helen,(544) 221-3714 x6894,56
6616,Mr. Mustafa Kuhic,Flo17@example.com,Kellicester,898.406.3905 x9440,40
6617,Marquis Wisoky,Bernard_Bednar@example.net,Bashiriancester,643-652-5159 x96925,26
6618,Garry Legros V,Garrett.Schaden@example.org,Woodrowborough,1-237-891-7983 x6340,57
6619,Oswald Tillman,Ivy.Jenkins88@example.com,Davie,(577) 797-6030 x904,33
6620,Reilly Toy,Lorenz_DuBuque92@example.org,Watsonville,947.659.4121 x672,37
6621,Dwayne Howell Sr.,Luigi.Kreiger@example.net,Pasco,1-670-917-2074,26
6622,Buster Bins Jr.,Darrel.Mann@example.org,Fort Isaiasstead,485-320-1587,26
6623,Estrella Mante,Gerson.Nolan@example.com,Filibertomouth,678-468-5914 x90867,20
6624,Kathleen Franecki,Jefferey.Fritsch77@example.org,Jersey City,(862) 613-5561 x3599,37
6625,Rickey Cartwright-Marvin,Andreanne81@example.org,Demariobury,1-506-726-1326 x938,29
6626,Brandon Miller,Kaia57@example.com,Boyerfurt,(327) 602-9703 x8774,34
6627,Miss Annalise Zulauf,Homer64@example.com,Noemifurt,1-653-664-9962 x306,37
6628,Odell Toy IV,Israel_Wolf15@example.com,Laurianeworth,1-480-517-8874 x8311,45
6629,Rosa Muller,Modesto_Metz13@example.org,Manhattan,398.382.5979,21
6630,Bernadine Frami,Juston.Heaney@example.com,Littelview,656-546-9566 x6262,35
6631,Genevieve Schmitt-Langosh I,Kassandra_Jones24@example.net,Hettingerport,(642) 707-2053 x62860,51
6632,Eleanora O'Keefe,Rolando_Zboncak@example.net,Kerluketon,1-921-478-1295 x95159,19
6633,Andreane Bartoletti,Jodi_Cormier-Bogisich64@example.com,Port Bradfordville,(705) 284-4906 x7907,38
6634,Ashtyn Rippin DVM,Jade.Schneider@example.com,Parkerview,540.399.5789 x9608,38
6635,Kaleigh Green,Grady.Dickinson@example.com,Bahringerboro,848-946-9698 x312,52
6636,Jordyn Blanda,Sylvia77@example.org,Lake Chesterville,(631) 342-4273,51
6637,Otto Kunde,Cecil.Hessel@example.com,Lake Martineboro,301-881-3881 x146,25
6638,Kimberly Hayes MD,Ian72@example.net,South Isai,883.634.3500 x8026,32
6639,Juana Rowe,Millie_Strosin@example.com,Emmetcester,903-304-6204,42
6640,Eula Larkin,Shelia_Goyette21@example.org,Fadelport,860-532-4545 x9277,30
6641,Marguerite Walter,Benny54@example.com,New Allison,(950) 399-3786 x09982,25
6642,Jeanette Macejkovic,Karine.Muller92@example.com,Albany,(589) 584-7218 x8104,37
6643,Felipe Streich,Rudy_Kutch50@example.com,Coltenmouth,539-714-5855 x6663,60
6644,Eleanor Kutch,Teri_DAmore16@example.org,Jayceemouth,559.469.9443 x80655,21
6645,Charlene Bartell DDS,Trey1@example.net,South Lolaton,1-274-980-3930 x06982,28
6646,Anita Kemmer DVM,Toni.Ruecker0@example.org,Williamfield,(940) 436-9530 x577,58
6647,Franklin Spencer V,Julia_Mann69@example.org,East Belindaville,1-874-468-3675 x52251,38
6648,Laurence Baumbach DDS,Deontae_Dare97@example.org,Port Teresa,(217) 880-8718 x55811,48
6649,Becky Baumbach,Darian83@example.org,Fort Trever,(614) 461-3963 x71327,39
6650,Orlando Walker,Margie_Bernier17@example.org,West Eleonoreworth,(293) 550-4484,56
6651,Roman Hintz II,Jenny_Osinski@example.com,Melodymouth,1-578-652-1215 x61827,60
6652,Adam Veum,Boyd_Padberg60@example.net,Port Claytonton,1-688-935-0587,35
6653,Mikel Abshire,Frankie_Gibson95@example.com,Filomenaport,249-212-7457,63
6654,Camden Ondricka,Cristian_Russel@example.org,St. Joseph,419-420-8741 x99304,58
6655,Mrs. Sabrina Schneider,Joy.Legros@example.org,Strackeborough,623-493-8315 x37664,56
6656,Mr. Lexi Mayer,Noelia27@example.net,New Joshua,730-884-4274 x643,26
6657,Mr. Lauretta Mayert,Perry_Osinski@example.org,New Lorene,1-265-757-6394,44
6658,Johnny Hansen,Evelyn99@example.org,East Alfredbury,(484) 666-3975,56
6659,Wanda Kautzer,Heaven.Heaney1@example.com,New Ellaport,(316) 350-7903 x6615,49
6660,Newell Dicki,Kate7@example.org,Laredo,1-845-495-3655 x385,19
6661,Mr. Rico Sanford-Lind,Ophelia_Weimann@example.org,New Davon,(903) 915-8520 x33113,29
6662,Melissa Kessler,Roxanne.Hills95@example.com,Lake Austynburgh,690-407-5826 x47050,40
6663,Darnell Runolfsson-Fadel,Corey.Dibbert48@example.org,Sengertown,1-400-714-4955 x05876,31
6664,Samantha Ruecker,Audrey_Kuhn19@example.org,O'Keefeshire,822-740-9290,50
6665,Herman Maggio,Marcelino_Gislason68@example.net,Port Griffin,292.510.7627 x85748,46
6666,Melissa Schroeder,Mamie_Lebsack21@example.org,Weimannstead,371.204.3096 x84719,32
6667,Dereck Waters,Maxine_Wunsch29@example.com,Leostead,1-967-648-0060 x06955,58
6668,Sigurd Hauck-Luettgen,Kevin3@example.org,Fort Guillermo,(767) 904-7011 x56364,37
6669,Quincy Dooley,Phil4@example.com,New Mariamport,1-649-981-8764 x231,31
6670,Anita Orn,Minnie_Willms@example.com,Meridian,1-200-609-5288 x21996,44
6671,Laura Abshire,Karolann_Boehm-Schneider@example.org,Miami,1-911-319-7327 x76050,29
6672,Olga Considine,Malachi.Becker88@example.com,Margate,645-706-5480 x55282,26
6673,Yesenia Ryan,Kristie_Langworth52@example.net,Modestoville,604-969-4488 x19481,43
6674,Ellis Schumm,Edwina93@example.com,South Jonathanland,867-558-7553 x083,23
6675,Luis Terry-Kerluke,Erin29@example.com,East Cindyton,541-945-9701 x4195,30
6676,Kyra Gleichner,Cecilia_Funk@example.com,Minnieland,(337) 556-9005 x39930,49
6677,Andrew Simonis,Hardy.Schowalter@example.com,Emmanuelleland,943.707.6735 x931,50
6678,Essie Paucek,Alena_Kuvalis29@example.org,Fort Jane,467-949-6206 x8122,46
6679,Darryl Kuhic,Lexus21@example.org,Garden Grove,1-689-783-7223 x1463,53
6680,Adrien Predovic III,Valentine31@example.com,Fort Jaquelineberg,372.576.6679 x715,23
6681,Dexter Haley,Sage30@example.org,Lempiborough,1-584-498-2402 x62908,51
6682,Mary Schumm,Sherry_Hoppe@example.net,Jacobsonland,904-617-8563,21
6683,Frankie Hudson,Carlos.Schaefer@example.net,Boganfurt,366-736-2423 x0688,31
6684,Mrs. Doreen Mertz,Erica.Bernhard36@example.com,Balistreriworth,357-278-0702,44
6685,Hunter Schoen,Caleb_Blanda57@example.com,West Lea,657-458-4415 x5569,43
6686,Roman Reichel II,Dallas.Fahey@example.com,East Connieberg,837-342-1129 x5960,57
6687,Hyman Hauck,Teri72@example.net,Urbandale,1-813-660-0529 x9709,33
6688,Vernie Bauch-Swaniawski,Loren_Auer75@example.net,Lynchboro,680-955-1442 x04152,18
6689,Miss Thea Feest,Dora.Carter0@example.com,Palatine,414-752-0711 x2617,36
6690,Fernando Haley,Rebeca97@example.org,Port Kianfield,1-712-663-6868 x5874,60
6691,Antwon Kub,Ryann.Kilback31@example.org,South Rebecca,(851) 229-9661,42
6692,Stefan Steuber DVM,Obie.Green44@example.net,Lenexa,249-301-3435 x6810,26
6693,Mr. Dwight Collier,Stephanie.Carter32@example.com,North Philip,1-989-833-2028 x1247,60
6694,Alexandrine Stamm I,Rolando.Schumm@example.net,New Christina,459-566-6480 x645,57
6695,Dr. John Wisozk,Brent.Block41@example.net,Mackside,1-685-519-0360 x8376,23
6696,Dewayne Adams,Elena_Langosh@example.org,West Greggtown,1-863-430-2139 x8917,51
6697,Darrel Abbott,Caleb_Welch54@example.net,Hilpertbury,(977) 647-0848 x17316,20
6698,June Collier-DuBuque,Kent34@example.net,Carrollcester,510-314-4966,42
6699,Julie Rohan,Betsy.Ruecker@example.org,St. Charles,608.453.4661 x370,50
6700,Khalil Gusikowski,Elisa.Balistreri@example.com,Kalamazoo,1-372-879-5443,22
6701,Florencio Davis Jr.,Felicia48@example.org,New Blanche,1-613-522-0542 x0138,36
6702,Cedric Boehm,Edmund.Rolfson2@example.org,Pensacola,658.823.1300 x85019,44
6703,Adalberto Kulas,Melanie_Dooley@example.com,Desireeton,1-872-745-7355,22
6704,Estefania Hansen,Dean_Daugherty79@example.org,Bell Gardens,546-615-2748 x40422,23
6705,Lance Ankunding MD,Eduardo.Leffler@example.org,Kunzeville,1-215-314-5174 x484,31
6706,Sincere Brakus,Wyatt_Tremblay@example.com,Grantburgh,525-219-2497 x071,53
6707,Jill Waelchi,Agnes.Emard@example.org,El Monte,888.295.4460 x177,40
6708,William Boyer-Russel,Shirley.Pagac76@example.com,Farrellberg,709-421-3969 x3713,55
6709,Holly Muller,Jonathon.Wiegand60@example.com,West Braxtonton,988-281-4152 x6678,40
6710,Lambert Lang,Linda.Bogisich80@example.com,Chicago,(762) 873-8465 x497,20
6711,Chester Haag Sr.,Pearl67@example.org,Jefferson City,540-371-2413,33
6712,Phil Lindgren,Dallas.Lockman@example.com,Port Naomieport,988-916-4719,48
6713,Kory Dickinson,Ursula_Corkery33@example.net,Jacobsonchester,487-490-4909 x0170,34
6714,Jacynthe Willms PhD,Erika.Smith@example.net,Deweyside,1-460-435-6531 x1617,42
6715,Damaris Fadel,Bernard_Rohan@example.org,DeSoto,(986) 977-7488 x18272,24
6716,Pamela Ortiz,Chester.Powlowski53@example.net,Ameliaside,1-624-281-8976 x34079,20
6717,Mrs. Zoila Waelchi,Jerry.Rosenbaum23@example.com,Santa Fe,1-237-615-7933 x247,58
6718,Laura Blick,Claudia.Runolfsdottir50@example.com,Labadieland,512.470.2805 x451,21
6719,Mr. Aurore Pollich,Justin.Hodkiewicz81@example.com,New Vicky,286.749.0416 x258,51
6720,Jacob Ondricka,Myra.Lynch36@example.net,South Gonzalo,(319) 478-9004 x5284,35
6721,Irene Franecki,Erik_Bechtelar-Marvin94@example.org,Honolulu,1-399-676-8760 x702,50
6722,Kristin Gutmann-Pollich,Leona.Erdman78@example.net,Hollyburgh,438.988.6630 x7790,50
6723,Greta Olson,Dusty.Goyette@example.net,New Wilson,(648) 680-0621,44
6724,Kenyon Turner,Lenna21@example.net,Gastonia,1-701-626-2109 x286,43
6725,Carey Douglas,Alexa_MacGyver@example.com,Richardson,(711) 992-1444,28
6726,Brigitte Kilback,Daniela.Hoppe-Cole64@example.net,Lorishire,(864) 521-6792 x396,48
6727,Brendan Skiles,Hubert_Hartmann62@example.org,Wintheiserfort,984.799.9111 x2540,35
6728,Abelardo Homenick,Lucas.Rutherford24@example.org,Weimannport,555.794.0545 x671,37
6729,Jacques Kohler,Solon24@example.com,North Mina,1-265-729-8152 x091,19
6730,Lemuel Considine,Judge_Durgan-Becker25@example.net,Ricardomouth,678.936.5724 x35693,56
6731,Delmer Frami,Teresa_Collier12@example.net,North Micheal,1-285-664-9699 x2888,44
6732,Brooks Boehm,Stanley3@example.com,Port Tiffany,478.463.7559 x70165,34
6733,Dr. Morris Breitenberg,Maribel.Rogahn@example.com,Muellermouth,1-748-279-1851 x7231,33
6734,Maurice Baumbach,Regan84@example.org,New Scottiemouth,(843) 395-6140 x7131,54
6735,Ronald Terry,Beaulah24@example.com,Port Jalon,473-425-4862,19
6736,Abdullah Lindgren,Darryl.Altenwerth85@example.org,Lefflerburgh,(597) 500-4588 x075,57
6737,Euna O'Keefe,Lamar.Hegmann32@example.net,Pomona,904.470.1134 x18302,51
6738,Stanton Lynch,Garnet.Lindgren@example.org,Oak Lawn,1-226-626-4443,65
6739,Rashawn Thiel DDS,Cassie24@example.org,New Flossie,1-274-508-0841 x79467,55
6740,Eddie Bartoletti-McGlynn,Curt73@example.net,Kutchshire,485-772-5643 x945,36
6741,Darin Heaney,Marley72@example.org,North Sim,1-272-474-8851 x36467,51
6742,Elfrieda Bahringer,Rosemarie.Sipes@example.com,Olathe,1-544-674-7767 x8386,35
6743,Chyna Strosin-Hamill,Blanche_Ritchie37@example.com,Handfield,1-648-579-9015,44
6744,Javier Johnston,Constance_Raynor58@example.org,Hilo,627-730-7176,61
6745,Steven Rohan,Delores_Welch84@example.org,Shannonstad,(258) 489-1165 x79325,63
6746,Glenna Klein,Vera37@example.com,West Melissa,(266) 689-4472,55
6747,Debbie Bernhard,Jaron.Hyatt@example.net,Palmdale,(578) 506-7814 x71912,24
6748,Leonard Kreiger,Maymie_Buckridge@example.net,South Magdalen,482-679-0413 x25360,53
6749,Margot Crooks,Curtis_Macejkovic@example.org,South Jeanette,359.390.4168 x4552,43
6750,Kari Yundt,Paige_Leannon20@example.org,Yostfurt,(407) 390-1112 x64384,48
6751,Casper Nader,Richmond20@example.com,Gradystad,1-743-451-8606,63
6752,Van Schultz,Krystal_Nikolaus26@example.com,Port Jaredstad,691.241.6070 x64277,20
6753,Ms. Britney Crooks PhD,Zachariah.Graham@example.net,South Alison,1-913-451-6917 x85460,55
6754,Mr. Estevan Gleason,Lenny.Gislason76@example.net,South May,1-978-297-0514 x14977,44
6755,Sibyl Oberbrunner DDS,Corene42@example.com,Port Alana,1-207-850-0636 x423,28
6756,Caroline Harris,Orville.Williamson@example.org,Vickystad,782.723.4029 x88169,35
6757,Lindsay Nader,Justyn.Franecki@example.org,Mitchelborough,(414) 838-7613 x2737,40
6758,Miss Alison Davis,Name_Thiel@example.net,Bennyside,255-915-3261 x16771,60
6759,Shirley Ebert-Greenfelder III,Edwina.Renner85@example.com,Lake Ronnie,383-342-9273 x171,21
6760,Lula Wyman III,Sophie75@example.com,New Treva,(359) 924-8196 x4931,41
6761,Orlo Cartwright,Betsy_Cassin69@example.org,Lake Marlon,(568) 416-5399 x61196,27
6762,Brain Kassulke,Dale.Hagenes27@example.org,Port Scott,402-384-7558,26
6763,Brooke Gerhold,Walton.Cassin44@example.org,Hicklehaven,689.566.6387,43
6764,Pablo Nader,Marcia.Daugherty@example.net,Decatur,(531) 793-3311 x130,41
6765,Mindy Krajcik,Cesar68@example.com,Jasttown,1-276-672-7301 x3287,35
6766,Roland Stehr,Armani_Ward-Boyer53@example.com,Port Randalburgh,(849) 717-6082 x29428,42
6767,Dr. Kiara Bednar,Chet47@example.org,Brittanycester,686.789.8400 x945,41
6768,Heidi Hansen,Derrick45@example.org,Carminefort,1-465-422-2928 x17032,52
6769,Drew Romaguera,Alice21@example.net,Lorenzostead,(241) 540-8465 x99960,38
6770,Travis Jacobson V,Kay74@example.org,Aylastead,(363) 945-2102,29
6771,Dr. Salvatore Rohan,Helen1@example.org,Mount Pleasant,990.224.9284 x9493,60
6772,Caroline Zboncak,Clark56@example.net,South Fayeville,(582) 394-4318,21
6773,William Spinka,Michael14@example.com,West Mattie,(367) 951-2271 x60848,35
6774,Madonna Mills I,Kathryne92@example.net,Zenastad,638-593-8643 x579,57
6775,Sylvester Hamill,Dell91@example.com,Asamouth,(533) 287-2226 x15143,64
6776,Molly Dicki,Katharina_Feeney-Carter@example.net,Windlerland,1-885-346-9948 x3359,47
6777,Sylvan Steuber,Rosalyn85@example.com,South Orvillestad,342-676-5126 x23057,62
6778,Miss Alivia Gutmann,Tremayne.Botsford28@example.com,Albertotown,1-277-438-5747 x65559,63
6779,Major Dietrich,Lela50@example.net,Sterling Heights,341.295.9713 x441,31
6780,Leroy Ruecker,Damion_Lebsack@example.com,Alonzochester,1-961-913-0176,46
6781,Mr. Homer Schuster,Dangelo.Veum@example.com,Rickbury,1-846-397-0370,22
6782,Jorge Nitzsche PhD,Blanche_Corkery-Goyette@example.net,North Harley,1-935-622-1294 x79059,45
6783,Angie Kutch-Stoltenberg,Clarence_Lueilwitz@example.org,San Jacinto,1-481-249-3524 x42075,56
6784,Shana Bartell,Shane42@example.net,Farmington,1-473-968-0508,33
6785,Verner Fadel,Palma.Keebler@example.net,Battle Creek,(602) 954-7374 x775,51
6786,Mrs. Jeannie Breitenberg,Houston_Rowe@example.net,Emiliaside,1-212-978-2408,36
6787,Hellen Mraz,Mindy_Morissette@example.net,South Yeseniaburgh,204.338.6671 x1068,19
6788,Spencer Prosacco,Brenda.Ziemann-Emmerich91@example.org,West Jena,(760) 372-6929 x109,60
6789,Arno Brakus,Mack.Schmidt@example.net,Chattanooga,1-592-878-0519,51
6790,Alessia Beatty,Burnice_Runolfsson@example.net,St. Louis Park,(455) 615-0806 x0631,27
6791,Diane Kessler,Miracle_Monahan@example.net,Emmyburgh,918-821-5276,37
6792,Margie Ziemann,Verna_Tremblay9@example.org,Weston,297.389.8353 x082,29
6793,Laron Lebsack,Domenico_Vandervort62@example.org,New Justinefort,1-714-966-7466 x6738,21
6794,Leonora Cormier,Harry22@example.com,Framingham,719.227.3523 x418,40
6795,Autumn Witting Sr.,Tricia_Reinger@example.net,Harberburgh,(245) 783-6873 x73015,23
6796,Destin Gutkowski,Kariane68@example.org,Volkmanfield,(364) 526-0779,31
6797,Brandyn Ortiz,Benjamin_Flatley90@example.net,Richardson,(866) 937-8321 x8044,57
6798,Juvenal Hamill,Joann.Denesik@example.com,Lake Natashaworth,(511) 911-5122 x20733,50
6799,Golda Steuber,Rufus_Bruen-Abshire@example.net,Willburgh,(564) 557-9903 x20177,47
6800,Holly Kuhn,Shana46@example.net,Lake Alonzo,(648) 323-3053 x03528,31
6801,Ms. Minnie Kessler MD,Sheldon_Heidenreich@example.org,Langstead,1-246-773-4696,61
6802,Joanne Klein,Tricia_Krajcik@example.com,Palm Beach Gardens,881-562-6955 x9157,43
6803,Jane Dicki,Sandy_Aufderhar33@example.org,Fort Pinkfurt,491-640-4781 x496,46
6804,Haven Pacocha,Antonetta.Kihn@example.org,Billshire,1-878-388-4448 x322,61
6805,Miss Molly Hand,Nicolas_Dare67@example.com,Camilaville,238-900-9340 x4395,58
6806,Krista Rogahn,Una36@example.org,West Elinoreborough,697-294-4329 x58672,32
6807,Tiffany Streich,Zachery.Littel@example.net,Blue Springs,1-591-757-4242 x69307,34
6808,Emanuel Collier,Maymie65@example.net,Milofurt,1-401-911-4780 x63297,42
6809,Ronny Barrows,Misael36@example.org,North Caliville,(844) 478-5011 x5490,58
6810,Janice Feest,Curtis.Tremblay74@example.org,North Chloe,470-371-6491,61
6811,Isidro Konopelski,Jacqueline_Grimes36@example.com,Fort Priscilla,(795) 589-0049 x958,31
6812,Jalyn O'Keefe,Christa63@example.net,Rowlett,(961) 482-1175 x78850,25
6813,Emile Lubowitz,Rufus53@example.net,South Kelleyfort,(604) 327-4997 x563,41
6814,Mr. Henri Waelchi,Amos.Zieme@example.net,Grand Prairie,1-772-293-6177,22
6815,Estell Beer,Rigoberto57@example.com,Felixside,1-742-496-6803 x42341,43
6816,Noelia Kertzmann,Conrad.Doyle97@example.org,West Pinkshire,(917) 558-7992 x71763,45
6817,Efren Erdman,Devyn73@example.com,North Loyshire,515-522-8394 x67507,18
6818,Benjamin Mohr,Megan.Hilpert@example.net,Fountainebleau,576-329-1931 x851,19
6819,Marcos Feeney,Angelina33@example.org,Corwin-Bahringerport,1-989-506-1316,23
6820,Al Mohr,Johanna.Orn@example.net,Wolffhaven,769.500.5477 x98643,44
6821,Ashlynn Marks,Wilhelmine_Jacobi-Carter@example.com,Covina,612.939.3141 x75580,26
6822,Aurore Denesik,Jedediah2@example.com,Fritzview,(921) 748-4599 x33418,21
6823,Cheryl Hodkiewicz,Vladimir_Jones75@example.com,Beerfurt,(710) 616-9598 x026,58
6824,Cielo Schroeder,Leticia.Abshire@example.com,Walkermouth,242-411-8523,31
6825,Maggie Franey,Holly_Stoltenberg-Bayer@example.org,Tustin,1-699-363-0353 x785,61
6826,Ms. Alvis Bosco,Mohammad7@example.net,West Cesar,(857) 625-1968 x62017,44
6827,Johanna Herzog,Dominic.Schamberger@example.net,New Hilma,(478) 236-1375 x6594,45
6828,Marie Padberg,Latoya_Hilll38@example.com,North Ramonafurt,255.213.7352 x5974,24
6829,Tyrique Von,Uriel.Batz73@example.org,Pico Rivera,(713) 923-3363,32
6830,Gloria Langworth,Ernest_Lueilwitz26@example.net,New Susanna,1-573-809-6078 x3714,31
6831,Adriana Hansen,Tyrone_Wilderman99@example.com,Smithworth,207-420-9010,45
6832,Lynne Sporer,Yessenia_OKon8@example.com,Macifort,990-310-8765 x8248,55
6833,Miss Tess Pfannerstill,Nikki.Oberbrunner@example.net,Danfield,685-757-0980 x17796,65
6834,Mathias Sipes,Cesar_Dietrich@example.com,New Ericberg,819.758.0298 x0974,19
6835,Ruby Larson,Zaria.Bergnaum@example.com,East Danielle,1-653-932-6600 x17529,25
6836,Candice Mosciski,Leo48@example.net,Jimland,1-902-932-4757 x05699,25
6837,Monserrat Fahey,Mireille67@example.net,Alessiaport,462-364-5482 x85624,56
6838,Boris Gulgowski V,Olen_Stiedemann24@example.org,Schmittborough,850.856.7542 x610,55
6839,Fleta Bogisich-Johns,Jared24@example.org,Kendale Lakes,442.864.1039 x9118,25
6840,Bradley Luettgen,Charlotte71@example.net,Thielbury,(607) 469-3295 x568,40
6841,Filomena Muller,Vera_Goldner@example.net,South Arleneville,(234) 261-4228,61
6842,Mrs. Minnie Rodriguez,Dovie_Waelchi92@example.com,South Merrittville,534.817.0697 x28343,33
6843,Ramiro Denesik,Traci94@example.com,Renton,258.840.0028 x671,35
6844,Eugene Bahringer,Freeman_Wolff@example.org,Crooksworth,860.544.3545,42
6845,Mindy Abshire,Breanna11@example.org,Genovevacester,1-932-588-1447 x70584,51
6846,Rita Hane,Janet.Nolan@example.org,Doracester,(794) 798-9719 x33617,22
6847,Dr. Gerard Nienow,Paul_Wehner@example.net,East Art,1-634-597-5358,43
6848,Kiley Daugherty PhD,Antonia94@example.net,North Huntermouth,392-405-0259,62
6849,Mrs. Ignatius Pagac-Witting,Fernando5@example.com,Bryan,345-819-6268 x635,18
6850,Lyric Bogan,Sherwood64@example.org,Bradtketon,1-318-561-3891 x58412,27
6851,Jennifer Veum-Boyer,Clovis.Lockman80@example.com,Grimescester,263-304-7205 x027,54
6852,Leonard McClure,Buster.Hackett@example.net,New Brunswick,583.916.5661 x8809,43
6853,Emiliano Maggio,Kelvin_Konopelski@example.org,Franeckistead,(845) 511-8315 x40292,30
6854,Piper Cartwright,Darwin.Kuvalis@example.net,Ocala,856-981-6288 x674,39
6855,Avis Barrows,Bridget_Lind85@example.net,South Hill,633-369-4164 x31470,46
6856,Mr. Jaleel Franey,Ronnie_Rempel77@example.com,Port Hebercester,278-398-8559 x12420,38
6857,Jillian Nolan II,Jammie_Koss@example.net,South Joy,846-686-5507 x5094,59
6858,Miss Dayton Carter,Keagan_Johnston89@example.org,East Los Angeles,471.574.4012,50
6859,Antoinette Wiegand,Dayna.Morar87@example.net,Haleytown,258.432.0111 x217,62
6860,Mr. Clifton Gleichner,Meagan.Kirlin@example.org,Coeur d'Alene,1-211-375-3264 x065,64
6861,Sim Koss-Bayer,Roger.Metz-Watsica93@example.com,East Tiffanyville,(716) 240-3389,32
6862,Murl Nolan-Zemlak DVM,Mina20@example.org,New Hope,881.968.2052 x8325,35
6863,Mr. Hudson McCullough,Israel1@example.com,Covina,1-662-553-4658 x2152,64
6864,Jamal Marquardt,Valerie3@example.org,O'Connerboro,1-971-844-0691 x14056,57
6865,Bill Buckridge,Deontae.Daugherty73@example.org,Hayward,(619) 764-1126,53
6866,Wilma Schinner,Meagan.Botsford@example.org,West Derickshire,1-775-775-4047 x2908,42
6867,Dr. Herbert Shields,Jeremie_McLaughlin@example.com,Cuyahoga Falls,1-263-860-9481,19
6868,Mr. Mckenzie Cummerata,Shad.Witting95@example.com,Dickinsonville,967.652.5950,29
6869,Hugo Robel,Emmalee.White@example.com,Sioux City,652.577.6613 x67415,31
6870,Lillie Bode,Janessa95@example.com,Collierville,603-427-9599,39
6871,Joyce Kuphal IV,Henrietta.Hegmann5@example.net,Mistybury,(499) 244-2543,48
6872,Mrs. Essie Satterfield,Alaina.Crist76@example.com,Lloydshire,804.705.3890,31
6873,Melissa Schowalter-Nicolas,Marlon_Beatty50@example.com,Tiarafield,430.310.7666 x0389,38
6874,Yolanda O'Connell,Ella35@example.net,Priscillaborough,231.795.5519 x34138,26
6875,Ms. Kristina Jaskolski,Manuel_Hegmann83@example.org,West Zechariahborough,343.363.6841,60
6876,Joan Wintheiser,Vernice.Ratke91@example.org,Kuhlmanton,1-397-478-7071 x7529,61
6877,Mandy Hand,Renee_Kozey45@example.com,Hilpertville,411.869.6888 x17486,65
6878,Debbie Hahn Jr.,Elias46@example.com,Collierville,1-413-330-6918 x8538,25
6879,Shawn Mueller-Greenholt DDS,Destini_Predovic@example.com,New Brunswick,(241) 522-6853,43
6880,Thad Little MD,Jedediah.Price16@example.net,Fort Katelynn,285-336-8832,40
6881,Mr. Tommy Zulauf,Gustave97@example.net,North Abagailstad,789.777.8845 x7756,33
6882,Ethelyn Weissnat,Elmer.Shields@example.net,South Cristina,(837) 658-1570,28
6883,Mack Wisoky,Frankie_Carroll99@example.net,Braxtonton,884.993.5842,62
6884,Vergie Ebert,Estel47@example.net,Robertberg,725.883.6749 x59093,52
6885,Sarah Morissette,Gilbert76@example.net,New Jacobport,674-966-8235 x549,29
6886,Miss Tammy Mosciski,Jeannie16@example.com,Artstad,662-865-5068,58
6887,Ronnie Streich Sr.,Brendan51@example.org,Port Samland,431.581.3181 x4417,63
6888,Hannah Lehner,Lula81@example.com,Mantefurt,878.253.3834 x54669,37
6889,Geraldine Morissette,Aliya_Lebsack@example.com,Kuhlmanstad,933.506.0696,43
6890,Brionna Ritchie,Maurice_Hirthe52@example.org,New Joanne,811.791.5653 x56629,35
6891,Earline Zemlak,Sherry_Blanda@example.net,West Tomasa,225-953-9446 x0970,48
6892,Alessandro Maggio-Littel,Madeline99@example.net,DeKalb,326.792.9646,39
6893,Kevin Pollich,Mikayla57@example.net,Citrus Heights,1-478-935-3416 x84849,63
6894,Dr. Byron Parisian,Pearl_Hilpert55@example.com,New Benshire,840.379.6082 x7218,57
6895,Brandy Gusikowski,Paul64@example.org,Shannonmouth,724-694-1220 x3905,51
6896,Kassandra Jacobson II,Ana48@example.net,South Godfreyfield,795-533-5442 x64812,45
6897,Amely Spinka,Zachary53@example.com,Fort Dorotheachester,291.855.3431,19
6898,Sherman Skiles,Alanna31@example.net,New Oramouth,1-555-839-9040,42
6899,Juliet Dibbert,Thomas40@example.net,Renton,509-991-5511 x037,43
6900,Katherine Veum,Brandi10@example.com,Gulfport,762-540-0596,45
6901,Elva Kovacek IV,Candace.Wisozk@example.com,Welchmouth,1-802-889-3898 x949,59
6902,Henry Roob-Prohaska,Ian_Carroll18@example.org,Tremblayburgh,942.975.7239 x601,60
6903,Kiley Nienow,Bernadette.Rosenbaum@example.net,Andreastad,657.462.4228 x8342,28
6904,Lana O'Connell,Ryan_Russel@example.com,Gainesville,241-621-6565 x31209,52
6905,Melody Steuber,Victoria.Satterfield@example.net,Ryanberg,1-355-867-8993 x8221,55
6906,Madie Schmeler II,Mae_Runolfsson@example.org,North Terence,204-215-3353 x022,57
6907,Ottis Shanahan,Marilyn95@example.org,Gulgowskibury,209-324-7381 x684,56
6908,Kaylin Raynor,Bryant_Fahey@example.com,South Aliciaview,828-993-0108 x60731,18
6909,Renee Shields,Danny_Kirlin@example.net,Lake Bell,497.920.5460 x895,37
6910,Wendy Kuphal,Joany.Wehner35@example.org,Haltom City,809.925.1842,20
6911,Mr. Oscar Gutmann,Arlene19@example.com,New Lamont,566-496-2620,27
6912,Stephanie Okuneva-Blick,Doyle39@example.net,Murazikland,685-945-2330,46
6913,Peggie Crona,Jameson.Olson48@example.com,North Connie,(940) 903-7529 x7567,55
6914,Boyd Yost,Olivia54@example.net,New Keely,(879) 429-2408,55
6915,Delbert Bednar,Yvette_Auer@example.org,Elmerfort,1-998-821-9558,39
6916,Billie Yost MD,Emelia_Kuvalis@example.com,East Jerry,409.633.0281,26
6917,Fredrick Wisozk,Leora.Willms4@example.org,Schmelerberg,(450) 223-2222 x072,51
6918,Yvonne Aufderhar Sr.,Khalid25@example.com,McLaughlinburgh,(569) 399-8158,47
6919,Jack Bechtelar,Dianna_Wilkinson49@example.net,Ornberg,(692) 236-7675 x140,43
6920,Hannah Berge-Kunde,Hattie_Streich@example.net,Estellecester,1-509-293-8649 x7081,44
6921,Emanuel Lowe,Marshall50@example.org,Fort Hubertchester,1-629-522-7159 x485,44
6922,Allan Shanahan,Lindsey_Hoppe86@example.net,Angiestad,934.743.5906 x434,44
6923,Jacky Torphy,Johnathan29@example.com,Tammystead,735.817.4404 x4922,61
6924,Albert Wehner,Lynne_Emmerich@example.net,Mayeside,205-672-0585,20
6925,Kirk Weber-Ryan,Calista.Mayert@example.net,Adalbertocester,(964) 946-6617 x0856,19
6926,Leila Waelchi-Huels,Guillermo85@example.org,West Jerrod,1-406-770-8520 x7850,41
6927,Ludwig Wolff,Gregg.Daugherty@example.org,New Angela,365.838.1621 x85413,32
6928,Michele Thiel,Margarita64@example.org,Daltonland,1-350-476-3711 x9721,20
6929,Darlene Welch,Jammie5@example.net,South Murielberg,(902) 213-4095 x002,43
6930,Al Olson,Marco.Mitchell@example.com,Bernhardcester,754-951-2731 x709,24
6931,Alena Rempel,Pedro83@example.net,Fort Carmelobury,433-733-0440,38
6932,Leon Crooks,Ruthe_Predovic28@example.net,West Haven,(710) 238-6065 x177,58
6933,Dashawn Stracke,Luke.Spencer@example.org,Dale City,1-376-453-3583,42
6934,Fannie Block Jr.,Candelario.Schumm@example.net,Missoula,209-232-2464 x8636,33
6935,Magnus Steuber,Nellie.Schultz30@example.net,New Christieberg,(955) 402-3556 x7339,28
6936,Mr. Clement McCullough DDS,Audrey_Kutch17@example.net,East Tasha,1-719-326-0602 x14000,23
6937,Rochelle Ernser,Claudine43@example.net,San Bruno,885.857.1205 x322,23
6938,Carmen Cummings-Turner,Joshua.Grady@example.net,Catalina Foothills,1-277-545-3630 x870,29
6939,Mrs. Henrietta Zboncak Jr.,Kelley96@example.com,Santa Rosa,1-334-582-1050 x979,21
6940,Mrs. Emma Wolff,Roland77@example.com,Keeblerland,822.757.8449 x4300,46
6941,Loretta Luettgen,Barbara.Donnelly49@example.org,Fort Santiagoborough,673-447-6719 x5107,53
6942,Ariane Hilll,Edgardo56@example.com,Fort Rhodabury,375.707.0024 x99965,52
6943,Ms. Wilburn Gusikowski V,Taya_Jacobs@example.com,Rowland Heights,1-467-220-3566 x117,58
6944,Mr. Steven Jakubowski,Orie.Rippin@example.net,Shayleetown,1-830-964-3245 x5687,21
6945,Murray Willms,Tomas_Raynor@example.org,Petaluma,1-800-731-8643 x5283,36
6946,Era Walker PhD,Harmon65@example.com,North Cliftonhaven,(484) 618-2393 x92229,65
6947,Millie Crona,Evie22@example.net,Elianecester,(923) 780-7383,58
6948,Jana Leffler,Judge77@example.com,North Triciaside,(322) 217-6199 x142,33
6949,Haskell Lynch,Sam.Cassin@example.net,Hermistonmouth,1-358-439-7528 x6104,39
6950,Lyla Heathcote,Alexanne2@example.org,Wildermanberg,1-350-646-2268 x64850,22
6951,Dr. Candida Aufderhar,Dangelo63@example.com,DuBuqueport,1-463-230-5743,36
6952,Bobbie Emard,Lyle.Heller@example.org,Franciscochester,746-894-4846 x52483,26
6953,Darla Mohr,Darby65@example.net,Port Christy,(656) 864-3641 x101,23
6954,Jerrold Weimann,Ethelyn24@example.org,West Aubreyfield,892-775-1553,21
6955,Nikita Gutmann,Chet.Hirthe-Hills@example.net,Hartford,(421) 868-0458 x097,40
6956,Vernon Heller,Carl54@example.org,New Reina,656-350-9584 x2160,49
6957,Domenico Rippin,Carol98@example.com,North Travisberg,703-804-2051 x522,51
6958,Shemar Stokes,Jamar_Metz61@example.net,New Sylvester,(300) 856-1439 x4239,35
6959,Beverly O'Conner,Stanley_Kerluke82@example.net,Centreville,1-623-997-6266 x49527,48
6960,Blanche Bednar,Cecile15@example.org,Turcotteborough,(466) 810-8926 x837,44
6961,Dr. Fernando Mann-Terry,Clara.Maggio@example.com,Pollichstead,453.270.5109 x566,48
6962,Freida Oberbrunner,Maverick.Schowalter@example.net,Seattle,648-947-4162 x219,59
6963,Flavie Harris,William8@example.com,West Maximusland,1-992-800-1981 x5460,63
6964,Ernesto Klein,Eloisa_Hintz95@example.com,Moenland,(685) 911-3065,57
6965,Eriberto Johns,Bertha.Kutch@example.org,Highland,(587) 475-4085 x93957,50
6966,Dr. Yvonne Paucek,Lew_Doyle@example.com,South Norman,890.789.2389 x78860,56
6967,Miss Marsha Erdman,Presley.Jaskolski@example.com,East Felix,969.205.9359 x53906,36
6968,Antoinette Haley,Amber_Gutkowski@example.org,Caldwell,(627) 345-8738,64
6969,Lorenzo Franecki,Mandy.Weissnat@example.org,Lueilwitzfurt,985.619.1009 x811,25
6970,Lynda Goodwin,Lottie94@example.net,Steuberville,(767) 471-3553 x9575,27
6971,Mrs. Lempi O'Reilly Sr.,Xander.Conroy@example.org,Asheville,1-352-655-3176 x25860,45
6972,Delphia Satterfield,Juan_Dicki45@example.com,Roanoke,948-240-7833 x0534,59
6973,Lloyd Maggio,Emelia96@example.net,Port Faye,(994) 436-7485 x623,30
6974,Marjory Cummerata,Opal.VonRueden8@example.org,Fort Tate,820.509.4299,47
6975,Roslyn Dicki,Maximillian26@example.com,South June,1-644-556-7414,50
6976,Ms. Joan Adams,Gordon.Smitham@example.org,North Porterfurt,906-230-4875 x842,65
6977,Karen Kirlin-Monahan,Hazel96@example.org,Des Moines,1-229-265-0309 x0062,28
6978,Camille Toy,Joesph9@example.net,Hodkiewiczland,227.459.8574 x2466,31
6979,Olga Turner,Van_Lueilwitz9@example.org,Vickiestead,(956) 368-1271 x988,34
6980,Crystal Flatley,Lora.Rogahn@example.net,Lake Nehaworth,(664) 986-2998 x5679,55
6981,Harry Botsford Sr.,Winifred60@example.org,Port Orval,1-611-282-4865 x8135,35
6982,Silvia Blanda,Clifton.Turner78@example.com,New Marques,596.630.3192 x7812,47
6983,Quentin Lang Jr.,Aimee_Yost87@example.com,Creminboro,767.332.0855 x183,37
6984,Aaron Kirlin,Cletus.Hilll96@example.net,Maxwellhaven,605-655-4846,60
6985,Khalid Huels,Rollin.Hartmann84@example.org,Willmsberg,1-509-449-0367 x73802,23
6986,Haleigh Schaden I,Julius.Connelly99@example.com,Altenwerthtown,(565) 527-7639 x77794,31
6987,Mr. Erik Powlowski,Lela.Zieme@example.com,Fort Rosaliaview,477-457-9472,23
6988,Demond Schneider,Casimir_Hayes9@example.com,Fort Garret,(384) 519-2618 x643,56
6989,Marcus Purdy DDS,Kelli.Mohr@example.org,Port Lolacester,(917) 403-0428 x9506,53
6990,Carmella Jones,Desmond.Morar16@example.net,Sophiatown,583.596.5734 x7498,50
6991,Robyn Hyatt,Martha_Hilll92@example.org,South Bradfordfield,903.854.6242 x1563,56
6992,Jimmie Schoen,Kris_Vandervort@example.net,Port Graysonville,1-555-758-8569 x92303,29
6993,Orlando Collier,Anita.Connelly@example.net,West Stacyworth,738-305-0385,54
6994,Heather Vandervort,Herman_Ullrich95@example.org,Isaacbury,314-692-7036,34
6995,Tomas Leffler,Thad_Schaefer@example.net,West Jodibury,767.656.4609 x0755,58
6996,Carolyn Cartwright Jr.,Justyn.Simonis@example.org,Blue Springs,(629) 551-0418 x698,45
6997,Lennie Hilll,Paulette15@example.com,Donniefort,707.352.5562 x29365,64
6998,Willa Hahn-Murray,Turner.Hermann55@example.com,Reichertstad,1-916-295-2099 x363,24
6999,Icie Bogan,Marty86@example.com,Elyria,(229) 834-4662 x834,59
7000,Elizabeth Bailey,Kurt.Graham62@example.com,Nannieberg,1-852-861-9015 x80828,51
7001,Edison Frami,Eleazar_Rowe32@example.org,Fort Vanessaburgh,873-656-5857 x233,31
7002,Shaina Zieme,Maria_Schmeler7@example.com,Madelinefurt,(730) 483-6758 x818,50
7003,Cheryl Rutherford I,Gene56@example.net,Reynoldview,237-675-3190 x9318,36
7004,Danny Boyle,Sarah.Wolff56@example.net,Greenville,365.459.2299 x6802,41
7005,Arch Watsica,Doug9@example.com,Pawtucket,1-266-880-8183 x15811,29
7006,Rick Marquardt,Alysson4@example.net,South Bart,(758) 324-7316 x632,44
7007,Dennis McClure,Name.Mertz76@example.com,Konopelskiville,664-475-0078,61
7008,Miss Beulah Yundt,Bernadette0@example.org,Columbus,1-883-299-1876 x63222,62
7009,Ms. Loretta Barrows,Wayne_Casper11@example.net,New Theresaberg,(583) 857-8596 x437,45
7010,Adrien Gusikowski,Esther_Gibson@example.net,East Tatyana,240-526-9921 x862,24
7011,Alexis Schiller,Saul_Kihn@example.net,West Denise,1-658-210-9315 x67208,44
7012,Clarissa Walker,Khalil_Bednar@example.org,Peabody,545.408.4125,19
7013,Shelley Rolfson,Derrick.Keeling@example.net,Bodeworth,800.573.4273 x9087,45
7014,Meda Bartoletti,Belinda98@example.com,Handtown,(298) 279-9485,30
7015,Ms. Kirsten Bartell,Cynthia_Schuster@example.net,Bedford,641.473.5867 x54083,47
7016,Rodrick Satterfield,Yvonne.Hand34@example.net,North Jasmineburgh,(745) 756-9269 x78929,49
7017,Anika Schroeder,Sabrina_Wisoky@example.com,Palm Desert,627.391.1967,36
7018,Priscilla Schinner,Zander.Paucek@example.org,Hartford,1-628-787-2978 x42097,22
7019,Lila Cummerata MD,Jermaine.Macejkovic92@example.com,Terenceview,410-492-8263 x379,18
7020,Opal Wuckert,Tatyana80@example.com,East Winfieldstad,1-671-874-6366 x921,19
7021,Gerald Little,Barrett73@example.net,Rauside,220.562.8658 x5802,55
7022,Diana Schuster,Ricardo_Christiansen@example.org,Alexandrastad,621-518-6037 x43670,39
7023,Beverly Beier,Regina_Kovacek@example.org,Schambergertown,837.576.0172 x7650,20
7024,Verda Swaniawski,Rita_Rau89@example.com,Port Paulashire,1-620-492-1309 x766,42
7025,Pete Casper,Idella.Ebert4@example.com,Lake Zetta,(568) 784-0641,64
7026,Davion Hettinger,Paxton46@example.org,Brentland,(711) 519-0864,49
7027,Sandy Prohaska,Steven_Veum29@example.com,Port Charlotte,431.723.4131,35
7028,Herbert Sawayn,Kailee1@example.net,Runolfssonhaven,(547) 282-0062,29
7029,Dr. Carlee Kulas,Precious_Koelpin@example.com,South Kittystead,439.683.7478 x435,47
7030,Lauren Hodkiewicz,Salvatore67@example.org,Aloha,1-986-276-9099 x35859,35
7031,Mrs. Alexandria Corwin,Chaim.Runte@example.net,Pomona,695.983.4770 x669,39
7032,Kelton Cronin,Adelle8@example.com,New Clifford,423-335-0705 x091,51
7033,Madge Mertz I,Melissa_Lebsack90@example.com,Rohnert Park,(816) 369-1083,40
7034,Mac Nader,Elsie.Welch0@example.net,New Romashire,1-893-394-8031 x0567,38
7035,Dr. Homer Krajcik,Kristina_Gerlach59@example.com,Millerfurt,350.865.1593,20
7036,Emmet Renner DVM,Raymond27@example.org,Nikolasview,267-844-4095 x3826,57
7037,Theresa Hane DVM,Rick64@example.com,Carson,986-557-1679 x78455,18
7038,Josefina Mayert,Frankie48@example.com,West Nelson,914.679.4741 x0557,20
7039,Mr. Alejandro Watsica,Pietro52@example.com,South Jonathonburgh,813.976.1458 x536,56
7040,Mr. Phil Kuhlman,Clarence48@example.com,Lake Kelsi,619.846.9216,31
7041,Roland Hammes,Patsy9@example.net,West Gretchenchester,(804) 802-4885 x89702,39
7042,Yvette Mohr-Sauer,Shelley.Schowalter@example.com,Bessieview,479-384-1383 x959,60
7043,Alessandra Ankunding,Elisa.Block86@example.org,Revaton,(313) 273-3953 x268,38
7044,James Legros,Ava.Welch41@example.net,North Neilworth,1-570-478-9821,22
7045,Carrie Rolfson,Oliver42@example.net,Jerryhaven,500-827-9153 x8095,24
7046,Cordell Klein,Marcellus46@example.org,Turnerfield,655-488-9693 x809,45
7047,Christina Flatley,Ginger52@example.org,Wisozkside,(934) 399-7336 x9538,33
7048,Kenton Bahringer,Annamarie_Konopelski@example.com,West Virginiaberg,364-432-8773 x61595,43
7049,Meghan Hoppe,Shannon.Hessel@example.com,Warwick,1-695-591-5765 x460,61
7050,Cody Schuppe,Laurie_Morissette18@example.org,Columbus,477.840.6784 x403,60
7051,Joey Walter,Shayna_Douglas@example.com,Davestad,1-745-970-9597 x88452,28
7052,Kristofer Jenkins,Ernest.White@example.net,Balistreristad,(581) 333-8401,33
7053,Pam Botsford Jr.,Joey69@example.org,Port Imanistad,1-762-645-9477 x54755,45
7054,Karelle Schmeler DVM,Derrick.Grant-Waelchi78@example.com,Decatur,681.365.8907 x18278,23
7055,Laura Blanda,Anita.Kessler@example.org,Boganchester,(615) 898-0986 x27228,48
7056,Duane Buckridge,German8@example.com,East Tyrachester,940.582.4297 x09214,20
7057,Mike Douglas,Miguel.Lowe42@example.org,West Hollyside,243-721-7227,47
7058,Angelo Lindgren I,Merritt.Reynolds19@example.net,Tamarac,1-707-451-4093 x2815,31
7059,Maryann Grimes,Dominic.OConnell@example.org,Sheriworth,1-470-359-5588 x545,41
7060,Chester Durgan,Candice_Schinner@example.net,Haleyworth,459-281-7574,55
7061,Dora Paucek,Ola.Schowalter92@example.org,Catherineport,501.348.4595,30
7062,Sheila Feil,Cory.Bechtelar@example.com,Marvinland,1-465-450-6283 x902,35
7063,Arnoldo Armstrong,Nova_Littel79@example.net,Sarasota,(715) 689-0214 x124,28
7064,Lauren Willms,Reese_Brakus@example.org,Schmeler-Collinsfield,1-978-540-8227,64
7065,Icie Pollich-O'Reilly,Kiel96@example.com,Vedatown,312-639-3462 x3501,52
7066,Justine Hills Jr.,Sidney.Weber75@example.net,Lake Savannah,642.373.9131 x61908,62
7067,Scotty Labadie,Germaine.Yost89@example.net,Lake Rasheedstead,(277) 934-3838 x221,54
7068,Lillie Walsh V,May.Waters@example.net,Rubyton,755.966.6589 x16966,24
7069,Blair Pacocha,Rickey73@example.org,Port Nannie,1-919-360-8324 x2540,37
7070,Lucius Metz,Cedrick_Borer81@example.org,North Sidney,(514) 332-5796 x539,19
7071,Ocie Zieme-Altenwerth,Julius8@example.org,Nashua,1-981-598-2714,59
7072,Barbara Blanda,Ryan_Carter@example.org,Cranston,954.475.4376 x2402,37
7073,Gina Vandervort,Adolphus85@example.net,Port Catharinehaven,835.573.6932 x343,57
7074,Miss Sylvia Will,Madelyn15@example.org,East Josefa,1-695-684-1187 x4849,50
7075,Alicia Prosacco,Tina.Denesik40@example.net,West Sacramento,443.736.5558,31
7076,Nettie Borer,Brittany.Powlowski@example.org,Yolandaland,(291) 771-6456 x214,46
7077,Bennie Mertz,Corey.Hane@example.com,Pedrobury,1-414-378-1170 x63465,31
7078,Roxanne McDermott,Sonya83@example.com,Port Ermafurt,240.667.4257,34
7079,Mr. Victor Wintheiser Jr.,Sim.Sipes94@example.net,East Bradleyberg,982.776.3785 x8119,44
7080,Ricardo Thiel,Paulette_Collier74@example.net,Rooseveltstad,371-809-4919 x3487,31
7081,Nancy Denesik,Billie.Toy77@example.com,Rolfsonborough,316.321.9802,36
7082,Marvin Roob,Albina.Nader-Kris@example.net,Jovanystad,359.542.4697 x678,52
7083,Miss Karen Haag,Christiana_Sauer@example.com,Port Moshe,368.474.6715,18
7084,Jewel Gottlieb,Eryn85@example.com,Billieland,(344) 331-5549 x44339,63
7085,Leon Russel,Noemi71@example.com,Miriamfurt,1-266-647-4344 x49089,32
7086,Ewald Beer,Adam_Brekke-Nicolas@example.com,Marksview,(291) 623-9938 x80165,31
7087,Mr. Augustine Stoltenberg V,Erica8@example.com,Port Mark,760.202.7423 x64334,25
7088,Lillie Weber,Hyman.OKeefe56@example.com,Ernsercester,703-837-5657 x0873,25
7089,Serena Denesik,Roscoe.Kub@example.net,Lake Gaylemouth,462-601-4834 x010,40
7090,Benedict Kilback,Wilhelmine65@example.net,Hoegerfort,419.615.8206 x024,28
7091,Mr. Darnell Ernser,Anabel_Rippin@example.net,Port Audieburgh,572.487.6128,18
7092,Doug Fisher,Alyce.Kessler@example.net,Sammystead,(298) 241-8349 x5030,60
7093,Mr. Vincent Dare,Tyrone.Davis60@example.org,Huntersville,1-373-724-0091,31
7094,Maribel McGlynn,Wilbert_Volkman@example.net,Robelhaven,1-474-260-8663,30
7095,Reyes Daniel,Delmer46@example.net,D'Amorebury,1-589-483-7167 x1743,38
7096,Alex Dickinson,Toney_Kerluke68@example.org,West Inez,744.834.0918,28
7097,Shirley Torphy,Tammy_Roberts97@example.net,Ellicott City,318.375.5447 x2071,63
7098,Amya Schultz,Alberta_Corwin43@example.org,Kristinland,(497) 303-8043 x5471,56
7099,Isaias Turcotte,Keara_Weber51@example.net,Lake Vickyville,(849) 489-6885,21
7100,Tyrone Franey,Ginger_Kihn63@example.com,Dibbertcester,411.687.7209 x3301,22
7101,Cassie Miller,Ivory.Effertz@example.org,Port Garrettown,591-354-4426 x713,26
7102,Mercedes Yost,Edmond_Gorczany35@example.com,Elizabethstead,227.298.9912,45
7103,Mariam Streich,Michele.Kunze21@example.net,East Margaretta,1-871-315-3437 x91139,34
7104,Hayley Harris-Jerde,Marvin20@example.com,Redwood City,(583) 748-2441 x3656,57
7105,Jeanette Gerhold,Pablo_Nolan71@example.com,South Wyman,1-892-285-2247 x204,21
7106,Mr. Jacey D'Amore IV,Brian.Hoeger71@example.net,Fort Jimmie,602-327-3169,22
7107,Ashly Hickle,Niko31@example.com,Melvinfort,(997) 620-0879 x21049,26
7108,Mozell Gerlach,Harold_Schimmel89@example.com,Port Denise,906-751-3726,41
7109,Grady Runolfsson DVM,Fredrick_Gusikowski@example.com,Port Koryworth,1-394-832-8846,63
7110,Matilde Schultz,Molly_Effertz@example.com,Grimesfield,(880) 696-2046 x53319,51
7111,Bert Stamm,Bonnie_Waelchi28@example.com,Port Rafael,1-787-462-4628,27
7112,Araceli Bode,Edmund4@example.net,North Kentborough,(305) 397-2448 x5249,30
7113,Uriel Renner-Parisian,Maureen_Halvorson-Feest39@example.org,Emmerichview,1-456-440-6321,35
7114,Leticia Bode,Rahsaan_Moore@example.net,Hillsland,(254) 302-0178 x37667,37
7115,Trevion Kuhn,Chelsie.Brakus21@example.net,Boylefort,669-880-7151 x7257,19
7116,Doreen Koss MD,Dandre43@example.com,Blaine,1-433-656-9174 x4534,49
7117,Grady Gutkowski,Coleman7@example.net,Fort Sandra,839.800.0067,60
7118,Michele Dibbert,Eva_Bins78@example.net,South Maureen,(279) 369-8317,31
7119,Betsy Brekke Sr.,Jayde_Goyette26@example.org,West Susieside,505.533.6882 x2404,28
7120,Gustavo Johns,Arnold.Moore41@example.net,South Antoinetteberg,(719) 888-1993 x6141,43
7121,Furman Borer,Latoya67@example.com,North Cathy,(489) 736-2417,26
7122,Ethelyn Wiegand,Skylar37@example.net,Anniefurt,1-518-463-7671 x16387,48
7123,Chad Thiel,Brent.Cole@example.org,Fort Clinton,(867) 906-8808 x783,30
7124,Deja Harris,Karla.Gulgowski@example.org,West Ryderville,1-203-420-2161,44
7125,Jazmin Crist,Alexandro.Denesik@example.org,Cameronstead,1-667-534-9271 x46246,57
7126,Laurie Daniel,Jo.Yost@example.com,Silviafield,413-545-5893 x817,38
7127,Joanna Marks,Blaise_Kihn23@example.net,Jeanieport,314.811.0175 x59816,28
7128,Kraig Schoen,Karlie.Boyle26@example.com,Bayonne,1-497-425-0018 x844,45
7129,Mr. Theo Gerlach III,Sister24@example.org,North Rosellafort,(729) 979-6560,27
7130,Vicki Wehner I,Stephen_Murray@example.net,North Tim,(726) 285-0425 x725,23
7131,Joe Hegmann,Dewey.Mitchell-Daniel@example.com,Rathshire,564.252.3860 x437,36
7132,Adelia Sawayn,Ole.Kutch@example.net,South Tinaboro,316.295.0580 x173,29
7133,Valentine Labadie,Christy88@example.org,Eileenburgh,(242) 523-1284 x8729,55
7134,Dr. Jannie Maggio,Waldo_Morissette48@example.com,Kennyberg,1-639-600-1299 x35481,19
7135,Mrs. Joanna Dickens,Marianne_Abbott@example.com,Glenview,(433) 934-7249 x531,54
7136,Lilla Lesch,Ivan.Cummerata@example.net,Ames,1-682-752-9961 x003,51
7137,Phillip Predovic,Willis_Schinner@example.net,New Vicenteport,373.345.8879,49
7138,Charlene Kuphal Sr.,Noah_Crist63@example.com,Hoppe-Collierworth,933.496.2137,27
7139,Edmond Nicolas,Greg_Rath34@example.org,Lemkechester,(949) 937-8109 x1911,19
7140,Mortimer Abbott,Lionel_Witting@example.net,Antelope,1-842-846-9214 x31131,27
7141,Leann Hintz,Stephan_Upton89@example.com,Melbourne,(215) 408-7922 x4853,45
7142,Dora Runolfsson,Danyka55@example.com,Franciscofort,(695) 495-9463 x851,52
7143,Melba Hettinger Jr.,Agustin.Braun-Ziemann38@example.net,Kayleestead,450.516.3360 x4706,61
7144,Candice Langworth,Armani.Rogahn@example.net,Lorain,551.778.4152,30
7145,Vicky Conroy,Josephine70@example.org,New Victorialand,345-637-8096 x1816,58
7146,Selina Kessler,Curt_Howell@example.com,Keeblerville,618-840-4500,62
7147,Frankie Sawayn,Magdalena15@example.org,Reneland,486-358-3650 x5780,48
7148,Genoveva Mosciski,Destiney_Harris@example.net,Hane-Williamsonton,559-644-9877 x157,43
7149,Charles Dach,Dangelo2@example.org,Ireneworth,366-239-6384 x5797,28
7150,Mr. Mariam Bayer,Tasha.Cole37@example.org,Julialand,1-616-859-6775 x034,58
7151,Wm Bosco,Cecelia.Kiehn8@example.org,Donnellyhaven,839-399-7847 x852,44
7152,Hudson Hintz,Felipe.Toy80@example.org,Schmidtfurt,575-403-8142 x09089,30
7153,Dr. Jonathan Schultz,Cesar_Renner89@example.net,Lake Cathrine,1-381-302-9739 x78660,56
7154,Stephanie Rogahn,Sanford_Friesen@example.net,North Hector,464-511-1513 x450,35
7155,Tonya Quitzon,Alexandra_Jaskolski@example.net,New Staceyborough,601-252-4753 x43945,39
7156,Cary Von Jr.,Raoul_Miller@example.com,East Larue,374.749.6608,56
7157,Bennie Hegmann,Marie.Koelpin14@example.com,New Allie,376.258.7397 x3998,46
7158,Dr. Maryse Goldner,Abdul.Schulist7@example.net,Torrance,449-778-9944 x49014,27
7159,Franklin Fadel,Elva.Botsford61@example.net,Terrancemouth,1-223-748-3762 x37664,46
7160,Alessia Ruecker,Tate_Herman@example.com,Lake Axel,1-902-531-6659 x0336,32
7161,Max Stoltenberg-Gutkowski,Rogelio.Kling62@example.net,West Nathenboro,1-873-825-3877 x301,40
7162,Zoie Hoeger,Zelda39@example.com,East Terrence,386-702-1137 x57985,31
7163,Leigh Christiansen,Shayna67@example.org,Robertscester,1-522-570-3434 x5464,18
7164,Hank Kassulke,Elvera9@example.net,Wuckertland,329.317.5243 x59132,62
7165,Josephine Parker,Lamar.Wolf@example.com,Bernardochester,(897) 411-9045,40
7166,Herman Koss,Sarah.Terry36@example.com,Paytonboro,(371) 677-9253 x84636,36
7167,Gerardo Kautzer,Catherine.Bergstrom25@example.net,Sauer-Littleberg,874-705-5762,38
7168,Mack Leannon,Margarita77@example.com,Hellerborough,684-423-3960 x23817,37
7169,Randall Waters,Jorge_Smitham-McKenzie47@example.net,Melodyburgh,232-540-2138 x7543,38
7170,Ms. Keira Tromp,Becky_Mraz87@example.net,Diamond Bar,783-548-3448,56
7171,Abbie Schulist-Bahringer,Carlie.Brown85@example.org,Pembroke Pines,(827) 750-9714 x57699,60
7172,Terrance Collier,Glen_Rolfson30@example.net,Woodland,1-852-428-2232,45
7173,Andre Gleason I,Laura16@example.com,Binghamton,677-803-0926 x40244,20
7174,Bob Hartmann,Amos_Carter-Halvorson@example.com,West Carla,1-400-663-8977,38
7175,Maegan Larson,Rodolfo_Lebsack71@example.com,Schroederworth,361.932.9464 x567,19
7176,Geraldine Kirlin,Hugh_Homenick33@example.org,East Elizabethport,692.307.5012,63
7177,Delia Hauck,Damaris28@example.net,Angieville,(875) 451-6573 x3963,19
7178,Tyler Little,Katelynn_Schmidt87@example.com,Wiegandview,929.513.6146,39
7179,Trace Brekke,Lucia10@example.net,Zulaufburgh,1-501-200-1079 x798,45
7180,Karla Zulauf III,George50@example.net,Dickinsoncester,654-798-1778 x64105,34
7181,Theodore Corkery Sr.,Terence_Stark@example.com,East Taylor,(542) 789-5177 x820,43
7182,Leanna Renner,Ralph_Hilpert@example.net,North Delbertland,1-433-782-0520 x220,50
7183,Douglas Turcotte,Magdalena_Jerde33@example.org,Tabithaburgh,1-742-526-3454 x55259,40
7184,Gavin Cruickshank,Dawn86@example.com,North Gladysborough,869.455.5596,20
7185,Bret Okuneva,Tricia.Cormier@example.net,West Alvisport,(306) 678-5817 x6237,35
7186,Alford O'Connell,Elvira_Pouros@example.com,East Samanthaborough,(993) 275-3009 x28725,46
7187,Manuel Emmerich-Langworth II,Kristin27@example.com,Pattiborough,1-559-578-1932 x97203,52
7188,Wilson Prosacco Sr.,Lenna64@example.net,Port Bertrand,873-298-5760 x7369,50
7189,Jay Flatley-Mitchell,Meredith.Koelpin33@example.org,East Sophie,1-970-882-7983,30
7190,Jacques Conn,Tamara.Kihn@example.org,Naomiland,1-940-745-1373,57
7191,Alan Erdman,Bonnie78@example.com,Stefanieberg,(674) 436-3822 x180,26
7192,Mr. Daniel Dietrich,Orville_Schowalter-Weimann@example.org,Isabelbury,420.773.6937 x0877,50
7193,Marcia Reilly,Elisa_Kertzmann@example.com,Powlowskiland,1-205-413-4089 x925,48
7194,Camylle Emmerich,Michale.Auer@example.net,Kirafield,816-391-8680 x98450,50
7195,Brandi Kreiger,Karla_Bahringer@example.com,Los Angeles,1-225-736-9678 x05684,35
7196,Bessie Stehr,Dianne_Parker@example.com,Denesikland,(860) 832-1490 x181,58
7197,Marguerite Schneider,Shari.Schulist@example.org,Pleasanton,772-475-9742 x51639,35
7198,Christelle Gulgowski,Alice_Heathcote@example.net,South Michealchester,960-805-3659 x461,45
7199,Turner Hickle,Gerald.Oberbrunner63@example.org,Garland,(525) 839-8178 x936,19
7200,Patrick Abernathy,Myrtle35@example.com,Port Meggie,1-302-496-8105,61
7201,Dr. Kylee Mitchell,Carlo_Hagenes@example.org,Leonardburgh,279-275-7586 x913,28
7202,Zora Schmidt IV,Yolanda88@example.com,Rickton,378.438.5244 x296,58
7203,Gerard Carter,Kathryn69@example.com,Eileenburgh,885.963.3997,46
7204,Eileen Lang,Heaven.Medhurst@example.com,Joaniefield,1-562-990-8277 x92014,64
7205,Elvie Windler,Allison72@example.org,Bridiefort,(283) 272-8561,18
7206,Dominic Skiles Sr.,Philip.Hackett@example.org,Simonismouth,(231) 263-7486 x28256,57
7207,Leola Wehner,Randal_Sipes46@example.org,Fort Elwin,(360) 417-0699,42
7208,Melba Doyle,Erick_Jacobson90@example.com,Russelland,755.549.4597 x1902,29
7209,Tom Wilderman,Rick.Konopelski4@example.com,Fort Willardmouth,306.677.0178 x8900,61
7210,Irvin Sanford,Dandre_Heaney@example.org,Port Darin,910-390-6256 x60050,18
7211,Lucius Stamm II,Karl.Lubowitz60@example.net,Huelsworth,1-239-984-9391 x16811,28
7212,Francisco Rutherford-Buckridge Sr.,Jenifer_Rutherford72@example.net,Shelleyfurt,529-437-6886,24
7213,Krystel Armstrong,Cooper_Nikolaus@example.net,Lake Alantown,1-679-455-5566 x6935,25
7214,Jermey Hauck,Roger_Harris@example.net,South Earltown,980-837-0240 x118,25
7215,Ernesto Paucek,Cale_Stracke@example.net,New Milesworth,234.896.3273 x3353,42
7216,Gail Lemke,Enrique.Price62@example.com,North Sidneycester,647-618-5604 x6958,45
7217,Bessie Green,Lucy_Zemlak@example.net,New Arlie,(574) 571-1182 x36722,59
7218,Ramona Weimann,Cooper.Funk61@example.com,Caliberg,1-572-855-3193 x4466,61
7219,Bonnie Emmerich,Milton.Rau@example.com,Barnstable Town,257.266.4592 x5121,28
7220,Yolanda Leffler,Ann99@example.org,Wylie,1-207-804-7853 x08642,26
7221,Dana Ferry,Manuel.Quigley@example.net,Lake Magalicester,(440) 666-1545 x72231,32
7222,Antoinette Stehr,Marielle95@example.com,New Sherman,1-596-299-6819 x793,37
7223,Renee Boehm,Jordan24@example.com,Alisonstad,1-234-540-4421 x43331,29
7224,Zachery Hoeger,Jeannette.Streich74@example.com,Ryantown,666-904-8780 x327,63
7225,Jarrell Botsford,Eddie_Kiehn45@example.com,Bowie,361.881.8912 x14337,25
7226,Mr. Ernest McGlynn,Arturo_Hermann@example.net,Dibbertcester,546-683-2557 x846,55
7227,Beulah McCullough,Jaleel.Raynor-Casper11@example.org,Batzton,1-429-831-6134,27
7228,Regina Sipes,Cesar_Fahey99@example.net,South Laishaburgh,251-463-1333 x491,23
7229,Jolie Osinski,Lindsay_Renner75@example.com,Fort Mathewview,1-932-726-8345 x420,64
7230,Ismael Hudson PhD,Lillie75@example.org,East Chris,609.900.0559,45
7231,Kacey Koch,Alberto87@example.org,Hudsoncester,1-648-643-5854,49
7232,Felix Steuber,Maritza71@example.org,Fort Oliveworth,419.581.9386 x72452,49
7233,Jerome Jacobson,Edwin5@example.net,Boynton Beach,(377) 508-5280 x661,44
7234,Donald Lowe,Norwood_Smith@example.net,Lorenetown,(836) 283-4957 x0891,53
7235,Alyssa Nicolas,Octavia14@example.net,Ileneland,868.836.5660 x0484,64
7236,Jennings Parker II,Otilia_Upton@example.org,Kirlinside,869-369-1061 x4033,45
7237,Darby Bosco Jr.,Lyle.Homenick@example.com,Lake Leeshire,478-567-8331 x93805,46
7238,David Schamberger,Beverly_Pacocha@example.net,East Leannefort,1-960-391-3189 x19759,36
7239,Amos Walker,Piper41@example.org,North Francisca,1-821-454-3138,20
7240,Monroe Smitham MD,Glenda39@example.org,North Adahmouth,560.254.1161,32
7241,Ramiro Jaskolski DDS,Marc49@example.com,Gaetanoview,565.202.7501 x617,53
7242,Jewel Quitzon,Miriam_Hackett@example.net,Beattyburgh,(283) 596-9154,22
7243,Breana Hane,Augustine48@example.net,Wmcester,1-725-956-4823 x51672,57
7244,Mrs. Dawn McDermott,Else_Metz@example.net,Vestafort,864-388-3579 x2309,27
7245,Makayla Nitzsche,Jaclyn_Collins56@example.org,Fort May,(997) 229-3618 x525,39
7246,Virgil Brakus,Wilbur_Pagac56@example.org,South Jeramieburgh,631-978-0055,63
7247,Eryn Ullrich,Chester.Labadie16@example.net,Fort Jaynebury,355.739.3643 x80873,18
7248,Angelina Fay MD,Eleanore_Brakus@example.net,Erie,770.959.3221 x664,39
7249,Dovie Oberbrunner,Rosie_Romaguera91@example.com,East Diamondhaven,942.277.4721 x84364,39
7250,Dr. Ron Harber,Brenda_Howell@example.com,Riceboro,1-444-524-4519,24
7251,Lauren Murray,Randal_Padberg17@example.net,Kreigerfield,384.810.1769 x7138,34
7252,Randal Hoeger Sr.,Juanita18@example.net,New Joelleborough,(594) 513-6903,55
7253,Carlton Bogisich,Gardner.Bosco@example.org,Alexandria,(800) 232-5022,58
7254,Miss Sarah Borer-Larson,Anthony79@example.org,Napa,1-452-341-0403 x57740,56
7255,Ms. Alexandre Rath,Lizeth_Swift23@example.org,North Wilfrid,734.333.4290 x35349,52
7256,Colton Halvorson DDS,Manuel.Weber@example.org,Port Davon,414-836-2201,47
7257,Mr. Javonte Luettgen,Sallie.Kreiger@example.net,Joycecester,980.285.5582,44
7258,Jacquelyn Brekke,Walter59@example.net,Kuhlmanview,955.972.5649 x3983,23
7259,Raul Kiehn,Tommy.Bashirian93@example.com,Corvallis,675.556.5113 x6240,45
7260,Calvin Franecki,Valerie_Windler@example.com,Schoenshire,443.332.2147,31
7261,Jena Padberg V,Kristie13@example.com,Trompfield,1-793-961-1697 x46989,62
7262,Jailyn Legros,Brendon.Davis@example.net,Bonnieton,1-806-823-5888,62
7263,Miss Silvia Rogahn,Violet17@example.org,New Genesisborough,518-778-5301 x9227,40
7264,Icie Harvey,Blanche.Walker28@example.net,Sawaynfort,(760) 900-2676 x24139,29
7265,Cristina Schneider,Rico42@example.org,Frederikside,(232) 556-7275,22
7266,Claudine Hyatt,Leticia_Casper87@example.com,North Tyler,(598) 651-4362 x20682,21
7267,Earnest Wisozk,Jamie54@example.com,Lake Inezton,439.352.3429,50
7268,Loyal Johnson PhD,Eliezer37@example.com,Billings,(539) 509-7480 x88865,58
7269,Faith McKenzie,Angelica_Cummings@example.net,South Gate,1-236-410-5149 x88288,21
7270,Marjorie Nienow,Marcelina36@example.com,Minnieberg,(591) 877-7781 x57186,38
7271,Vesta Stehr,Morris.Schneider66@example.com,Monabury,1-885-630-7784,48
7272,Audie Roob,Paul30@example.com,Waterloo,1-750-482-3522 x0692,57
7273,Dexter Kub,Trenton4@example.org,Russelbury,498.399.2464,51
7274,Dr. Beatrice Heathcote,Duane56@example.net,New Evelyncester,615.240.5822 x5399,27
7275,Blanca Wilderman,Ginger67@example.com,Sengerburgh,594.988.9973 x747,27
7276,Maya Hickle,Cicero_Friesen@example.net,Glenbury,903-447-2151 x46278,61
7277,Lizeth Becker,Matthew.Wisozk-Gleichner@example.com,West Emery,490-936-2505 x670,26
7278,Ben Keebler,Susan.Ryan@example.org,Vacaville,220.606.4099,38
7279,Dr. Stanton Block,Carmen.Cummings@example.com,Borerton,1-289-533-1563 x80449,62
7280,Nancy Funk,Alfredo_Gorczany11@example.com,Lake Melanytown,1-525-286-5269 x8449,39
7281,Gracie Howe,Bryan_Yundt@example.org,West Giovannastead,(583) 991-4477 x196,54
7282,Jessyca Jacobs,Savannah37@example.org,Pflugerville,1-546-411-6607,42
7283,Loretta Leffler,Christopher_Leffler@example.net,Clearwater,1-936-646-3819 x379,50
7284,Jon Lowe,Eldon38@example.com,Kassulke-Hettingerbury,539-383-9272 x5457,29
7285,Mikayla Witting I,Francisco31@example.com,Alexandria,(453) 880-4907 x4109,61
7286,Gracie Aufderhar,Melba49@example.com,Gresham,1-231-825-3120,35
7287,Dr. Ronaldo Hettinger,Kurt_Thompson26@example.net,Port Stefanieburgh,1-653-385-5503 x08254,37
7288,Sharon Bradtke,Wyatt_Fritsch@example.org,Franzland,652.381.1971 x4986,52
7289,Mrs. Karla Kihn,Salma73@example.com,Port Bethelfurt,501.916.8348,44
7290,Archie Goodwin,Nicolas.Hyatt83@example.org,Oliverchester,1-756-633-6762,36
7291,Barbara Schoen MD,Rufus_Wolff39@example.org,Fort Julietown,291-464-8055 x933,29
7292,Rae Kemmer,Margot_Fadel@example.org,Bergnaumside,1-904-748-2383 x4431,46
7293,Margarita Wuckert,Chad_Armstrong@example.org,West Leonoraworth,841-578-4620 x8626,48
7294,Carolyn Johnston,Thelma94@example.net,Port Susanhaven,1-607-666-8757 x55479,54
7295,Ansley Zieme,Aliyah.Jacobson@example.org,North Ceceliaside,658.556.1525 x039,53
7296,Noel Reinger IV,Isaac6@example.org,Herzoghaven,1-398-314-4209 x3756,62
7297,Henry Mayer,Cecilia.Kihn@example.org,West Edison,366.695.2767 x9320,35
7298,Kiera Moore,Whitney_Mante@example.net,Barneyshire,976-539-1988 x324,58
7299,Trevor Luettgen,Elnora_Schiller95@example.net,New Kristy,1-851-961-0333 x0877,37
7300,Dr. Jeff Berge,Lana.Price39@example.net,New Emie,857-201-7463,61
7301,Amy Conn,Alice.Friesen@example.com,South Ettieview,650.412.4675 x296,33
7302,Aletha Smitham,Raegan.Beier45@example.com,South Leslyfort,1-939-804-1881,57
7303,Anderson Lowe,Melanie.Bergnaum@example.net,Kenview,(246) 416-8562 x08662,32
7304,Doreen Howe DVM,Daisha52@example.net,Port Kareemton,(864) 615-5230,62
7305,Roland Kerluke,Reinhold.Sporer1@example.com,Barton-Hintzland,(876) 776-3166 x159,27
7306,Charlotte Tremblay,Anna.Gorczany71@example.org,Port Debbieton,203-617-0271 x273,47
7307,Mrs. Shelly Zboncak,Ola_Shields@example.org,Altenwerthfield,845-906-6070,35
7308,Jacquelyn Cassin,Andre_Will@example.net,Grantfort,643-492-0265 x823,49
7309,Cora Reynolds,Missouri35@example.net,Wolfport,292-687-5331 x6758,26
7310,Elvira Powlowski,Elmo.Lockman20@example.org,Las Cruces,970-443-8676 x0294,23
7311,Percival Jaskolski,Elisha.Torphy64@example.com,North Derek,(398) 685-6556 x031,44
7312,Nathanael Lakin,Mariah_West12@example.com,Davenport,634.539.9271 x3935,65
7313,Kolby Fahey,Pasquale.Dach4@example.net,New Archieville,1-713-471-8205 x4467,34
7314,Dr. Humberto Ledner PhD,Dianne37@example.com,Kingfurt,1-764-649-1188 x6096,58
7315,Rafael Romaguera,Diana80@example.org,Melbourne,1-571-931-6036 x844,53
7316,Gloria Connelly,Johanna_Herman@example.org,Powlowskiton,1-667-420-7010 x995,43
7317,Filiberto Feest,Todd.Haley@example.com,Jeremiestead,404.804.4044,59
7318,Dr. Meredith Bednar,Guillermo22@example.net,Burke,277.638.8640 x06401,28
7319,Rene Bins,Vera_Runte99@example.com,West Aylinport,1-870-427-9155 x519,41
7320,Verna Blanda DDS,Sid_Denesik93@example.org,West Luketown,599.555.3292 x720,52
7321,Cleo Buckridge,Alberto_Reichert-Kub@example.net,Ellaview,1-453-436-2428 x1880,56
7322,Mr. Adrian Stehr Sr.,Iliana61@example.com,Opaltown,740.467.1456 x0725,56
7323,Ms. Katlynn Schmitt,Wyatt.Hills@example.net,Euclid,428.916.6920 x20242,55
7324,Kristine Hermann,Jermaine1@example.net,Randolphview,(231) 289-1034 x81529,47
7325,Renee Corwin,Grady82@example.org,Port Magnoliachester,(511) 768-5180,59
7326,Gail Feeney,Rudy1@example.com,Beerberg,1-891-885-8692,25
7327,Royal Ryan,Heloise_Deckow30@example.org,Port Bobfurt,(628) 882-1446 x71456,32
7328,May Schultz,Corine.Herman74@example.net,Ullrichburgh,303-898-5628 x297,57
7329,Scot McLaughlin-Kris Sr.,June.Homenick@example.com,Greenwood,(242) 565-1046 x569,37
7330,Colt Swift,Gerald.McKenzie-Krajcik@example.org,Nikolausworth,641-967-1849 x802,21
7331,Abdullah Denesik,Hailey76@example.org,Port Jacqueline,(954) 924-2184 x70898,59
7332,Ellis Waelchi,Emil_Ratke@example.net,Rickeyside,1-624-960-2300 x710,24
7333,Clara Bednar,Jackie94@example.org,Jerodburgh,1-346-795-6904 x3062,40
7334,Henriette Harvey,Trudie37@example.com,South Floydburgh,1-921-420-6470 x9836,54
7335,Jarrett Tremblay,Blair_Considine@example.net,Lake Fridaport,625.543.3524,63
7336,Ruben Hermiston,Max_Quigley75@example.com,Eileenstad,1-792-519-8276 x913,61
7337,Josephine Treutel,Rufus.Grant64@example.net,Eagan,300-737-9954 x166,42
7338,Bennie Stroman,Anita83@example.org,North Mistyville,1-822-322-3128 x10396,41
7339,Carlton Dooley,Kristin_Cassin@example.net,Mablecester,1-306-423-7790 x253,36
7340,Maria Abbott III,Kay59@example.net,Wyman-Oberbrunnerberg,1-879-697-6975 x7880,57
7341,Rosendo Bahringer,Silvia.Kozey13@example.com,Charlottesville,1-498-590-9838 x741,32
7342,Sherman McGlynn,Silas_Barrows46@example.org,Rodolfochester,323.241.3552 x08343,40
7343,Krystina Rosenbaum,Tomas_Hayes-Jenkins60@example.org,Randyfield,1-434-346-9166,27
7344,Tamara Ruecker,David.Kertzmann@example.com,South Gate,1-377-933-6816 x5959,20
7345,Ollie Gerlach,Luther.Ankunding34@example.org,Kingville,(570) 947-5176 x934,49
7346,Maynard Schulist,Sharon_Swaniawski@example.org,Fayetteville,256-523-7287 x5671,29
7347,Mr. Andrew Hackett,Marcella84@example.net,Lake Carmelo,802.466.6762,29
7348,Christian Pfannerstill IV,Mckayla64@example.org,Sengerstead,(941) 659-6389 x3375,36
7349,Miss Paris Brekke,Jimmy.Gibson@example.org,Magdalenmouth,(433) 939-6972 x5816,44
7350,Jim Considine,Jeanie_Legros50@example.org,East Elaine,337-288-5852 x3176,35
7351,Emmie Champlin,Allan61@example.org,Elvashire,1-697-996-4630 x64630,65
7352,Mamie King,Alexandra12@example.net,Jupiter,557.311.9771 x753,57
7353,Penny Johnson II,Jaleel39@example.org,Theodoreville,748-807-7408 x6559,37
7354,Murl Christiansen-Leuschke,Rahul18@example.com,South Kristishire,788-916-2799 x57075,62
7355,Tyrese White,Gary50@example.net,Skokie,636-742-6566 x2566,58
7356,Skylar Koch,Allene_Smith@example.net,Kirlinborough,345-987-9634 x62964,59
7357,Sylvester Little,Favian54@example.net,Littleton,733-732-9091 x0439,21
7358,Alvena Johnson Jr.,Gerardo.Gutkowski@example.net,Gabrielworth,(333) 787-6811 x50378,19
7359,Troy Ratke,Cordelia_Torp15@example.com,Williamsonboro,(741) 519-7074 x015,45
7360,Trever Volkman,Keara_Crona59@example.org,West Kennithworth,488.267.0328 x99152,44
7361,Retta Sawayn,Javonte_Weissnat19@example.net,Lorain,413.629.6395 x2156,42
7362,Jerome Kessler,Jaime_Medhurst33@example.net,North Orabury,(980) 476-4047 x704,47
7363,Ms. Lucia Fay,Wilford_Huels41@example.com,South Jane,515.551.5834 x4529,56
7364,Spencer Dibbert,Maye_Kub92@example.com,Wesley Chapel,1-266-329-3070 x5851,57
7365,Sheldon Wintheiser,Tonya.Turcotte10@example.com,Biloxi,(316) 440-0294 x2403,47
7366,Chance Gutkowski,Gavin19@example.org,Lake Ariview,1-479-679-9836 x9529,26
7367,Dr. Jimmie Bartoletti,Amelia_Lowe63@example.net,Fort Dessiebury,393.568.3984 x764,49
7368,Lonzo Waters,Karen64@example.com,North Lanceworth,1-574-928-6142 x6077,23
7369,Dr. Amanda Leffler,Angela92@example.org,Crooksshire,1-399-527-6738 x44316,65
7370,Julie Doyle,Clovis_Leannon72@example.net,Port Alvaville,451.243.3632 x588,37
7371,Ronnie Padberg,Ashlee.Langosh@example.com,Fort Laurence,(428) 631-2848 x2890,61
7372,Lela Cole,Ora_Moen@example.org,Anchorage,1-808-251-1821 x456,45
7373,Ernest Jacobson,Darren_Gibson60@example.net,O'Hara-Ryanworth,443-477-0326 x3884,32
7374,Randy Herman,Alicia_Wilderman@example.net,South Anitamouth,687-217-1267,29
7375,Fredrick Auer,Edward_Lesch@example.net,Sibylview,(669) 666-5693 x348,56
7376,Dr. Sonya Pollich,Eugene_Veum@example.net,Port Antonina,(321) 978-2964 x2571,58
7377,Shakira Reichert,Sara_Feest@example.org,Hackettbury,429-964-9466 x786,31
7378,Mr. Forrest Farrell,Drew63@example.com,East Deloreshaven,1-376-704-6985 x98382,47
7379,Mr. Dino Weber DDS,Anya_Bogan@example.org,South Pierce,1-831-332-8507,20
7380,Miss Sherry Littel II,Glenda_Bergstrom88@example.com,Lake Gerry,1-967-373-9328,43
7381,Mr. Dayna Goldner,Alvena.Murphy11@example.com,Anderson,965-889-8089,63
7382,Helene Stokes,Rhoda_Pollich53@example.org,Pfannerstillhaven,(328) 870-4545 x9009,37
7383,Khalid Orn,Margie_Walter@example.com,Hegmannstead,440-244-4422 x85018,53
7384,Leland Legros,Luz_Schuster@example.org,South Lorenzofort,866-688-6322,43
7385,Jordan Greenholt,Garrison59@example.com,Sunrise Manor,627-400-9568 x088,43
7386,Freddie Denesik,Juan98@example.com,Sayreville,(294) 782-2172,49
7387,Arnold Brakus-Smitham Jr.,Herbert_Pacocha@example.net,Lake Wilburchester,819-841-3870 x397,27
7388,Melvin Schmeler,Agnes91@example.net,Rocky Mount,821-642-5340,33
7389,Dr. Bernhard Rosenbaum,Annie6@example.com,Collinsborough,918.704.2862,41
7390,Luther Hartmann DVM,Antwan89@example.net,Bountiful,(540) 249-8464,27
7391,Yvonne Jacobi DVM,Erma_Toy@example.org,Redding,(930) 611-8073 x85229,29
7392,Mr. Greg Strosin,Salma23@example.com,Port Lyndahaven,1-652-390-1497 x98657,54
7393,Felicity Wolff,Betty.Konopelski40@example.com,South Maxiechester,656-427-7228,29
7394,Otis Fisher,Benjamin23@example.com,Fort Davidstead,(971) 275-3498,22
7395,Ollie Champlin,Eric.Abbott69@example.com,New Krista,720-666-4952 x84783,58
7396,Thora Fritsch,Wesley.Little@example.com,Minafield,433.616.4776 x1424,26
7397,Lamont Wunsch,Meredith48@example.com,North Jaidenchester,850-585-4837,42
7398,Wade McDermott,Ollie.Auer5@example.org,West Una,(264) 633-7303,42
7399,Jacqueline Gutkowski V,Becky.Dach18@example.com,Layton,858-716-5606 x4109,22
7400,Rosemarie Weissnat,Henry.Cremin10@example.net,North Hillardburgh,485-942-9295 x38742,50
7401,Miss Dorothy Larkin,Frances_Stoltenberg@example.net,Port Maya,732-426-6365,35
7402,Willis Mayert,Guillermo.Fritsch-Kub74@example.org,New Irvinburgh,906-408-2793,62
7403,Peggie Trantow,Enrique.Lynch@example.com,Josefastead,367.682.4522 x3923,22
7404,Mabelle Rodriguez-Konopelski,Phil94@example.org,Fort Pearlie,595.402.4817 x9914,60
7405,Rolando Leannon,Vada.Schinner@example.net,Hermanstad,425-595-9058 x07434,31
7406,Mr. Murphy Swaniawski,Wanda.Thompson96@example.net,East Philip,391.415.8928 x509,56
7407,Joan Carroll,Gordon_Reilly73@example.net,Darioport,669.250.3467 x0795,22
7408,Miss Tanya Gleason,Tyler24@example.org,North Luna,648-469-7565 x05114,61
7409,Izaiah Towne-Purdy,Chaya_Raynor@example.org,Port Simon,(957) 414-6205 x273,34
7410,Elwyn Cremin DVM,Jerry_Heidenreich69@example.org,Huntsville,387.491.9212 x004,41
7411,Charlene Gleason,Bennett31@example.com,Alejandrochester,274-512-3070 x2639,36
7412,Jerry Kunde IV,Marjorie70@example.net,Paramount,1-911-506-4917 x035,48
7413,Maximo Willms,Angelica_Nienow8@example.net,Sherriside,1-833-465-4068,48
7414,Laney Trantow,Jaydon.Upton24@example.org,Hamilton,879-782-0898 x84347,58
7415,Taya Jakubowski,Brendan.Haley@example.net,Port Chrismouth,(428) 394-2809 x8738,41
7416,Mr. Everett Ratke MD,Rachael_Kshlerin24@example.com,Port Verner,414-892-2717 x949,49
7417,Violet Reynolds,Wilma_Willms49@example.org,New Lowellshire,1-864-874-1318,28
7418,Eva VonRueden,Maeve.Johns79@example.com,South Zolaport,475-720-3474 x76244,44
7419,Alejandra Stroman,Ora_Murphy@example.org,Wisokyton,611-625-7567 x81795,30
7420,Mr. D'angelo Swift,Tania.Hahn@example.org,Port Erickastad,934-945-2697 x44554,62
7421,Kellie Schmeler,Janet_Bahringer@example.org,Lake Kristen,1-233-703-3483 x119,54
7422,Billy Moore,Harriet97@example.com,Port Stacystead,467.339.0883 x1907,55
7423,Shawn Stroman,Henry_Goldner@example.org,Marcellatown,765-480-3655 x48308,19
7424,Renee Dickinson,Cindy_Quigley@example.org,North Lesley,1-670-823-9370 x296,62
7425,Breana Gottlieb,Johnnie_OConner85@example.com,Port Mertieside,406.920.8497,47
7426,Alfred Osinski,Merle_Hegmann@example.com,East Harriettown,297-562-5231,52
7427,Franz Bode,Lena_Jerde@example.com,Reston,(831) 704-4858 x31403,20
7428,Joey Bruen-Kuhn,Mohammad_Mann40@example.org,North Jeffreycester,796.763.6865,53
7429,Mr. Erick Russel,Troy_McKenzie5@example.net,Emiletown,767-904-1295 x02192,64
7430,Dayana Robel,Beth52@example.com,Murazikstad,691.204.2847,61
7431,Violette Wuckert,Caroline_Olson@example.net,Fort Princess,493.975.6762 x4418,34
7432,Furman Farrell,Desiree.Torphy99@example.net,Schroederburgh,893.339.0408 x860,55
7433,Tiana Hodkiewicz,Donnie.Kuvalis@example.net,Pine Hills,243-636-2981,64
7434,Miss Michele Miller,Enrique.Johnston9@example.org,West Taureanberg,271-773-5811 x40114,27
7435,Dominick Bauch,German_Doyle@example.org,East Coryport,408-628-2936,48
7436,Rachael Stanton,Julie.Pagac@example.com,South Sonja,1-452-267-0168 x941,50
7437,Elmore Bruen,Olivia_Hyatt61@example.org,North Craigcester,568.949.0772 x519,55
7438,Keenan Reinger,Sheri.Stoltenberg@example.net,Port Jo,645.953.6129 x13078,27
7439,Isaac Herman,Lisa99@example.org,Blickview,781-449-6484 x18162,24
7440,Gene Bashirian,Jerad.Sporer@example.net,South Gretchen,977-856-9793 x26832,31
7441,Nathan Padberg,Blair12@example.org,Vestaborough,486-977-8923 x3345,60
7442,Brandi Boyer,Carlos_Robel@example.com,Swaniawskichester,(688) 854-8350 x538,28
7443,Leigh Mante,Sammy_Schmidt@example.net,Arlington,571-728-8989 x7670,30
7444,Gilbert Mann,Homer_Strosin@example.org,South Clark,299-793-7800 x5243,28
7445,Kathryn Halvorson,Ana.Wolf@example.com,Goyettefield,1-539-459-4410 x760,20
7446,Katlyn Blanda,Christie.Runolfsson43@example.net,Phoenix,(257) 753-0915,28
7447,Priscilla Schneider V,Maeve.Aufderhar55@example.org,Lefflerchester,(576) 990-8023 x71820,62
7448,Mrs. Crystal Kassulke,Adelbert.Torp@example.org,Lucybury,326-535-5419,49
7449,Salvatore Moen,Toby.Smitham52@example.com,Port Zoie,491.861.1004 x40514,42
7450,Gerhard Harris,Emmett_Medhurst93@example.org,Baumbachhaven,441-967-7583,51
7451,Jeff Lowe,Maximus74@example.net,Paulinemouth,(955) 297-8622 x40193,47
7452,Salvador Monahan,Josie78@example.com,Sanfordton,680.918.5176 x6374,28
7453,Melanie Smitham,Pedro.Zieme47@example.net,Lake Merlefort,1-365-557-3075 x877,20
7454,Levi Braun II,Ricardo_Leuschke@example.com,Port Lewis,1-736-606-5147 x079,28
7455,Jermaine Nikolaus,Laura_Goyette7@example.net,North Daisy,(275) 506-5258,52
7456,Jasen Lind,Cooper42@example.net,West Elaine,1-263-527-3535 x939,31
7457,Jaida Williamson-Hartmann V,Amari_Lemke@example.net,Bartonberg,413-747-6219 x2404,29
7458,Athena Casper,Rick72@example.com,Fort Staceyside,708.641.4343 x3028,48
7459,Nina Pfeffer,Graham_Hamill@example.net,East Kristie,701-584-1577 x0309,28
7460,Sandy VonRueden,Sandra_McClure2@example.com,North Adrian,843.800.1447 x84659,54
7461,Olin Rowe,Shayna_Ferry66@example.net,East Terrencecester,1-328-973-8476 x63110,41
7462,Earnest Herzog IV,Kadin.Kozey94@example.org,Vandervortbury,1-713-280-6703 x9612,35
7463,Amalia McClure,Mack_Flatley76@example.com,Fort Morrisbury,1-270-474-8908 x3542,25
7464,Frederick Boehm,Emilio_Gibson64@example.com,Hackettborough,(700) 943-3026 x314,46
7465,Mrs. Aisha Cremin,Leigh_Gerhold15@example.net,Bernhardstead,(994) 568-0827 x180,56
7466,Vivianne Gibson IV,Angela94@example.net,Fort Derekshire,298.959.8693 x436,50
7467,Julie Skiles,Eriberto18@example.org,New Destini,271.576.9960,27
7468,Maurice King V,Mildred.Oberbrunner3@example.net,South Mauriceside,231-608-2665 x59186,42
7469,Rene Leannon,Hollie79@example.net,Wisokyworth,(675) 555-5823 x43955,49
7470,Patty Bechtelar,Tyrone.Rogahn@example.net,Brucecester,622.683.6152 x42648,29
7471,Dr. Sergio Bailey,Noel76@example.org,Port Dayanafort,1-682-689-5173 x478,44
7472,Isai Simonis,Marguerite68@example.com,Streichfort,(626) 420-2804,18
7473,Lindsay Hudson,Clint_Considine@example.com,Fadelfort,1-414-838-6436 x378,49
7474,Camden Ernser,Toby.Friesen@example.org,Peabody,699-941-2057 x90372,49
7475,Mr. Fae Howe,Antone25@example.com,West Rogeliobury,1-381-519-9430 x12727,26
7476,Forrest Hodkiewicz,Elody_Hermann@example.org,Marisolcester,494.479.6213 x12482,42
7477,Gilberto Lueilwitz,Regina61@example.org,Randolphland,287-238-1394 x3858,48
7478,Uriah Strosin,Lewis48@example.com,Fort Rodney,433-532-7636,37
7479,Mr. Phoebe Kub,Bill.Franey82@example.org,Monahanport,1-532-939-3332,29
7480,Anthony Bins,Bruce92@example.com,Lakinport,492.328.0351 x031,50
7481,Darla Moen,Henry98@example.net,Russellhaven,392.300.1694 x27840,18
7482,Agnes Von,Harriet_Hansen@example.com,McDermottstad,(823) 351-9313 x15718,51
7483,Benton Bashirian IV,Kendra_Fisher@example.net,East Rosaleefurt,1-831-451-7650,39
7484,Ramiro Kling,Sonia.Maggio@example.com,Robertburgh,896.722.4394 x94145,41
7485,Rafael Brakus,Jeannette93@example.net,Ethelynland,(978) 275-3432,31
7486,Norman Boyle,Pedro_Schaden@example.com,South Danielstead,1-449-751-9956 x3135,47
7487,Clark O'Connell,Alicia_Stoltenberg67@example.net,Lueilwitzville,(836) 344-8831 x93939,29
7488,Kay Hackett,Trenton10@example.org,New Caroleton,932.944.0029,56
7489,America Bogan,Eric_Runolfsson70@example.com,Gottliebton,1-747-815-6643 x33974,60
7490,Michale O'Keefe,Amos_Heaney34@example.org,Alhambra,668.365.5875,59
7491,Mr. Stefanie DuBuque,Felipa_Kris45@example.com,Brownsville,340-640-3344 x89439,61
7492,Freddie Medhurst,Tim.Hudson5@example.com,Lake Allison,808-292-4213,19
7493,Barry Thompson,Aryanna.Beer83@example.org,Betsyton,(469) 917-7479,19
7494,Louie Senger,Michael_Zieme69@example.net,Laguna Niguel,436.945.7775,49
7495,Grant Ryan,Samantha50@example.com,Wolfburgh,(531) 638-5068,65
7496,Marsha White,Dallas.Stokes@example.org,Charlottesville,839-866-2045 x425,19
7497,Garfield Oberbrunner,Yesenia.Prohaska79@example.org,Brandystad,1-742-914-9566 x20724,64
7498,Rusty Anderson III,Malika.Welch@example.net,Port Alfonso,(593) 712-9991 x67561,62
7499,Nelson Labadie II,Cathy.Quigley24@example.com,Breitenbergville,(854) 730-9986 x20563,58
7500,Josh Johnson-Wisoky,Judy.Bahringer@example.net,Emiliofort,290-496-5571,45
7501,Sheryl Keeling,Eliezer68@example.com,Runolfssonshire,1-347-211-0297 x11297,55
7502,Dr. Tomas Kohler,Korbin.Hamill@example.net,Lake Jamal,1-374-344-9222,44
7503,Arthur Mayer,Allison72@example.net,West Randall,(644) 260-7626 x67310,28
7504,Norene Gleason,Opal_OKeefe@example.net,Santa Rosa,625.708.9258 x48035,45
7505,Oran Torphy II,Soledad.Roberts@example.org,Scottsdale,744-278-5572 x9372,38
7506,Evan Kerluke,David.Hintz5@example.net,North Marianahaven,662.543.2608,22
7507,Kaitlyn Johnston,Catalina36@example.net,Cormierchester,1-967-310-1240,52
7508,Manuel Kozey,Wava_Hauck15@example.net,Kristiborough,434-573-9222 x98762,47
7509,Nathaniel Bayer,Ramona.Mraz@example.org,Pueblo,1-677-989-0779 x0821,59
7510,Anita O'Connell II,Rowland68@example.org,Tulsa,374.485.3397 x227,44
7511,Donald Labadie,Pierce11@example.com,Rempelboro,(876) 990-4881 x974,46
7512,Therese Zulauf,Mary.Prosacco76@example.org,DuBuquefurt,1-407-246-1605 x6663,63
7513,Mr. Loren Quitzon,Sergio99@example.net,Lake Novellachester,486.892.3988,60
7514,Sheri Wilkinson,Lorraine_Hane92@example.org,Port Nina,1-958-925-7014 x2225,39
7515,Cecilia Deckow,Adrien_Luettgen@example.com,Alyciatown,815.341.9812 x2913,57
7516,Maurine Nader,Delia.Ward@example.net,Kirlinhaven,(735) 905-7396 x7674,65
7517,Kurt Cassin-Lowe,Susana_Collins41@example.org,Fort Patrick,596-892-2503,55
7518,Mikel Carroll,Eriberto.Abshire16@example.net,Paucekton,836.712.6850 x21607,37
7519,Warren Daniel,Danika.Kulas60@example.com,Collinsworth,1-255-385-3774 x5401,50
7520,Maci Ruecker,Misty70@example.com,West Hassie,788.978.9923 x8550,37
7521,Eldred Kovacek DDS,Agnes_Kling47@example.com,South Justin,638.480.5182 x76267,54
7522,Forrest Johnson,Roxane.Skiles15@example.org,West Nathanaelburgh,1-647-352-4621 x698,43
7523,Bulah Mann,Ellsworth.Hagenes@example.com,Alannaborough,1-668-367-2049 x09723,39
7524,Josefa Fay,Marco_Sawayn@example.org,Lake Nashstad,226.903.3176 x6253,43
7525,Miss Kristin Cummerata,Judith_Price-Welch@example.com,Gulgowskifield,292.637.4921 x4049,21
7526,Ms. Margaret Howell,Doreen17@example.com,North Roxannestad,717-553-2107 x202,58
7527,Misael Conn MD,Katrina_Gleichner72@example.net,Vonstead,595.228.4903 x9783,42
7528,George Bauch,Edwin_Kub@example.net,West Javier,270.712.6802 x6857,25
7529,Lydia Ruecker DDS,Buck.Terry-Lynch@example.net,Beattyburgh,743.800.4099 x59500,26
7530,Mrs. Candace Windler,Claire.Walter@example.com,Port Sheri,(202) 494-2956 x87378,44
7531,Kurtis Torphy,Shelly_Nicolas41@example.net,Stevenfurt,474.289.8417 x96785,34
7532,Mr. Frederick Hoeger I,Garfield_Ruecker29@example.net,San Leandro,773-898-3745 x5457,52
7533,Freddie Johnston,Ofelia_Breitenberg7@example.com,Pfefferland,741.759.7686,30
7534,Yvonne Labadie,Darryl.Crooks@example.net,Steubermouth,922-482-1905 x5315,62
7535,Ole McGlynn III,Marvin.Kilback84@example.net,Quintenchester,(707) 930-2082 x525,33
7536,Minerva Schiller,Julius.Gottlieb@example.net,Richardson,1-812-882-9763 x738,63
7537,Lizeth Moore,Zoie85@example.net,Fort Paulettefurt,457-419-0713 x883,43
7538,Marcus Kovacek,Jacques.Goyette@example.com,Kuphalworth,635.302.8674,61
7539,Miss Darlene Franey,Amy.Hills@example.org,Havenview,1-863-430-0027,33
7540,Tricia Gibson,Norma.Haag@example.net,Fort Rogerfort,(737) 976-6594 x14459,19
7541,Rosemarie Price,Donnie.Schaefer@example.org,Carrollfurt,(966) 792-6245 x857,40
7542,Kristi Gutmann,Sophia38@example.net,Cartwrightside,1-273-253-9820 x88007,51
7543,Verda Rodriguez,Vanessa.Weimann@example.org,Juliafield,(472) 509-0067 x18957,60
7544,Penny Ortiz,Ena.Boyer97@example.com,Port Romanview,695.929.7446,38
7545,Orville Dare,Saul_Haley@example.net,O'Keefebury,(903) 422-3594 x2782,31
7546,Anastacio Kihn,Samantha.Schuppe2@example.net,North Roderickville,(609) 335-8392 x88189,31
7547,Joel Moore,Bobbie.Schaden@example.org,New Nyahworth,1-417-617-9709 x7471,18
7548,Jorge Kreiger Sr.,Bridgette_Lindgren@example.com,Rohanland,1-915-303-6821,41
7549,Mr. Leon Turner,Krystel90@example.org,Fort Conradtown,423.354.8441 x29626,56
7550,Adrienne Hermiston-Nader I,Carmine_Ledner94@example.com,Port Nicoleport,679.852.5326 x98837,57
7551,Mr. Todd Nolan,Ian.Hilll@example.net,Rowlett,(543) 938-8379,46
7552,Charlene Gutmann-Wyman,Bria.Ullrich70@example.org,New Coryville,(324) 978-3891 x4986,44
7553,Amber Purdy,Karla.Murphy82@example.com,Whittier,893-380-7700 x19116,62
7554,Dr. Madonna Herman,Leonardo_Zboncak67@example.net,Lake Crystal,(262) 514-5053 x9691,44
7555,Marie Lind,Janie.Kozey-OKon72@example.org,Lake Khalidchester,(966) 816-3402 x7756,19
7556,Vernon Ernser,Delphine83@example.org,Gutkowskichester,(490) 755-4493 x4598,51
7557,Edwin Maggio,Allie_Weissnat@example.net,Port Jillside,286-306-0277 x089,34
7558,Ruben Veum,Geovanny_Breitenberg@example.com,Trujillo Alto,(729) 316-3454 x133,45
7559,Miss Harmon Davis,Jennifer26@example.com,Hettinger-McLaughlinstead,(503) 253-7571,33
7560,Phillip Bauch,Cecilia.Pagac18@example.net,Port Sterlingside,1-969-615-1764,63
7561,Lynne Schuppe V,Marc.Cummerata@example.com,Frederickfield,1-582-736-1540 x6818,29
7562,Carlo Schmitt,Jeanette_Jones@example.com,South Fidelport,(345) 686-8713 x393,55
7563,Paolo Weissnat MD,Andy33@example.org,West Felton,(408) 409-8756 x856,51
7564,Ernestina Wunsch,Laury.Marks53@example.net,North Janessa,(573) 619-4823 x51250,28
7565,Augusta Lynch,Sigmund_Smith@example.com,West Seneca,509-673-4112,59
7566,Frank Rosenbaum,Rosalie.Effertz97@example.net,South Greg,633-935-4226 x1305,43
7567,Patrick Lind,Kenton_Runolfsson@example.com,Lake Reilly,955.684.9386 x150,55
7568,Ariel Parker,Wayne.Kreiger97@example.org,Thielfurt,703-461-5376,46
7569,Trevor Torp,Woodrow_Dooley87@example.net,Wiltonshire,233-940-8250 x3558,22
7570,Brandon Kshlerin,Paulette.Macejkovic65@example.net,Melissaboro,528-983-8884 x681,58
7571,Ford Moen,Austin39@example.net,Catalina Foothills,(396) 697-7510,36
7572,Titus Frami,Joey.Dooley6@example.org,Hintzboro,(250) 914-4372 x16354,46
7573,Bessie Lynch,Maurice91@example.org,Barryfield,1-455-232-2908,38
7574,Dianna Hand-Abbott,Nelle_Mann31@example.com,Fayetteville,1-434-834-1317,47
7575,Savannah Green,Camille48@example.com,Kendale Lakes,(727) 202-7143 x362,52
7576,Cristal Flatley-Stoltenberg,Margaret.Weber-Schulist@example.org,Blazefurt,(811) 507-8916 x928,37
7577,Darrick Goodwin,Raymundo39@example.com,Port Randy,1-976-614-5994 x9961,54
7578,Lance McLaughlin,Annamae_Armstrong@example.com,Elmotown,(495) 616-4482 x05108,56
7579,Terri Koelpin,Maegan_Lockman@example.org,South Lila,1-316-351-0971 x2234,18
7580,Felicia King IV,Tyler.Ziemann-Konopelski61@example.org,Murfreesboro,(588) 296-5631 x8112,61
7581,Trace Zulauf,Ellis_DuBuque@example.net,Cedar Park,(381) 259-9620 x3465,24
7582,Clarence Botsford,Cassidy.Gottlieb52@example.org,West Santos,1-683-911-6922 x0490,51
7583,Miss Lucio Wilkinson,Braden_Metz13@example.com,Clovis,(561) 840-6123,40
7584,Mr. Warren Hartmann,Lindsey_Krajcik91@example.com,Angeloshire,(576) 803-7584 x26869,44
7585,Madaline O'Keefe DDS,Allen62@example.org,Newark,918-459-5366 x74607,25
7586,Enrique Beatty,Don_Gutkowski17@example.org,South Hilda,830.833.8845 x91577,39
7587,Maria Johnson,Pearl.Deckow@example.net,Doloresmouth,354-293-2814 x012,56
7588,Idell Ryan,Cassandre58@example.net,Rosariofurt,855-739-7902 x958,62
7589,Charity Considine Sr.,Janis_Osinski@example.com,Lindaboro,(566) 674-6118,45
7590,Bryant Walker,Axel39@example.com,West Maymiefield,722-809-9126 x76813,31
7591,Katie Rowe,Margie_Mueller22@example.com,Rachaelview,670.877.6465 x4718,33
7592,Dr. Flavie Carroll,Favian.Huels@example.org,Uriahborough,1-394-811-6504 x7599,64
7593,Kristy Kunze,Bert_Collins0@example.net,Royview,691-618-7105,53
7594,Ike Gleichner,Maymie_Yundt@example.org,Craigborough,(880) 205-6255,31
7595,Karen Grady,Gilberto65@example.org,Waipahu,860.769.7469 x58131,63
7596,Mafalda VonRueden,Greta_Lakin23@example.com,Port Rudy,(450) 723-3170 x93966,18
7597,Jon Brakus,Roslyn70@example.net,Abbigailfort,214-578-2686 x900,64
7598,Sonia Schaden,Jaqueline97@example.org,Antonettastad,454-778-6215 x180,18
7599,Adell Schroeder,Noemi.Schaden24@example.com,Rochester,(833) 747-1423,64
7600,Marcella Funk Sr.,Vincenza.Friesen@example.net,Samstead,(672) 750-1963,57
7601,Elaine Runolfsson,Vera_Raynor25@example.com,Almabury,(620) 820-3688 x4535,55
7602,Icie Connelly,Lloyd15@example.com,Decatur,924-635-1254,48
7603,Mrs. Tracey Maggio-Casper,Van50@example.org,Kerlukeboro,686.456.8329,19
7604,Luella Rodriguez,Dustin_Ankunding94@example.org,Huelland,(806) 602-3492 x718,31
7605,Jerrold Collier,Cletus12@example.org,Fort Josephine,709.855.6298 x929,58
7606,Dewey Rohan,Karolann_Veum49@example.net,East Lansing,873-355-7265 x7893,50
7607,Mr. Darnell Grimes,Justin_Dicki@example.com,Geraldineworth,1-735-695-4956,21
7608,Gertrude Pollich DVM,Giovanny.Treutel10@example.com,Lynchport,(378) 269-2703 x638,53
7609,Larry Torphy,Augusta_Mayert@example.com,Braunview,(283) 741-8443 x866,61
7610,Desiree Howell,Felipe.Dach71@example.org,Reading,1-786-858-4072 x64795,28
7611,Khalil Koch,Dana62@example.net,North Mertieshire,505.640.8362 x949,61
7612,Joey Ratke,Carrie_Davis29@example.org,Clearwater,1-735-348-2394 x90791,25
7613,Charley Considine,Kyleigh.Langworth79@example.org,North Wyatt,1-306-241-0652 x8820,33
7614,Miss Paula Abshire,Sherry_Douglas37@example.com,Raleigh,(406) 962-2208,27
7615,Willard Gislason,Marietta_Cole@example.com,Wilmington,781-636-7433,21
7616,Bridie West MD,Tonya55@example.org,Wuckertport,1-315-945-9408 x78173,27
7617,Marty Herzog,Wade31@example.com,Bartellside,1-425-827-3002 x10462,32
7618,Wilhelmine Mayert-Legros Jr.,Forrest19@example.com,South Marianestead,(570) 267-5634 x428,58
7619,Shelly Schneider III,Jose33@example.org,Independence,500.977.9113 x597,43
7620,Willow Waters,Camylle_Rogahn37@example.org,Fort Violette,892.961.8208 x67136,22
7621,Maxine Barrows,Tremaine.Pouros@example.com,Willborough,815.350.8044 x318,31
7622,Aaron Fadel,Nicholas70@example.net,Santiagobury,851-929-9850 x07437,51
7623,Theodore Kshlerin,Roberta_Fritsch94@example.org,Emmerichfurt,1-802-933-3018 x2855,42
7624,Abel Jones,Junius.Bauch@example.net,Walshborough,309-392-5991 x1146,54
7625,Katherine Tillman,Vivian26@example.net,Peabody,699-782-1629 x273,64
7626,Jimmy Boyle,Traci.Torphy@example.net,Port Justinamouth,1-351-402-1622 x931,38
7627,Arlene Wiza-Emmerich,Aaron80@example.com,Fort Ransomport,1-468-939-2564 x8597,25
7628,Arnold O'Conner,Billy_Kilback89@example.org,Port Eunicefort,(395) 545-3651 x38979,27
7629,Raquel Mante,Sandra_Schneider49@example.net,Blacksburg,494-480-8186 x959,64
7630,Hunter Kessler,Grant86@example.org,Ocala,1-686-283-3791,50
7631,Taryn Stroman,Wendy.Brakus@example.net,North Rhonda,1-602-384-8406 x5409,61
7632,Orrin Mertz,Amelia97@example.net,Danielaside,1-259-425-8179 x9020,44
7633,Ayden Schamberger Jr.,Shayne.Schneider@example.com,Fort Giuseppestead,(888) 747-3185,52
7634,Wilfredo Gottlieb,Rosalinda_Wiza@example.net,South Alessandro,618-359-8645,47
7635,Kerry Lindgren,Camille_Farrell@example.org,Westfield,1-999-226-2712 x25798,21
7636,Elian Cormier-Stiedemann,Gennaro23@example.com,Bergnaum-Mayerthaven,1-875-798-1683 x24200,23
7637,Grady Cartwright,May24@example.net,New Jeanne,809-476-3761 x983,35
7638,Pansy Reynolds,Tyshawn84@example.net,Howeboro,1-889-797-3113,25
7639,Emmanuelle Beier,Cathy80@example.org,East Dominickburgh,267.307.4134 x37119,42
7640,Jacynthe Hirthe,Edgar_Botsford14@example.org,West Stacy,1-299-441-3294 x85784,53
7641,Jewell Ebert,Burley.Rath16@example.net,Murfreesboro,395.663.8275 x23777,44
7642,Hector Weimann,Melba80@example.com,Beattymouth,1-260-251-7412 x6756,56
7643,Callie Torphy,Ronald.Jacobson99@example.org,Harrycester,1-973-268-5853 x8929,59
7644,Yoshiko Wehner,Verdie_Hartmann51@example.org,Port Arthur,1-485-857-0401 x54922,37
7645,Enid Little,Major35@example.com,Strackefort,333-616-0668 x2616,61
7646,Fritz Heidenreich,Esther.Mayer@example.com,Keeblermouth,478-909-8019 x4705,26
7647,Toni Jakubowski,Eugene.Windler3@example.org,Bessieport,271.938.3284 x070,48
7648,Devan Pacocha,Mya_Murray18@example.net,South Bart,1-645-886-1341 x2773,41
7649,Alanna Nienow,Hattie.Deckow4@example.org,Warner Robins,(408) 892-7915,60
7650,Jerome Klein II,Margaretta_Borer@example.org,Bowie,(283) 989-0072,33
7651,Darin Gibson,Jeannette.Gutkowski@example.net,West Vinniefurt,(694) 600-4333,18
7652,Mr. Sammy Pouros-Botsford,Kristina11@example.net,Juliofort,(842) 221-5434,39
7653,Guy Lang,Ramona.Bode27@example.com,Stoltenbergmouth,1-509-441-1179,40
7654,Bruce Rowe,Charles.Kautzer66@example.org,Prohaskaworth,847-789-5904,54
7655,Florida Schuster DDS,Frances.Tremblay66@example.org,O'Konport,(426) 648-2359 x38801,32
7656,Breanna Hartmann III,Sabrina.Schaefer71@example.org,Woodbury,1-266-714-3689 x868,27
7657,Rickey Johns III,Rae28@example.org,East Franklin,1-700-684-7646 x11779,24
7658,Mr. Willard Kutch,Candace_Price69@example.org,New Garfield,965.239.2342 x1063,20
7659,Eleazar Doyle,Christian.Simonis@example.com,Ottoborough,821.843.2091,28
7660,Mr. Oscar Wiegand Sr.,Debra.Wiza@example.net,Wunschboro,659-949-2088 x5461,32
7661,Mara Senger,Bertram.Cassin-Weimann11@example.net,Brekkeshire,539-771-9211,37
7662,Norris Kris,Naomi22@example.com,Santa Monica,1-464-403-0843 x028,30
7663,Zoey Grimes,Marisol98@example.org,Port Bethanymouth,1-991-257-0051 x195,57
7664,Amie Zemlak,Jaime_Hermann37@example.com,Port Julio,1-262-972-0852,31
7665,Evan Littel,Ronaldo_Block@example.com,Port Esther,(978) 290-5439 x960,41
7666,Antonia Marks IV,Olen_Kling@example.net,North Steveton,(766) 983-5465 x411,64
7667,Gene Friesen III,Rubie_Kris@example.org,Rueckerboro,531.812.1532 x62998,49
7668,Jayne Leffler,Mylene83@example.org,Pasco,(962) 204-4416 x329,24
7669,Baylee Robel,Leola.Gerlach@example.net,Reston,939-824-2604 x70165,39
7670,Mr. Rodney Carroll,Jacquelyn57@example.org,Federicoburgh,692.996.9485,60
7671,Mose Waters,Shawn4@example.com,Menifee,1-895-698-2261 x42118,27
7672,Miss Katie Brown DVM,Kaley.Renner10@example.com,Coltonboro,436-702-5371 x299,65
7673,Taylor Bahringer,Sonja_Robel@example.org,East Rolandmouth,893.711.9978 x1648,63
7674,Randall Schuster,Wilburn92@example.com,Port Gwendolyn,1-964-983-8228,42
7675,Mr. Leland Labadie,Shaun_Terry88@example.com,South Ryanbury,282.976.2719 x5982,27
7676,Mr. Nola Purdy,Daisy63@example.org,Fort Jaysonshire,1-302-671-0211 x55114,29
7677,Rey Cartwright,Elvie.Koepp@example.net,Augusta-Richmond County,1-466-727-2172 x68140,42
7678,Matthew Stamm,Genevieve_Lueilwitz31@example.org,West Eltonfield,344-622-0145 x942,49
7679,Yolanda Macejkovic,Karley19@example.com,Anneboro,1-401-405-7010 x230,44
7680,Louisa Raynor PhD,Grover24@example.net,Yolandaworth,833-799-5559,32
7681,Audrey Heidenreich,Myra9@example.com,Robelhaven,(693) 801-7678 x203,19
7682,Beulah Larkin,Alysson.Stamm@example.org,South Quinten,1-290-496-4288 x340,50
7683,Kale Haley,Wilber_Keebler51@example.net,East Herbert,842.521.9426 x153,31
7684,Alvah O'Conner,Jon.Tremblay@example.org,South Sven,(365) 918-6941 x01267,29
7685,Eudora Haag,Penny.Sporer@example.net,East Salvador,514-844-4440,54
7686,Denise Mraz-Mraz,Constance69@example.net,Port Roderickhaven,426-703-6457 x511,26
7687,Vilma Considine,Stephanie.Borer29@example.com,North Delmerport,1-932-837-8994 x52614,59
7688,Jeanne Kiehn II,Rickie63@example.net,Binghamton,792.480.4877 x7024,56
7689,Rachael Zemlak,Bradley_Weimann@example.org,Reillycester,1-695-274-3290 x6429,26
7690,Marie Huels,Hazle40@example.com,Roweton,464.652.8334 x79997,46
7691,Adriel Fay,Doris_Johnson66@example.com,Sunnyvale,671.533.7800 x3542,57
7692,Mr. Kiarra Lowe,Lowell_Muller@example.org,Joliet,207-950-6997,58
7693,Silvia Zulauf,Andrea52@example.com,Lindgren-Zboncakstead,(776) 672-4020 x278,27
7694,Hector Bashirian,Letha52@example.net,West Emelytown,311-637-4309 x002,41
7695,Blanche Botsford,Billie61@example.com,Amariberg,408.526.7754 x6511,34
7696,Ansley Senger-Moore,Torrance.Bogan21@example.net,Port Deanna,312.763.2940 x94444,48
7697,Lindsay Shields MD,Jana.Pollich30@example.com,Kochside,(344) 283-1561 x63415,20
7698,Geraldine Spencer,Aletha69@example.net,New Rogerchester,(561) 804-7835 x57717,20
7699,Jonathan Prosacco MD,Jana.Barton81@example.org,Fort Gertrudecester,775-875-2341 x0402,45
7700,Dortha Batz,Armani_Boyer4@example.org,Southaven,895-920-5191 x458,50
7701,Gennaro Spencer,Ramon60@example.com,Glenview,547-599-5513 x3842,44
7702,Spencer Rogahn,Darwin_Gibson91@example.org,New Jordycester,1-828-372-0492 x118,26
7703,Krista Hilll,Dallas56@example.com,West Jalen,(406) 278-6154,30
7704,Tonya Friesen,Earl27@example.com,Wittingport,579-365-9069 x9719,57
7705,Marcos Borer,Gladys5@example.org,Lake Chaseberg,222-591-8390,51
7706,Moshe Weimann,Dereck60@example.com,Port Marty,751.988.8821 x2107,39
7707,Dr. Mara Murphy,Davonte18@example.net,Watsicatown,1-877-559-8382,34
7708,Mitchell Lubowitz,Frankie13@example.com,Port Christianfield,1-292-236-4728 x49607,24
7709,Octavia Wehner,Alberto47@example.org,South Carrie,1-760-998-6215 x0739,23
7710,Eduardo Sanford,Tara.Swift@example.org,Port Carterboro,853.443.3964 x34266,48
7711,Mr. Donnell Koss,Julie_Donnelly94@example.net,South Kiera,704-702-9480,42
7712,Nigel Terry DVM,Troy_Wunsch64@example.org,Victorcester,1-234-754-4951,33
7713,Adolphus Brakus,Jeff_Rice@example.org,North April,1-337-476-4330 x2987,31
7714,Mr. Vada Bailey,Ramona.Braun@example.com,O'Keefefurt,1-791-483-3930 x030,48
7715,Lance Friesen,Jack22@example.org,East Dulce,800.740.4433 x82007,61
7716,Estevan McGlynn,Linwood10@example.org,Fort Spencerboro,588.935.3243 x8111,26
7717,Zander Denesik,Gregoria_Flatley@example.com,Cutler Bay,705.981.5356 x18725,38
7718,Aubrey Heller,Delta_Franey@example.net,Michaelworth,(772) 398-6602 x03500,45
7719,Cedric Breitenberg,Eliane.Bradtke33@example.net,Marlinfort,347.241.6830 x38992,65
7720,Stacy Mosciski,Sidney38@example.net,Jessycafield,1-382-608-8093 x4936,47
7721,Arlene Wisoky,Tomasa70@example.com,Berkeley,911.935.7111 x659,61
7722,Miss Noemi Schamberger,Lynn.Lind@example.net,Kerluketown,(536) 931-0498 x77562,25
7723,Reece Goodwin,Rose23@example.net,Rettaside,237.521.0309 x5719,27
7724,Misty Langworth,Wilfred.Kertzmann-Zulauf52@example.net,New Deangeloboro,1-565-748-1417 x207,61
7725,Spencer Ziemann,Rodolfo_Anderson24@example.org,East Amaniborough,301.880.2584 x96312,33
7726,Salvatore Kunze,Mary96@example.net,Wauwatosa,480-487-3939 x3645,54
7727,Peggy Green,Howard.Crist@example.com,New Ethelburgh,957.568.3149 x60328,37
7728,Eva Hahn,Elijah_Hansen@example.org,Kutchberg,1-620-458-7235 x639,55
7729,Deborah Bayer,Alaina72@example.net,Elmerworth,497-621-1465 x528,42
7730,Braeden Howe,Vernice_Gottlieb55@example.net,Winstonberg,(355) 687-0002 x8572,50
7731,Dr. Philip Corkery,Ronny17@example.com,Deonteboro,1-239-538-1618 x4984,38
7732,Percy Hane,Lucas_Cassin6@example.org,East Nayeli,(641) 963-9081 x825,48
7733,Lawrence Wisozk-Block,Alvin.Mraz@example.net,North Tom,(324) 943-8312 x1942,24
7734,Mr. Andres Olson,Emmy_Schumm69@example.org,Moniquetown,(617) 243-0712,21
7735,Marguerite Kling,Layla.Runolfsdottir@example.org,East Deniseport,1-968-934-6079 x0251,54
7736,Devonte D'Amore II,Eleanora.Schowalter91@example.com,Lenexa,383.547.2197 x625,45
7737,Mr. Seth Hamill,Jeff82@example.org,Bradside,1-430-457-9165 x26092,58
7738,Sylvester Bradtke,Clinton.Kozey@example.org,Glennworth,778.539.6964 x78764,19
7739,Tamara Fahey,Vesta_Mayert@example.org,Considinefort,1-419-303-6591 x9477,57
7740,Cristina Becker,Alverta_Mitchell-Kertzmann9@example.com,Ogden,1-987-631-6503 x52400,33
7741,Miss Susie Wunsch,Curtis_Braun@example.net,Garrethaven,1-805-416-8934 x444,39
7742,Faye Robel Sr.,Sidney60@example.org,Port Kodymouth,1-296-820-0405 x83573,42
7743,Tremayne Lind,Freda_Hand@example.org,Quincy,1-240-472-9672 x8437,27
7744,Alonzo Ernser,Geovany83@example.net,Dejuanland,922.484.7700 x73402,36
7745,Mercedes Koch-Torphy,Brielle.McLaughlin@example.org,Irabury,899.821.1032 x25690,59
7746,Summer Berge IV,Marion_Bergnaum31@example.org,Balistreritown,1-640-638-0651 x1771,56
7747,Landen Funk,Henry60@example.net,Browncester,(210) 889-5614 x12788,28
7748,Uriel Towne,Darion_Ledner59@example.org,Larsonburgh,(514) 471-9399 x83667,39
7749,Christian O'Connell,Rowan_Rodriguez-Friesen@example.net,Ortizstead,823-240-2571,39
7750,Carolyn Kunde,Roxane98@example.com,Palm Harbor,1-983-969-1714 x3769,34
7751,Sean Russel,Todd41@example.net,Earlineport,(844) 679-5098 x14277,34
7752,Mrs. Karson Roberts,Seamus32@example.com,Lockmanfield,(660) 949-7790,26
7753,Betty Reichert III,Brycen56@example.net,East Tim,613-772-6439 x6230,49
7754,Hugh Langosh,Novella.Mitchell37@example.com,Oro Valley,1-680-408-6550,49
7755,Herbert McGlynn,Cecilia.Schmeler@example.net,Cassidyport,581.286.6958 x886,25
7756,Fredy Herman,Lynn.Mayer43@example.org,The Hammocks,1-439-312-5480,41
7757,Eloise Bartoletti,Cody_Hahn@example.com,North Clyde,1-570-723-0895 x317,52
7758,Benton Fadel I,Fannie_Schowalter15@example.com,Walsh-Schadenhaven,1-736-673-0276 x3960,24
7759,Noble VonRueden,Jarret.Harvey-Gleason97@example.net,Lake Aileen,733-913-2402 x3067,34
7760,Mr. Brady Gutmann,Favian_Will45@example.com,East Wmfort,1-411-786-9409 x8585,56
7761,Matthew Spencer,Lance.Hammes@example.org,Shannaland,977.429.0341,59
7762,Stephan Schinner,Sylvan.Ryan91@example.org,East Anitaburgh,(612) 272-2424 x0585,63
7763,Madeline Hammes,Lessie_Schinner33@example.org,Graysonfurt,(319) 203-6262 x31514,23
7764,Flora Hills V,Elmer.Sauer41@example.com,Parisianview,501.651.5284 x73269,46
7765,Dominic Wolf,Blanca32@example.net,DeSoto,434-382-2802 x712,24
7766,Eudora Schroeder III,Raul98@example.com,Nataliaport,514.897.6679,54
7767,Cecilia Klocko,Deshaun65@example.com,Denesikworth,1-302-304-1937 x429,18
7768,Ruthe Kuhlman,Jaylin12@example.com,O'Connellberg,(388) 772-7323 x98482,36
7769,Candace Schmitt,Peggy.Upton@example.net,Suzannestad,833.764.4531,33
7770,Liliane Farrell,Junior.Mills@example.org,New Dimitri,479-672-0695 x586,43
7771,Stewart Hayes,Mike1@example.net,East Lorine,710-458-3873,61
7772,Brielle Streich,Malcolm.Lindgren67@example.net,Fort Claudine,767-739-9230 x658,21
7773,Alessandro Lakin-Lubowitz,Stanley_Cole@example.net,MacGyvercester,(438) 796-3459 x9586,50
7774,Michelle Bergnaum,Evans_Tromp28@example.net,Gwenberg,481.627.0007 x3106,24
7775,Princess Kreiger-Cole,Mindy.Greenholt@example.net,Kingburgh,1-523-276-8752,23
7776,Shawn Smitham-Schaefer,Alma85@example.org,North Cheyenne,1-820-283-0452 x747,40
7777,Gregory McGlynn-Wintheiser,Aurore.Collier@example.com,North Loretta,787-456-5334 x3448,25
7778,Ethan Blick,Junior63@example.org,Lake Marvinfort,1-221-346-1688,61
7779,Shaniya Rogahn,Carolyne_Heaney67@example.org,Maureenmouth,264.818.3568 x65849,52
7780,Shaniya Koss,Unique.Watsica79@example.net,Watsicafort,1-350-763-8501,57
7781,Osbaldo Beer-Boyle,Rusty16@example.net,West Reggie,1-605-989-5139,49
7782,Watson Gusikowski,Bessie51@example.net,Port Furman,1-898-353-6760,36
7783,Asia Moore,Alexis42@example.org,South Antonettacester,1-449-587-8054 x9007,57
7784,Wilbert Yundt,Lonnie_Cruickshank@example.com,West Reneview,(314) 518-7163,58
7785,Ollie Sipes,Zora8@example.org,East Micheal,986.349.8695,60
7786,Mrs. Olga Fahey V,Essie_Gulgowski@example.org,Kozeyview,(277) 675-9058 x14422,34
7787,Janie Hintz,Shelly_Gerlach@example.com,South Ciara,1-756-962-9754 x506,28
7788,Darlene Wintheiser-Olson,Herman94@example.net,North Barneyton,285-330-5506 x635,57
7789,Erica MacGyver,Darlene99@example.org,Sabrinaton,(356) 776-0265 x29672,37
7790,Mr. Rufus Daugherty,Emerson.Hintz@example.net,Schultzfort,(715) 869-1547 x5276,57
7791,Georgette Hickle,Geneva2@example.org,North Elainefurt,1-338-849-5577 x59288,39
7792,Alicia Jones MD,Irving21@example.net,San Bernardino,(615) 367-1647 x530,20
7793,Wilford Bernier II,Ashleigh17@example.com,Beierville,999.779.3618,34
7794,Mr. Willard Herzog,Corey9@example.org,Letatown,204.534.2903 x366,61
7795,Mr. Michael Runte,Scott77@example.com,Nampa,785.424.2730 x3110,43
7796,Valerie Skiles-Gerlach,Homer.Koepp@example.com,Charleyview,1-700-396-6927 x694,40
7797,Gretchen Tillman MD,Lonzo.Brown5@example.com,Port Annacester,(649) 597-4664,63
7798,Leonard Lind-Collier,Tyshawn_Maggio-Auer@example.net,Lubowitzfield,(711) 406-7967,20
7799,Bud Turcotte,Irma.Morar55@example.net,Jakubowskiworth,(872) 290-5007 x3959,58
7800,Louise MacGyver,Mathew.Hilll@example.org,Lenexa,303.637.1867 x041,61
7801,Edna Ebert,Mariah20@example.org,West Shadmouth,(325) 728-1499 x8887,33
7802,Bryana Mertz,Onie3@example.org,South Trystanport,427.375.6833 x90232,51
7803,Cassandra Hahn,Luis.Mueller@example.net,Corona,(364) 745-3296,39
7804,Steve Deckow,Russel.Muller60@example.net,Fort Mckaylashire,(214) 316-7717,30
7805,Sarina Witting,Daron_Schimmel@example.org,Bashirianside,1-372-973-0060,33
7806,Dr. Horace Hackett,Guillermo.Rau@example.net,Tustin,1-399-834-5054,19
7807,Dave Yundt,Dwight.Batz62@example.org,Lake Henryberg,(351) 970-0251 x3650,38
7808,Kristen Hauck II,Bruce.Harvey35@example.com,East Dayana,(958) 268-7727 x950,41
7809,Rachael Rath-McLaughlin,Augusta76@example.org,Fort Ernestland,905-315-2385 x3425,21
7810,Fredrick Stark IV,Floyd.Ritchie@example.org,West Judsonfield,1-985-695-6338 x784,53
7811,Annie Mayert,Blanche78@example.com,Carlville,(815) 498-7968 x83477,30
7812,Ken Kuvalis,Kristy3@example.org,Cummerataburgh,290.238.3865 x646,36
7813,Izaiah Rohan,Marlene_Auer@example.net,Wisozktown,424-235-1175 x204,52
7814,Carleton Ortiz,Benny20@example.org,Lake Cali,(802) 211-0313 x0258,22
7815,Jennifer Konopelski Sr.,Mike.Wintheiser@example.org,Christiehaven,260.922.1363 x62208,28
7816,Rodolfo Renner,Kathryn_Hirthe28@example.net,Claudecester,(625) 294-6202,31
7817,Misty Pfeffer,Laurie0@example.com,Wildermanmouth,498.438.7779 x634,34
7818,Jackie Cummerata,Frank.Green@example.com,South Jennie,619-303-4267 x612,34
7819,Adella Berge,Rafaela.Schimmel43@example.org,Sunnyvale,(566) 624-9759 x004,28
7820,Kole Raynor,Thad_Dickens@example.org,Hegmannboro,1-347-762-2456 x250,59
7821,Branson Haag,Willa.Thompson-Koch@example.net,West Derrickchester,(906) 253-3059,29
7822,Alison Krajcik,Yvette_Christiansen86@example.net,Salina,451-228-3142 x24908,25
7823,Augustus Keeling,Joseph26@example.org,Beier-Rosenbaumworth,466.982.7602 x592,48
7824,Miranda McKenzie,Alek61@example.net,Lake Jeanneton,458-333-0564 x345,19
7825,Jacqueline Von,Colleen.DuBuque@example.org,New Miatown,(627) 440-2501 x8801,21
7826,Owen Goldner,Magnus38@example.org,Lubbock,561-908-8778,20
7827,Constance McDermott,Jeffery.Blanda23@example.org,Harberland,1-516-361-8235,23
7828,Ryder Hermann,Allison34@example.net,New Arturo,300-751-4698 x2718,39
7829,Fern Schiller,Mack27@example.net,Lake Zella,398-596-0237 x72940,54
7830,Isabella Nitzsche,Christie_Parker12@example.net,Rosenbaumboro,1-898-869-4853 x786,40
7831,Mildred Kuvalis,Aileen11@example.net,Fort Joanneburgh,925-515-9687 x9714,30
7832,Geneva Runolfsdottir,Norman57@example.com,Fort Jakeside,707.565.8537 x53831,23
7833,Wayne Keebler,Mattie.Marvin@example.com,North Ed,(986) 590-3479 x44500,65
7834,Deanna Murphy,Minnie90@example.net,San Clemente,202-608-2455 x57011,23
7835,Max Macejkovic,Alejandro_Miller@example.com,Fort Elisa,434.338.6015,21
7836,Ms. Cora Bode,Steve.Schneider@example.com,South Rebecca,598.462.5772 x6242,54
7837,Issac Spinka,Teri.Rutherford@example.com,Topeka,468-269-8339 x0569,38
7838,Mr. Lessie Cartwright II,Vivian62@example.net,Mosciskiville,705-348-8330 x808,38
7839,Callie Heller,Vesta_Hane55@example.net,West Elsacester,(815) 641-0976,57
7840,Scott Jast,Nadine_Becker70@example.net,Lake Breanatown,1-577-683-5414 x888,25
7841,Bernadine Langosh,Holly.Schuppe38@example.net,Vancouver,429-979-8233,56
7842,Mr. Lempi Hartmann,Mindy11@example.net,Fort Christy,425-270-9922 x24449,53
7843,Elias Hagenes,Cecelia.Friesen@example.com,Fort Kathrynefield,651-739-0378,43
7844,Dr. Johann Hirthe,Jakob_Lockman@example.com,South Rosemarieside,1-803-713-4717,24
7845,Ardith West,Ellis_Beahan55@example.org,Watsicachester,(222) 962-2754 x2069,38
7846,Augustus Heathcote,Marjolaine.Parisian-Armstrong55@example.net,Tacoma,787-523-6353 x7548,34
7847,Helen Hilpert,Cathryn51@example.org,San Leandro,1-876-483-7340 x3901,23
7848,Jaiden O'Hara,Madelyn_Jacobs57@example.com,Santa Maria,1-408-619-2990,24
7849,Dexter Bahringer,Leticia.Schoen23@example.com,West Caylaview,1-509-460-2705 x703,62
7850,Dr. Lewis Waters I,Romaine22@example.com,Raymundohaven,939-779-1410 x05641,47
7851,Timmy Harvey,Bernard.Upton@example.org,Hilmafurt,442-948-7389 x5004,24
7852,Hannah Thompson III,Letitia52@example.net,Green Bay,329.455.8382,29
7853,Elton Hilll,Maverick_Gorczany@example.com,O'Keefemouth,690.551.1627 x20273,51
7854,Alejandro Murphy,Guy.Nader-Altenwerth72@example.org,Morgan Hill,854-946-7060,55
7855,Joey Crist,Shyann39@example.net,Victorville,(392) 436-7825,65
7856,Darby Ritchie,Sebastian_Bednar79@example.com,Willowborough,1-788-680-0331 x53115,35
7857,Dr. Phyllis Stehr,Jedidiah.Huels26@example.net,North Aric,1-961-261-8952 x7282,32
7858,Cary Crona,Prince.Johns24@example.org,Greeley,(342) 819-3349,61
7859,Shawna Mante,Moses_Stark@example.net,Roybury,764-898-9214 x444,61
7860,Johnny Kuvalis,Augusta.Grimes@example.net,Lake Henriettahaven,(625) 357-0944 x648,36
7861,Alyson Dickinson III,Jared70@example.net,Feestmouth,433-409-5280,32
7862,Kathy Hintz,Bobbie0@example.org,West Cyrusworth,502.227.7318,62
7863,Adrian Graham PhD,Duncan_Moen79@example.net,Imafield,(713) 519-8555 x9628,37
7864,Mr. Otis Nicolas,Augusta.Greenfelder@example.net,Jeffersonville,439.398.3438 x184,31
7865,Kira Hirthe,Green.Ryan@example.com,Wesley Chapel,506.491.5635 x0533,62
7866,Anne Lubowitz V,Brooklyn.Rice@example.net,Lubowitzshire,1-247-516-9362 x5146,33
7867,Timothy Will,Clifton_OConnell51@example.org,Jaskolskibury,249.952.0687 x645,62
7868,Kaleb Smitham,Stone.Schaden49@example.com,Port Claudia,1-829-244-1310 x0169,41
7869,Carl Deckow,Samir15@example.net,Altenwerthshire,980.439.9856 x21133,46
7870,Dr. Ken Stark,Louis_Koelpin@example.org,Fort Abeshire,951-564-4929 x611,48
7871,Fatima Pagac,Laurie_Gerhold@example.net,New June,(589) 579-6363 x16629,63
7872,Lillian Dach,Carla_Crooks@example.org,Ernserchester,965-430-9775 x130,24
7873,Maynard Cronin,Hal56@example.net,Runolfsdottirview,(425) 879-7335 x107,41
7874,Leone Abbott DVM,Kendall_McClure@example.com,Funkside,(270) 205-0613 x69793,30
7875,Doug Bartoletti,Eula_Hackett@example.net,Hahnfort,345.747.1230 x36081,61
7876,Nasir Nienow,Dandre.Kohler@example.net,Erdmanfield,(275) 556-8145 x51763,36
7877,Carlton Huels,Saul46@example.com,West Alicebury,1-220-461-6631,20
7878,Milton Hagenes,Wilbur89@example.org,Thousand Oaks,1-856-909-3117 x781,22
7879,Luz Douglas,Albert.Waters-Moore@example.com,East Hubert,971.701.4264 x94878,54
7880,Barbara Wisoky II,Ricardo_Ortiz@example.com,West Lauretta,658.547.6389 x3004,63
7881,Cary Kunde,Mollie.Murazik@example.com,North Marcosstead,1-996-928-2926 x604,49
7882,Kathleen Nikolaus,Maxie_Collier80@example.com,West Krystinamouth,(939) 545-2248 x2453,37
7883,Miss Elza Olson-Ondricka,Lonnie.Beer88@example.org,Clarkburgh,1-899-943-2590,63
7884,Verna Rohan,Stephen_Schultz80@example.org,Annmouth,211.619.5911 x6865,59
7885,Sean Murray,Luisa_Walker47@example.com,Thousand Oaks,981.846.5612 x069,65
7886,Santos Nikolaus,Bernice.Hane93@example.org,Rodriguezcester,820-929-4851 x90976,27
7887,Kristopher Hamill,Beth15@example.com,Honolulu,(569) 315-4590 x12833,31
7888,Luisa Weimann-Hammes,German98@example.net,Fort Bertborough,921.328.2594 x557,34
7889,Matthew Greenfelder,Juwan_Howell3@example.org,South Rodney,630.868.5768 x3388,24
7890,Larue Ledner,Rosendo.Gusikowski98@example.com,Avondale,205.834.7440 x87751,30
7891,Berta Gerhold,Carroll_Schimmel82@example.com,Metairie,730.494.6530,19
7892,April Ferry,Hudson_Rau13@example.com,Earnestchester,758-250-1528 x96177,22
7893,Mrs. Rosalia Daugherty-Rau,Esther_Oberbrunner@example.com,Franeckihaven,1-278-572-9867,61
7894,Carole Bahringer,Domenica_Mills@example.com,South Deloresland,298-246-9865 x02840,34
7895,Taylor Connelly,Bonnie56@example.org,Harriston,344.880.6224 x8620,32
7896,Devonte Volkman,Maci.Crooks40@example.net,Beaumont,921.364.5419 x0346,21
7897,Edith Cummings,Lewis_Schmidt34@example.net,Hintzchester,(362) 331-5333 x9104,54
7898,Mr. Jon Murphy,Makayla_Crooks85@example.org,Guaynabo,1-589-312-1417,34
7899,Mr. Roosevelt Feeney MD,Angel20@example.com,North Ashtynhaven,688.716.4876 x8129,27
7900,Zola Kilback,Laurianne38@example.org,Gilbertoworth,1-416-928-5969 x50098,55
7901,Judd Strosin,Celine.Bednar43@example.org,Imeldaburgh,1-694-580-6690 x403,55
7902,Katrine Veum,Valentine.Skiles@example.net,Chicopee,246.784.5782 x5805,35
7903,Roger Leuschke,Rosalia_Lakin@example.org,Kent,1-342-952-8745 x458,25
7904,Tristin Flatley MD,Elvie_Russel@example.org,South Mohammedland,(484) 417-1857,29
7905,Rafaela Heidenreich,Christian_Johnston@example.org,Arecibo,(806) 554-4524 x669,64
7906,Quincy Satterfield,Nico_Barton@example.com,Coletown,(456) 635-3445 x561,40
7907,Pasquale Baumbach,Eden_Keebler40@example.com,New Kobe,1-978-620-0767,19
7908,Jill Doyle,Caitlyn.Leannon55@example.net,South Lucasside,247.888.4460 x12189,45
7909,Unique Bogan,Ollie.Marquardt29@example.org,Michealstead,(453) 339-6414 x6479,27
7910,Sonja Sauer-Kozey,Larry.Bartoletti@example.com,Bloomington,289.605.6614,34
7911,Savannah Sauer V,Cyril_Mohr93@example.net,New Jermainefort,775-832-2559,49
7912,Lori Mann,Johnathan36@example.org,Fort Ralph,860-926-6005 x94626,59
7913,Orville Bergnaum,Terry.Hartmann@example.com,Mertzcester,1-888-904-0426 x843,31
7914,Clayton Mayer,Rick35@example.org,Port Rossieberg,(663) 847-9921 x45044,53
7915,Skylar Langworth,Wm.Wilkinson28@example.net,Corkeryborough,1-250-517-8503 x492,53
7916,Estelle Marks,Johann.Mitchell@example.com,Baronboro,259.412.8913 x905,34
7917,Ms. Murray Haley,Clementina22@example.com,Beulahfurt,294-273-0110 x93895,51
7918,Lenora Hodkiewicz,Kaylah_Altenwerth@example.org,Rosemead,202-539-8058,62
7919,Hayley Dickens,Susie_Collier99@example.com,Port Melodystad,706-234-0054 x7663,22
7920,Fatima Beier,Dawson.Bahringer45@example.org,New Aaronland,795-473-8621 x747,32
7921,Ramiro Will PhD,Annette56@example.org,Freeport,246-609-3330 x6029,53
7922,Sandrine Considine,Vallie_Kassulke@example.org,Simonis-Rolfsonton,926-616-2954 x2380,55
7923,Dorothy Gorczany,Sabrina61@example.com,Chelsealand,216.937.7362 x70935,20
7924,Jedidiah Dietrich,Karlie1@example.com,Rodriguezborough,622-930-6327 x57797,26
7925,Rogers Rau II,Ferne34@example.com,Travisborough,272.971.6562 x08371,36
7926,Earnest Mann,Camren76@example.com,Waelchiside,(440) 487-4093 x517,26
7927,Joany Smith,Alyssa_Wiza@example.org,Hoppecester,(766) 968-4320 x0854,40
7928,Cletus Lehner MD,Teresa24@example.org,Edina,(652) 677-0402 x271,20
7929,Ola Yost,Carleton76@example.com,Batzfield,757.370.2446 x4229,26
7930,David Altenwerth,Lisa.Dickens74@example.net,Kihnborough,1-518-628-7108 x3627,62
7931,Orlando Nienow,Glenn.Sipes-Turner45@example.com,East Kaley,761-622-5412 x270,25
7932,Mr. Cielo Thompson MD,Donato_Paucek65@example.org,East Gilesville,(535) 723-1530 x7535,25
7933,Mrs. Daphnee Cruickshank,Ayden_Carroll89@example.org,West Manley,626.880.3425 x803,22
7934,Darrel Mitchell,Kellie.Swaniawski@example.net,West Phyllisville,1-478-621-1895 x6072,42
7935,Melyssa Casper IV,Danyka70@example.org,Rogers,1-377-242-8845 x2128,39
7936,Adrienne Weissnat,Delia0@example.org,Colecester,(509) 837-8379,34
7937,Gunnar Zemlak,Providenci.Waelchi@example.com,East Brauliofield,1-705-205-0685,30
7938,Misty Spencer DVM,Meda_Schultz@example.org,Muellerberg,990-525-5986 x0396,57
7939,Dr. Dawn Bayer III,Jerad_Gleichner36@example.net,Rheaborough,815-633-2972 x63629,30
7940,Douglas Mante,Alvina_Hickle@example.org,Bellingham,501-879-9814,29
7941,Clay Rippin,Noemi.Schneider@example.org,Fort Murphyton,730-507-0796 x077,59
7942,Rosemarie Schaden,Juliana_Hammes71@example.com,Teaganport,566-641-8912 x201,62
7943,Miss Justen O'Reilly,Jerome1@example.com,Bolingbrook,1-717-813-6694 x04137,42
7944,Eva Howe V,Gilbert30@example.org,Vickieville,412-936-7496,61
7945,Ms. Deangelo Emard,Carlton27@example.com,Spring,(460) 472-3555 x5641,20
7946,Cynthia Dickens,Joan.Watsica9@example.net,West Eveline,1-477-675-6919 x555,31
7947,Lynne Krajcik,Vernie.Corwin73@example.com,Margareteport,759.706.4470 x63686,35
7948,Suzanne Stroman,Tina_Zemlak57@example.com,Kuhnberg,569-443-6465,19
7949,Roberto Lynch,Raleigh.Daniel76@example.com,West Darla,800.267.5669 x49219,19
7950,Spencer Durgan DVM,Vicki73@example.net,South Boydworth,492-774-0075 x49620,62
7951,Brett Goldner-Osinski Jr.,Rosa_Schimmel75@example.com,Lisandrostad,(818) 782-8454,45
7952,Velva Kertzmann,Melvin_Stiedemann@example.org,Tamaracester,(914) 561-9076 x777,36
7953,Mrs. Georgia O'Kon,Clayton.Nolan@example.net,Rio Rancho,1-702-382-1510 x64511,57
7954,Ruby Bailey III,Sebastian32@example.net,Seattle,1-261-400-9880 x174,34
7955,Halie McCullough,Guido.Schimmel-Hammes68@example.org,Fort Amelyhaven,(370) 813-5464,39
7956,Deonte Zboncak,Jon_Cummerata@example.org,Fort Gunnar,(423) 552-0302 x371,54
7957,Mae Bruen,Liliane_Weissnat44@example.com,Prohaskaboro,1-865-606-6804 x39055,56
7958,Penny Deckow,Enrico.Kris@example.com,New Arnulfotown,1-715-705-0236 x08680,46
7959,Katrina Gottlieb,Randall_OKeefe@example.com,West Christian,(337) 325-3632 x9659,38
7960,Glenna Kub-Bosco,Judah.Renner75@example.org,Cummingston,907.685.3979 x75946,56
7961,Hertha Goodwin,Toney.Bartell@example.net,Abdielport,891.816.5735 x50573,47
7962,Joshua Kunde,Foster.Carroll@example.com,Blaine,989.441.9304,53
7963,Sterling Heathcote,Dannie.Fay75@example.com,Stephenville,597-368-7503 x52236,39
7964,Jenna Bogisich,Camilla47@example.com,Atascocita,576.670.7128,19
7965,Roderick Lockman,Clare.Stanton-Sauer47@example.net,Victoria,464.997.1150 x760,53
7966,Mrs. Delia Keeling,Juana10@example.com,Fort Makaylaborough,1-974-959-7134 x754,31
7967,Jett Gusikowski,Janick99@example.org,Millerburgh,1-420-994-7947 x6623,50
7968,Mireya Gislason,Lola.Hammes@example.net,Flagstaff,550-232-6389,21
7969,Warren Huel,Neal_Stracke28@example.org,Fort Aaron,450-347-2447 x18696,43
7970,Ms. Aliza Hoeger,Sonja_Wolf50@example.com,West Rosa,781-469-3346 x98555,65
7971,Mrs. Wilhelmine Powlowski,Ocie27@example.com,North Beaulah,(270) 464-8434 x36693,41
7972,Mr. Vernon Tremblay,Louis.Wolf38@example.org,Pinellas Park,(978) 640-2416 x519,21
7973,Alec Johns MD,Damon_Sawayn70@example.com,Krajcikhaven,768-369-9441,40
7974,Shawna Gerlach,Beverly.Russel@example.org,Layton,1-464-576-6841,56
7975,Ansel Lemke,Kenny_Ward97@example.org,Paucekview,714.244.3230,52
7976,Quinn Lindgren,Armando_McKenzie85@example.org,Jedidiahside,1-549-473-6694 x0193,38
7977,Alexis Swift,Rachel.Mann74@example.com,Lake Jocelyn,(790) 559-2309 x958,61
7978,Zetta Reilly,Karlie68@example.net,Oraburgh,578-770-7765 x6489,38
7979,Jeremy Morissette,Clint.Jerde@example.com,North Hopecester,(719) 216-2903 x1839,38
7980,Lauren Satterfield,Diane_Johnson7@example.org,Altenwerthstead,1-575-550-0556 x889,30
7981,Irvin Spencer,Betsy_Huels22@example.net,Edmond,1-576-823-6304 x6705,55
7982,Bill Dickinson,Miranda11@example.com,North Kendrick,756.997.3833 x325,57
7983,Samanta Waelchi,Jadon_Rohan@example.com,Plainfield,(246) 809-1155 x5824,25
7984,Julius Powlowski Jr.,Patricia_Haag78@example.net,Connellyfield,433.369.7894 x89294,32
7985,Sandy Miller,Josiah.Crona46@example.net,Mrazboro,557-721-6454 x564,36
7986,Audrey Miller-Harvey,Bell60@example.com,Claytonworth,209-648-3058 x325,30
7987,Reginald Pagac Jr.,Felicia_Farrell@example.com,Ziemefurt,441-591-6539,48
7988,Jorge Herzog,Sigrid.Emard@example.com,South Karaville,1-953-595-7170 x06850,29
7989,Taryn Herman-Boyle,Tricia.Yundt@example.com,Wuckerttown,(572) 268-7648,18
7990,Bertha Greenfelder,Ernest87@example.org,Darrinborough,(869) 373-3108 x909,27
7991,Mr. Daniel Torp,Faith.Williamson@example.com,Grantbury,(652) 603-7820 x51512,19
7992,Darnell O'Reilly,Vivianne.Mayer@example.com,South Savannah,732-992-1730 x851,43
7993,Justin Runolfsson,Johnny_Kautzer@example.net,Norfolk,(225) 617-9355,58
7994,Linda Bahringer DDS,Dean52@example.org,New Kristinfurt,1-757-698-8796,58
7995,Issac Reichert,Oscar54@example.net,North Jaydenboro,934.656.7818 x40518,46
7996,Lavon Jaskolski,Demarcus15@example.net,Morgan Hill,1-457-289-0462,23
7997,Abbigail Batz,Karson_Wiza4@example.com,Quincy,415-805-6350,42
7998,Deanna Hills,Zakary.Homenick@example.net,Douglas-Gusikowskistad,335.784.0354 x40201,36
7999,Arnold Langosh,Otis47@example.org,Essiefort,991.277.6381,59
8000,Angel Cruickshank III,Laura90@example.org,Ginostead,(372) 598-7988 x283,61
8001,Keara Will,Jason29@example.net,Fort Minnie,494-441-3573 x74122,54
8002,Myra Baumbach,Caleb_Bashirian@example.com,Wiegandburgh,1-550-982-1345,37
8003,Abraham Schimmel,Myrl_Lehner39@example.com,Fort Jamaal,248-873-2405,58
8004,Dino Batz,Vanessa.Mann43@example.org,Kshlerinville,(435) 869-7655,60
8005,Terrence Swaniawski,Anne98@example.net,Ogden,939.470.0625 x53516,33
8006,Meggie Wunsch,Kellie_Kuvalis@example.net,Jerdebury,385.285.1580,46
8007,Ladarius Fadel-Flatley,Eileen_Donnelly@example.net,Chesterport,1-971-786-0503,47
8008,Andy Schimmel,Daisy22@example.net,Avaton,(641) 500-9139 x562,23
8009,Tevin Bechtelar,Cleveland25@example.org,East Fredrick,(537) 532-5890 x6112,53
8010,Cindy Nolan,Tracy57@example.net,South Sarai,(393) 281-9937 x00794,24
8011,Anthony Cruickshank-Ritchie,Elvira.Schulist@example.com,New Rowland,(547) 426-4413 x1045,48
8012,Miranda Jacobi,Gerard.Franey54@example.net,Cummeratafurt,1-616-515-1474 x91544,65
8013,Antonietta Klein,Watson.Schroeder81@example.org,Tremblaytown,1-787-558-0774,54
8014,Micheal King DVM,Tom_Becker58@example.net,Asiatown,(715) 993-3138,40
8015,Faith Barrows,Morton.Satterfield80@example.net,Fort Robertashire,1-875-808-9126 x006,51
8016,Myra Spinka,Theresia_Ledner@example.net,West Stephen,947.771.8311 x48096,18
8017,Anna Dibbert,Marjolaine72@example.org,East Johnathan,268-576-5400 x0378,18
8018,Cheryl Schoen,Vicenta.Considine@example.org,Schowalterside,1-737-821-3324 x7748,29
8019,Dr. Cloyd Hagenes,Elsa_Bauch-Langworth35@example.net,Thielborough,503-989-2432,63
8020,Jacquelyn Harvey,Eva62@example.com,Round Rock,653.600.0420 x068,63
8021,Ms. Arielle Mosciski,Kate42@example.org,Port Mindy,231.729.0834 x353,48
8022,Angelina Wisoky,Pierce_Lebsack@example.net,South Kelley,565.921.2057,40
8023,Marcus Stracke,Lacey_Romaguera@example.org,Lake Marcelinastead,497-596-7541 x576,61
8024,Saul Goyette,Lola_Rowe@example.org,Anthonyworth,533-955-1322 x1696,61
8025,Rudy Tremblay,Kayli_Quigley@example.net,New Gideon,899-516-1349 x15815,63
8026,Kay Steuber,Eric_Mante57@example.com,West Trevion,(666) 560-3170 x82411,52
8027,Simone Becker,Jerry76@example.com,Langoshborough,1-272-635-3866,37
8028,Nichole Zieme,Hope_Brekke-Beatty79@example.net,New Adolf,1-699-406-2071 x25224,57
8029,Catalina Dare-Weber,Dwayne87@example.net,West Dougstad,(857) 716-5388 x782,33
8030,Mr. Luke Rempel,Rafael45@example.org,West Isabelborough,536.941.9354 x2779,35
8031,Assunta McCullough,Javon.Lynch38@example.net,New Liza,1-207-303-9548 x6709,26
8032,Elbert Jerde,Sasha83@example.org,North Jammiestad,836.664.7503 x100,30
8033,Eliane Crona,Elva_Schamberger@example.net,Coreyville,1-921-396-0933,21
8034,Loma Hudson MD,Brandi.McGlynn44@example.net,Beerville,(923) 653-4259 x36383,39
8035,Perry Corwin,Omar.Olson@example.net,Millerton,1-248-275-0916,64
8036,Elda Schinner,Garrett54@example.org,West Des Moines,(904) 882-6931 x26956,41
8037,Lyric Kling,Edmond_Oberbrunner@example.org,Clarkfurt,(358) 526-7926 x8950,35
8038,Maryann Breitenberg,Rafael_Rau@example.org,Chino Hills,1-928-998-5639 x9487,18
8039,Evan Grady,Myra_Stark2@example.com,Kulasville,620.558.5523 x167,25
8040,Sophie Boyle,Gwendolyn25@example.org,Carrollworth,580.618.1360 x8615,55
8041,Arnold Wiza,Deron_Abshire35@example.org,Columbus,291-537-5428,65
8042,Joanne Monahan,Darrel56@example.org,Bradfurt,(395) 229-0882 x440,59
8043,London Cormier,Colin.Rau@example.net,Jonesboro,1-751-629-5205,23
8044,Kolby Nikolaus,Tyrell87@example.net,South Harveystad,(454) 492-1951 x16290,59
8045,Abigail Considine,Kattie53@example.com,South Antonia,1-372-430-9228 x5651,25
8046,Alverta Parisian,Elnora_Wisoky-Runolfsson77@example.org,Lake Hattiecester,1-812-907-4535,19
8047,Jamaal Runte Sr.,Wilfredo_Hintz8@example.com,Wiegandmouth,1-562-313-6942,30
8048,Oceane Skiles,Leda.Ernser@example.com,Mentor,(327) 918-9073 x6360,28
8049,Yadira Labadie,Torrey_Ryan74@example.net,Andersonboro,1-288-548-1937 x935,60
8050,Doris Fisher,Amina55@example.net,Great Falls,516-306-3360,26
8051,Jamir Dickens,Jacob32@example.org,Fadelfield,844-298-4285 x52363,65
8052,Richard Yundt,Tricia.Senger95@example.net,New Alexistown,1-725-227-8311 x64895,31
8053,Sharon Stamm,Lori83@example.com,New Jimville,(732) 260-3511 x106,36
8054,Blanca Skiles,Sofia.Bernier3@example.net,New Earnestine,991.562.9103 x6300,21
8055,Norman Muller DDS,Wyman.Jerde-Morar@example.net,Klingborough,1-539-321-1192,52
8056,Eula Champlin,Jarret_Rohan61@example.com,Lake Louvenia,488.260.7241 x2641,57
8057,Yolanda Kessler,Ed.Grady34@example.com,East Isaiaschester,294.812.5233 x81705,43
8058,Ellen Conn,Magdalen29@example.com,Zboncakbury,488-721-3467 x034,29
8059,Noah Kihn,Leticia_Ward64@example.com,West Keon,746.712.0193 x15170,65
8060,Jameson Christiansen,Grayce.Treutel@example.org,South Wilfredostad,202-485-3777 x398,45
8061,Miss Yvette Morissette-Daniel II,Nicolas33@example.org,Greenholtmouth,(232) 607-8341 x0878,65
8062,Amparo Toy Sr.,Loma.Wilderman38@example.net,East Ferne,648.418.0267 x5769,23
8063,Tamara Schimmel,Enrique.Boehm@example.com,West Nancy,775.292.9822 x0107,21
8064,Ms. Amelia Emard,Rae.Kemmer@example.net,Lynchworth,(729) 754-3480 x046,62
8065,Denis Berge,Carley15@example.net,Lake Reyesside,(961) 764-9084,53
8066,Kayleigh Stark MD,Rowland31@example.com,South Susiehaven,312.304.7142 x243,64
8067,Caitlyn Mitchell,Hugo10@example.com,Jacksonland,1-859-995-6564 x0438,47
8068,Rowland Kohler,Terrell_Collier@example.net,Lake Carmenbury,(514) 769-5070 x903,49
8069,Darron Jenkins,Irene_Wilkinson29@example.com,Mollyberg,1-659-481-7383,54
8070,Lazaro Witting,Ann.Predovic@example.com,Port Mindy,638-341-8288 x91050,56
8071,Haleigh Schroeder,Sheldon5@example.net,Carterfurt,683.985.7697,18
8072,Mathew Swaniawski,Tremaine67@example.com,Eldonfield,1-544-246-8896 x974,47
8073,Lonzo Marks,Isaac99@example.com,West Dorthy,1-254-947-2519 x9578,44
8074,Jordy Blanda,Xzavier.Lesch@example.net,Shoreline,1-687-482-7738,65
8075,Miss Ignatius Feeney,Sheri32@example.net,Jonesstad,505-694-0842 x1148,44
8076,Miss Sara Klein,Lisandro82@example.org,Port Margiestad,(432) 797-9325 x24851,33
8077,Sherri Runte,Abraham.Muller@example.org,Turlock,1-623-530-6735 x199,45
8078,Morton Simonis,Kevin7@example.com,Fort Walter,705.860.9504 x1679,58
8079,Scot Schumm DVM,Vivianne45@example.org,North Allen,363.917.4893 x554,54
8080,Virgil Watsica,Claude_Casper@example.net,Edenville,(730) 618-5299 x66995,42
8081,Jason Lesch,Frances.Hodkiewicz75@example.com,Schambergerville,1-763-210-9636 x92327,23
8082,Robyn Abernathy,Jerry49@example.org,Lake Rosemary,658.378.2979 x816,33
8083,Monserrat Nader,Furman_Witting@example.com,West Doug,(808) 457-0506,61
8084,Alejandro Stark,Nicolas77@example.com,South Clarkfurt,852.468.1450,26
8085,Jenifer McKenzie,Louvenia.Wilderman@example.com,Biloxi,1-666-572-7038 x1655,57
8086,Hanna Pacocha,Valerie_Boyer98@example.com,Ratkechester,1-321-364-0905 x128,19
8087,Callie Gibson,Maida_Jakubowski@example.org,Wilburburgh,1-798-839-1118 x55353,47
8088,Aubrey Ebert,Chester.Goyette@example.com,South Neal,1-428-483-0861 x6584,45
8089,Ismael Christiansen Sr.,Kiley60@example.com,East Bennyborough,349.521.5483 x18394,19
8090,Jany Fisher MD,Kevin.Bins63@example.org,East Janie,1-602-827-0404 x358,21
8091,Devante Koelpin,Leona76@example.net,Scranton,818.363.0986 x253,59
8092,Sheldon Schultz,Cecil33@example.org,Fort Terrellshire,(826) 852-2779 x8166,51
8093,Juan Frami,Hardy_Upton38@example.org,West Oran,589.297.6287,31
8094,Ramon Wolff,Leticia.Weissnat15@example.com,New Eribertofurt,929-670-5226 x377,55
8095,Matt Douglas,Jessica_Miller@example.net,North Larryfurt,826-484-1664 x5322,27
8096,Alton Wiegand,Watson_Konopelski@example.org,New Braunfels,995-582-5712,49
8097,Myles Blanda,Bradford.Metz87@example.net,Lewisville,1-830-304-0276 x23602,34
8098,Lila Waters,Liliana20@example.net,Macon-Bibb County,943.996.2483 x783,63
8099,Bobby Bogisich,Lera18@example.org,West Mikecester,1-596-213-1766,24
8100,Ada Reynolds,Samara34@example.net,Vandervortshire,495-719-3112,44
8101,Teresa Dickens III,Anna80@example.net,New Zariabury,686.248.0659 x138,25
8102,Mr. Lamont Dibbert,Glenda.Altenwerth61@example.com,Gerardobury,715.521.4991 x4250,40
8103,River Kautzer,Jeff.Nitzsche42@example.net,Ponce,316.330.7260 x4054,63
8104,Freddie Bahringer,Fay.Auer71@example.net,Port Magnoliacester,(714) 675-8771 x404,38
8105,Raymond Blick,Jimmie.Marks@example.net,Coraport,(738) 581-4423 x546,55
8106,Candace Yundt PhD,Shane_Bradtke36@example.com,West Lawrenceland,686-684-9635 x03639,56
8107,Jaclyn Wiza,David_Casper94@example.org,Port Laurence,203-522-6336,24
8108,Madaline Feeney-Kovacek,Norberto29@example.org,Berenicestad,234.850.7360 x6161,50
8109,Gayle Graham,Annette_Bruen49@example.org,Flatleyburgh,679.318.7825,22
8110,Mr. Grant Bosco,Linnea_Donnelly@example.org,Fremont,257-238-3074 x313,62
8111,Holly Jones DVM,Dustin_Goodwin@example.com,West Oscar,435.274.9801 x51640,50
8112,Salvador Nikolaus,Lydia98@example.com,Lake Darlene,637.437.2610 x7274,20
8113,Bernice Olson,Eula_Ritchie@example.org,South Claude,439-504-5314 x1006,26
8114,Israel Torphy,Betsy.Bednar52@example.net,New Devynburgh,(561) 239-2364,50
8115,Olive Thiel,Dangelo.Jenkins@example.org,Fort Dimitrifort,679-833-7845 x5606,59
8116,Sergio Mayert,Claudine82@example.org,North Myrtle,(619) 591-0413 x719,34
8117,Harry Ryan-Corkery,Pattie.Denesik45@example.net,Toledo,754-862-2502 x79147,31
8118,Khalid Wyman,Moses4@example.org,Sibylmouth,1-494-682-8578 x150,47
8119,Keeley Yundt,Annette_Kovacek48@example.net,Ronnieland,(826) 932-7868 x600,37
8120,Mr. Darrell Yundt,Ronny.Kerluke@example.org,Helenland,(429) 228-4786 x3076,19
8121,Melba Dickinson,Magnolia_Koepp8@example.net,Lake Francesca,381-688-1551 x40273,29
8122,Amiya Gorczany,Tony_Raynor27@example.org,South Jesse,(911) 796-4718 x21428,25
8123,Joelle Glover I,Nelson41@example.net,Nancyfield,281.252.1637 x5397,38
8124,Bradley Carter,Jovany.Kuhic@example.org,Lake Roslyn,449-358-2292,43
8125,Ernesto Schimmel,Pam_Johnson@example.com,Hudsonfort,821-734-8369 x91814,53
8126,Ms. Jeanette Konopelski,Tom63@example.org,Davidburgh,(235) 484-0251 x64797,54
8127,Kristina Beier,Bill.Walker18@example.net,South Micahhaven,588.982.7687 x83193,53
8128,Erica Frami,Maymie8@example.org,Bernierchester,1-685-565-5396 x52492,60
8129,Dominic Simonis,Elena65@example.com,South Marilouland,423-514-9016 x86308,41
8130,Denise Auer,Diana.Pfeffer38@example.com,Arlington,(846) 750-1640 x21831,28
8131,Anjali Heathcote,Russell.Bechtelar@example.org,New Ralphhaven,560.318.1407 x954,27
8132,Tressie Pagac-Lindgren,Rodolfo_Klocko@example.com,Cordieboro,824-384-1098 x65716,59
8133,Ernestine Watsica,Leo_Donnelly@example.org,East Aiyana,452-699-0270 x66258,21
8134,Elvis Conroy,Roland13@example.org,East Verona,689.910.5967,24
8135,Marvin Friesen,Johnathan80@example.net,East Blair,678-861-8586,44
8136,Derek Hilpert,Anne44@example.com,Ziemeboro,(673) 876-4845 x8561,39
8137,Giovanna Ortiz,Luther.Collins@example.org,Centreville,1-693-712-4669 x902,44
8138,Alfred Kuhlman,Maximilian.Batz@example.org,Ariside,(365) 823-3960,47
8139,Mariana Will,Sherwood_Pfeffer@example.org,East Liam,1-360-254-1358 x62321,56
8140,Ismael Ziemann,Dion48@example.net,Lynchburg,1-747-542-0037 x964,32
8141,Kay Frami,Marie_Grady@example.net,Jacobsfort,(708) 748-3583 x69062,18
8142,Lonnie Kuhn,Cheryl92@example.com,Vidalstad,536.502.2438,41
8143,Osvaldo Jast,Taylor_Pagac@example.net,West Ida,681.870.2573 x35283,35
8144,Dr. Donald Glover,Jaden_Graham3@example.net,Borerview,906.933.5469 x387,30
8145,Estella McCullough,Arielle52@example.net,Rodview,1-324-918-7419 x938,52
8146,Stacey Will,Lucy_Mraz70@example.org,Lisaton,1-696-344-0233 x5164,36
8147,Jerald Considine,Green.Kutch9@example.org,Oxnard,1-508-462-5387 x44314,63
8148,Weldon Stiedemann,Ardith.Tillman32@example.net,Kirlinton,959-623-0384 x545,57
8149,Murl Schroeder,Enrique.Cummerata@example.org,Madera,802-545-8840 x08000,39
8150,Otis Feeney DDS,Kamren59@example.com,Tamiami,1-533-853-1345 x68082,46
8151,Tom Corkery,Lorenza1@example.net,South Ernestoborough,1-449-371-9695 x87958,57
8152,Carol Torphy,Tara63@example.com,Oceanside,552.355.2677 x237,31
8153,Stefan Aufderhar,Melyssa.Gutkowski@example.net,McCluremouth,274.784.5361,58
8154,Raphael Rath,Verna95@example.org,Batzhaven,464-645-1837 x33204,50
8155,Arturo Purdy,Nettie85@example.com,Gorczanyhaven,(528) 706-0770 x59065,30
8156,Kamron Goldner,Madelyn85@example.com,New Hubertton,845-212-9135 x831,21
8157,Terrell Botsford,Harvey28@example.net,Fort Billie,1-849-827-0737 x049,45
8158,Ms. Austyn Ruecker,Luther_Sanford@example.com,Fort Alanmouth,900-796-4029 x2700,58
8159,Brandy Murray,Phoebe3@example.org,Danville,464.718.2121 x648,43
8160,Rogelio Stracke,Calvin_Baumbach28@example.org,Lake Cletusfort,655-364-6780,23
8161,Herman O'Conner,Rachael99@example.com,Darrylbury,594-884-4390 x996,61
8162,Mr. Dominic Fahey,Rasheed.Emmerich@example.org,Schowaltercester,(378) 891-9150 x8476,43
8163,Darla Wiegand,Ike.Greenfelder-Walsh@example.net,South Edmundbury,(230) 807-5615 x8647,34
8164,Arnold Prohaska,Clair_Hagenes@example.org,Hoover,1-807-647-3430,44
8165,Verlie Fadel,Cruz.Towne10@example.org,Port Luz,1-904-660-3187 x9845,32
8166,Christina Walter,Willie68@example.org,Kathleenfurt,(430) 672-8411 x55995,33
8167,Mr. Warren Stracke Jr.,Ryan.Ankunding@example.org,New Ernestine,(564) 960-0214,46
8168,Ms. Percival Brakus,Carmel.Robel@example.org,Nancytown,(909) 294-9818 x353,61
8169,Lydia Little,Joshua14@example.org,Starkside,(559) 673-3038 x60242,62
8170,Tom Grady,Caleb76@example.com,Southaven,(678) 675-5815 x02710,57
8171,Tammy Green,Braeden_Rowe79@example.net,New Sallyshire,601.841.9262 x2949,46
8172,Julie Rutherford,Ginger_Carroll@example.org,Antelope,387.851.2366 x944,35
8173,Jed Collier,Broderick48@example.org,Lake Myrtieville,580.239.8119,52
8174,May Rolfson Sr.,Herman97@example.org,Perth Amboy,(450) 927-1197 x47732,39
8175,Mr. Justin Jones-Conroy,Tania.Kiehn@example.org,Euclid,801.633.4633,55
8176,Sabrina Feest,Ernesto_Haag@example.com,West Ebba,(378) 944-5307 x836,24
8177,Loretta Runolfsdottir,General.Shanahan74@example.com,Gilbert,1-682-679-8364 x84264,46
8178,Miss Godfrey Rath,Brandi67@example.com,Salinas,265-233-1028,47
8179,Shawn Pouros,Kaelyn_Ebert@example.com,Fort Jamesonstad,395.382.6363 x081,48
8180,Mr. Elbert Robel,Lottie_Bartell@example.net,Glendastad,1-947-677-5332 x1466,38
8181,Maxine Bechtelar,Pearlie.Kshlerin@example.com,North Clint,1-895-292-7835 x3167,47
8182,Lynne Stamm MD,Marcia_Welch@example.org,Johnstonboro,977-900-0451 x0432,37
8183,Peggie Hoppe,Cora_Watsica@example.org,Novi,1-746-391-2866 x03166,37
8184,Ashleigh Conn-Schmeler,Eriberto42@example.com,North Dennis,314-548-2705 x88382,64
8185,Benjamin Abernathy,Paulette.Little6@example.com,Laredo,682.841.7110 x04823,34
8186,Cecilia Conn,Lola81@example.com,Palmdale,436.319.5251,47
8187,Hadley Dare,Joyce50@example.org,Gerardohaven,762.524.9176,62
8188,Sebastian Langosh,Orland.Baumbach40@example.org,East Lucas,931.308.7603 x39816,18
8189,Dayton Schulist,Kim33@example.net,Fort Jeannecester,488-802-5112 x7882,27
8190,Name Franey,John_Bogan@example.org,South Wilsonfurt,1-517-351-2260 x2080,36
8191,Taya Stokes DDS,Faith_Schinner@example.com,Janetchester,1-845-693-1326 x396,39
8192,Ray McClure,David.Ernser40@example.net,Scottsdale,1-884-438-1374 x528,54
8193,Gregoria Shanahan,Ford_Crooks78@example.net,Santa Monica,(624) 889-8980 x03276,18
8194,April Considine,Marguerite72@example.com,Ankundingstad,311-617-1879,36
8195,Quinten Haag DVM,Yvette_Halvorson@example.net,North Gayleworth,(290) 208-4923 x242,44
8196,Quinn Reichel,Mona79@example.com,O'Reillyfield,257-291-1585 x837,49
8197,Kirstin Batz,Annette10@example.com,Lindborough,(535) 660-7297 x4319,26
8198,Tonya Sipes,Ezra_Orn28@example.com,Fort Daleworth,1-777-936-4860 x43236,20
8199,Darlene Hayes,Tessie.Wehner10@example.org,Castle Rock,(729) 319-9507 x8436,30
8200,Dr. Marvin Cartwright,Antonio.Hoeger@example.org,Arturoport,861-479-7662 x88869,37
8201,Alma Dickinson,Noble_Swaniawski@example.com,Fort Whitneystead,1-389-881-5913 x009,23
8202,Ima Green-Legros,Virginia47@example.net,West Colby,851-412-7103,63
8203,Sylvia King-Veum MD,Melvin.Jaskolski@example.org,Reingercester,204-916-1130 x394,54
8204,Opal Kris,Wilton_Rolfson@example.org,Margiecester,515-802-5654 x82211,63
8205,Mr. Tommie Daugherty,Irving.Runte28@example.net,Lydiatown,(493) 999-8222 x4641,54
8206,Mr. Wendell Crooks,Myrtis.Hauck@example.org,Coconut Creek,1-542-840-2771 x90611,43
8207,Emie Bauch,Marshall_MacGyver@example.net,Springdale,1-626-781-4795 x28996,48
8208,Mrs. Mary Feest,Emilio67@example.com,Lake Jedchester,365.673.0968,52
8209,Loretta Bashirian V,Latoya8@example.org,Maiyamouth,817.389.7778 x587,42
8210,Melba Lakin,Harold26@example.org,North Ramonafield,(812) 986-9879,26
8211,Loretta Flatley Sr.,Paula25@example.org,Beaverton,679-665-6395 x1074,31
8212,Lisa Hilll I,Ruthie.Connelly51@example.com,Tamiami,439.261.3179,48
8213,Emanuel Leannon,Darryl23@example.org,Bertrandberg,(459) 562-7952 x908,24
8214,Jacqueline Spencer,Trycia11@example.org,South Mollyberg,1-344-846-5627,39
8215,Mrs. Doris Kunze,Iliana_Upton@example.com,Fort Kylaborough,1-323-682-3406 x5424,42
8216,Hazel Dibbert,Retta.Will78@example.net,Littlemouth,707-509-1684 x5413,42
8217,Geoffrey Cruickshank-Rempel,Christina_Dach@example.net,Port Leticiaboro,827-228-8630 x88364,61
8218,Dawn Hilll,Kelley12@example.com,Cassandrastad,604.541.5269 x11709,34
8219,Dejon Walter DDS,Harriet.Sanford@example.net,Schultzmouth,321.568.7656 x90610,26
8220,Mrs. Katie Gottlieb,Melyssa_Paucek@example.org,Fort Chase,(609) 443-3382 x8942,38
8221,Dr. Archie Schuppe,Sonia.Welch65@example.com,Schneiderton,1-552-319-5827 x5299,31
8222,Mrs. Sienna Green,Ross61@example.com,O'Reillyberg,377.835.5093 x27383,44
8223,Audrey Robel,Ronaldo.Goodwin83@example.com,East Fannie,1-623-332-0540 x44533,37
8224,Brook Lemke,Jermaine2@example.org,West Aurore,345-677-0430 x155,64
8225,Mona Bernhard,Dahlia.Cole31@example.net,Kunzetown,333-557-9860 x627,26
8226,Kay Collier,Jenna_Prosacco21@example.net,Lake Tanya,270.523.0093 x5555,44
8227,Miss Hillary Dare,Brett.Jenkins59@example.net,Spokane Valley,535-749-5436 x833,28
8228,Sonia Pfannerstill MD,Vincenzo99@example.org,Yorba Linda,1-610-268-2053,40
8229,Kellie Lebsack,Juan_Herman@example.org,South Juliustown,259.391.5257,20
8230,Raina Fay,Esteban.OConnell3@example.net,Laneberg,(286) 774-6985 x42901,64
8231,Elton Kunze,Brandyn51@example.org,Shelleyberg,(432) 423-5787 x2485,61
8232,Mrs. Olive Harber,Daisha.Wunsch@example.org,West Chaimstead,(873) 494-8820 x48998,43
8233,Roscoe Altenwerth,Zackary.Beatty82@example.org,Las Cruces,(474) 675-7990,37
8234,Jan Dooley,Samantha.Wiegand@example.org,North Eula,1-864-834-7265 x0820,32
8235,Sergio Gutkowski MD,Brandon83@example.org,Clintonfurt,248.234.1011 x95927,58
8236,Luke Bernier III,Patsy_Schiller@example.org,Gainesville,493-985-0478 x14956,61
8237,Lysanne Considine,Javon.Glover@example.net,East Seth,694-228-3030 x7207,54
8238,Constance Zieme,Edmond.Oberbrunner34@example.org,Arafurt,(485) 288-7523 x86875,47
8239,Vincent Emmerich,Kate_Braun@example.com,Danashire,1-420-434-3598,61
8240,Gladys Barrows,Marie_Senger23@example.com,Lake Meagan,221-412-2116 x602,18
8241,Marty White,Desiree_Gusikowski-Bergnaum87@example.com,Port Brittanyside,504.640.3320 x2625,41
8242,Helmer Waelchi,Sue78@example.com,Port Johanna,820-979-9495 x6431,62
8243,Deangelo Kuphal,Jarrett.Torp97@example.com,Port Ambermouth,752-344-1696,19
8244,Jazmyn Ward,Mya38@example.org,Gottliebville,1-224-268-6046,30
8245,Frankie Hoeger,Theron36@example.com,North Jenny,370-595-5236 x95092,63
8246,Oliver Bechtelar,Ara.Spencer@example.com,Keenanburgh,380.891.6212 x783,34
8247,Chelsea Turcotte,Camron41@example.net,Shanahanfield,631.908.2571 x412,45
8248,Carol Rohan,Scott.Cassin62@example.net,East Lydia,956-278-0206,59
8249,Jermaine Weimann,Corey.Connelly58@example.com,West Lewis,1-833-406-4262 x630,23
8250,Cesar Gorczany,Callie_Torphy@example.org,Stammstad,1-464-378-8619 x769,60
8251,Sue Crooks,Celestine_Bednar@example.org,Folsom,750.712.5386 x96862,50
8252,Lauren Rolfson,Brandy_Hermann59@example.net,South Cliffordstad,(405) 337-5074 x369,34
8253,Lionel Russel,Lexus_Keebler62@example.net,Margate,(896) 535-6454 x802,62
8254,Angie Brekke,Deborah15@example.com,New Maureen,266.696.3189 x96508,32
8255,Alyce Bradtke DVM,Cornelius_Ryan@example.net,Lake Cordellhaven,1-401-407-9462 x7689,30
8256,Drake Morissette,Beulah66@example.net,Larkincester,706.536.9376,44
8257,Mr. Jesus Hayes,Ismael.Powlowski-Kiehn@example.org,Port Lacycester,(375) 569-7843 x65258,45
8258,Vicky Kirlin,Matthew_Jast4@example.net,Josestead,1-776-772-4664 x6008,48
8259,Miss Genesis Senger,Marlon_OHara@example.com,Strackeland,(908) 969-2993 x78989,24
8260,Erling Bahringer,Damion42@example.com,Modestohaven,(654) 524-8510 x9820,64
8261,Mohamed Larkin,Bert26@example.org,Karliworth,825-934-6626 x7005,65
8262,Marshall Dicki,Delores.Marvin5@example.com,Mollyshire,(916) 266-4481 x98369,65
8263,Odell Terry,Nicholas12@example.org,New Carlos,711-643-0139,61
8264,Miss Juliet Connelly,Adrienne_Auer55@example.net,The Villages,711-651-8537 x83435,61
8265,Dr. Roderick Nicolas,Yasmeen_Cruickshank56@example.com,Ernser-Rathfield,1-952-210-9282 x918,57
8266,Darrin Reinger,Marlin.Halvorson-Parker61@example.com,Ashburn,711.419.9779 x369,42
8267,Lora Feil,Ellis_Koch77@example.net,Wizashire,424-321-5470 x6316,20
8268,Victoria Baumbach-Hane,Marian.Beahan@example.com,Willmsfield,(931) 557-4187 x446,41
8269,Inez Walker V,Trevor_Altenwerth17@example.org,Upland,(342) 275-7365 x84459,61
8270,Kristian Schoen-Streich,Nicolas_Koelpin-OKeefe16@example.com,Colestad,671.679.4363 x6714,45
8271,Elza Herman,Carl.Lang3@example.org,Fort Marta,449.900.2306 x3818,28
8272,Arturo Turcotte,Anissa_Stroman@example.com,North Lucilefort,(681) 958-7430 x306,52
8273,Clint Keeling MD,Rodney78@example.org,Joaquincester,(832) 875-0667 x9800,37
8274,Troy Conn,Keith_Lindgren@example.net,Metairie,399.332.7322 x867,35
8275,Lelah Ondricka V,Callie.Champlin@example.org,Round Rock,1-253-992-3591,23
8276,Flora Simonis,Kirsten_Keeling@example.net,South Cynthia,217-738-0242 x982,26
8277,Alexandra Harber IV,Kristopher70@example.net,Lake Robynfield,1-455-653-3907 x28709,49
8278,Mr. Gilbert McGlynn,Kent_Luettgen-Littel@example.org,Lake Elfrieda,1-702-864-1299,29
8279,Webster Moen Sr.,Audie.Hamill16@example.org,Fort Brendaside,579-227-2677,36
8280,Judy Botsford,Eileen61@example.net,East Katherine,1-302-647-3317,21
8281,Mr. Joe Mayer,Maci92@example.net,Tallahassee,(568) 261-8415 x23567,54
8282,Jonathan VonRueden,Zachariah_Klein66@example.net,Christyport,(475) 884-3203,42
8283,Patrick West,Felton.Dare@example.com,Walshfurt,1-922-356-0837 x64493,44
8284,Laverne Pollich,Carlton_Kub26@example.net,Holdencester,578.987.9700,60
8285,Vidal Mante,Antonina82@example.org,Paulineburgh,486.400.7717,46
8286,Adriel Welch,Helena.Carroll@example.com,Beaumont,855.587.3658 x56509,65
8287,Martha Murray,Romaine_Towne@example.net,New Nina,(208) 756-3499,18
8288,Fernando Mante,Laurie.Crona72@example.net,West Giovanna,976.353.8581,63
8289,Jeremiah Haley,Lulu_Kling@example.org,Terryfort,(267) 698-8687 x20124,35
8290,Garland Weimann,Shayne3@example.net,New Luigifort,482.914.8439 x0049,56
8291,Adrian Hamill,Irving_Bins@example.org,Lake Angelitaboro,205-201-8700 x98601,52
8292,Abagail Stoltenberg,Frankie_Romaguera@example.net,New Kasandra,339.987.2174 x4005,60
8293,Beatrice Donnelly,Dee24@example.org,Kettering,929.420.0830 x8141,19
8294,Bertha Bauch,Gail.Bosco@example.net,New Antoinetteton,464.613.5808 x0573,47
8295,Connie Kutch Jr.,Friedrich_Satterfield54@example.com,South Myrafield,954-350-4761 x3749,61
8296,Myrtie Beier-Roberts,Blanche_Crist28@example.net,Genevieveside,1-456-493-8545 x9749,31
8297,Maybelle Kozey,Darren_Reichert@example.org,Trompworth,732.440.2849 x6875,22
8298,Marjorie Stark,Winfield_Predovic67@example.net,Harrisonburg,1-306-516-2237 x2851,28
8299,Roxanne Abshire,Winona_Satterfield10@example.com,Thomasland,(524) 937-7587 x882,29
8300,Marian Gleason,Jodi.Nikolaus@example.com,East Dorothy,1-792-291-9534 x0726,50
8301,Dexter Johnson,Kelvin99@example.org,Cliftonstad,616.797.2948,52
8302,Myra Welch,Jesus.Schulist@example.com,Shieldsport,1-645-588-5280 x357,18
8303,Bernard Bayer,Chester_Thiel67@example.net,Oliverborough,680-396-9763 x09141,54
8304,Brandon Hickle,Bobby.Wolff0@example.org,Port Terrence,(628) 871-0229 x7704,28
8305,Mr. Gregory Schoen,Alexandre.Greenfelder@example.org,Juliancester,1-542-645-2056 x567,45
8306,Maggie Koch-Moore,Lori56@example.net,Burbank,242-696-0499 x59564,25
8307,Ruth Emmerich,Kaia.King76@example.net,Lewisville,690.237.9071 x6195,34
8308,Yvonne Sipes,Marshall.Glover18@example.org,Willmsfield,981.726.4566 x70214,28
8309,Clair Larson,Jimmie.Howe@example.com,Considinemouth,735-869-3762,49
8310,Diana Harris,Ward.Wilderman1@example.net,West Ryanfurt,(999) 637-7441 x349,63
8311,Warren Mohr,Kristin77@example.com,Lake Debbie,1-286-742-2344 x1929,19
8312,Miss Deangelo Bailey,Bruce.Kshlerin37@example.net,Billyside,986-966-8034,18
8313,Aliyah Lebsack,Agnes83@example.org,East Odessa,495-935-9221 x2137,40
8314,Abraham Homenick,Kareem_Rempel10@example.net,East Lurline,(301) 426-0353 x791,29
8315,Eldon Nader,Alton78@example.com,Citrus Heights,361.257.7680 x32612,61
8316,Mr. Rebeka Volkman,Juston.Dietrich@example.net,East Ally,268-986-6656 x3252,21
8317,Claude Cruickshank,Kelvin.Gislason@example.com,South Archieville,1-237-667-5017 x426,44
8318,Raymond Stracke,Nora_Schmeler@example.net,Tillmanfield,1-720-630-7887 x45994,50
8319,Juanita Cruickshank-Lueilwitz,Mafalda96@example.org,Titusville,287.291.1561 x829,21
8320,Dr. Louvenia Homenick,Helmer_Armstrong11@example.org,New Jake,(720) 947-5329 x1875,43
8321,Gabriella Mayer,Damaris69@example.com,Smithamburgh,464-902-3801,58
8322,Mrs. Karelle Cruickshank,Thurman_Auer36@example.com,Troyside,583.581.5437,39
8323,Bernadette Rutherford,Vicky_Robel@example.com,Garrickstad,1-524-372-6032,51
8324,Kip Pfannerstill,Hortense8@example.net,East Tobyland,497.753.7049 x1742,33
8325,Monroe Rowe,Kurt_Emmerich@example.net,El Paso,945.209.4964 x80317,32
8326,Pete Wisozk,Fiona.Stroman@example.net,Kemmerbury,(613) 700-5589 x99558,40
8327,Margarita Bechtelar,Clint.Heaney76@example.com,Enriqueboro,1-811-881-9132 x993,29
8328,Stefanie Pfannerstill,Andres96@example.org,Opalberg,808.790.9822 x816,18
8329,Wilhelmine MacGyver,Bob.Fisher75@example.org,Morissetteland,(438) 353-5577 x27617,57
8330,Anne O'Conner,Debbie78@example.com,El Paso,250-636-8356 x9689,36
8331,Hubert Quigley,Shirley79@example.net,Des Moines,451.305.7704,50
8332,Blair Kutch,Domenica_Conroy58@example.net,Moenhaven,(699) 983-4216 x626,26
8333,Marvin Waelchi,Shea63@example.net,Lake Christinastad,1-279-682-2974 x50990,23
8334,Marcos Harber,Nathan18@example.net,North Kaydenfield,920-872-9254 x2119,52
8335,Tressie Labadie,Rhea72@example.org,Sierra Vista,(834) 734-2862 x587,55
8336,Alanna Orn,Coleman89@example.com,South Kristieside,(892) 867-5947,62
8337,Liam Hayes,Alexandra.Johnston66@example.com,Mosheboro,1-338-909-1944,57
8338,Ira Kerluke,Hershel.Turner77@example.com,Santa Ana,1-409-798-7536,39
8339,Dominick Schamberger,Benton.Roob@example.org,Crooksberg,1-621-781-1340,38
8340,Griffin Watsica,Citlalli.Zulauf@example.net,Washington,871-807-8475 x4545,26
8341,Harvey Predovic-Cremin III,Connor_Paucek3@example.net,Okunevabury,412.480.6671 x5395,22
8342,Juana Ullrich-Baumbach,Johanna_Jacobson@example.org,East Cathy,436.271.2153 x786,47
8343,Mr. Janae Rolfson,Deanna51@example.org,Lake Monicatown,1-677-444-6641 x11509,39
8344,Lelia Roberts,Shelly.Reichel29@example.com,Greenholtboro,228.959.7002 x23764,24
8345,Clark Bednar,Alene38@example.net,Fort Cynthiafield,1-309-660-8378 x026,41
8346,Mayra Feest,Petra.Kuhic@example.net,Douglasside,(230) 305-0566,43
8347,Dr. Kristi Goldner,Kayla17@example.org,Des Plaines,975.552.3886,59
8348,Billie Williamson,Dudley67@example.org,Claudiafurt,849.813.2269,23
8349,Hubert MacGyver,Willard64@example.org,Stevenborough,216-788-1848 x7748,55
8350,Patsy Rogahn,Hannah16@example.net,West Bethany,885.246.4672,28
8351,Nathanial Cormier,Jedediah.Bogisich37@example.com,Fort Floside,520-459-6495 x3375,44
8352,Milton Armstrong,Troy_Kulas50@example.org,Haskellton,209-447-7619 x352,53
8353,Doreen Frami,Jana.Reynolds87@example.net,Arden-Arcade,487.843.0419 x73736,57
8354,Felipa Kulas,Lydia.Gorczany52@example.net,North Golden,1-961-279-5698 x2967,32
8355,Camilla Jaskolski V,Ada.Von60@example.net,Fort Kara,396.909.1594 x635,24
8356,Jake Mohr,Ray_Fisher@example.org,Lake Ida,869.450.7568 x92961,30
8357,Zackary Douglas,Craig.Pouros@example.net,East Marcos,557-916-6860,19
8358,Mrs. Margie Gerlach,Louise36@example.net,Abernathyside,245.347.2728 x939,57
8359,Jeremiah West,Savanna11@example.org,Fort Stewart,681-526-0759 x192,51
8360,Elva Kreiger IV,Dante77@example.net,Mesquite,1-348-480-1491,61
8361,Olive Barton,Leonardo10@example.com,New Rudy,1-831-927-2623 x1932,19
8362,Neal Spinka,Syble.Mosciski78@example.net,Blue Springs,1-802-765-0985 x69576,45
8363,Lillian Gutkowski,Edgar_Donnelly-Gorczany@example.org,Port Emanuelstead,1-732-752-0921 x053,42
8364,Alessandra Bednar,Wesley16@example.com,Fort Adelaville,918-920-0820 x224,60
8365,Rosemarie Schulist,Theodore74@example.org,Hesterside,1-490-713-3746 x0138,62
8366,Magdalen Roob,Dulce.Nolan@example.com,Stillwater,1-985-224-1419 x5757,33
8367,Mariane Smitham PhD,Eileen21@example.org,Fort Ryannfort,(295) 628-0643 x3387,34
8368,Reina Thompson,Marian.Pouros47@example.com,Lake Gradyfurt,503-967-6670,33
8369,Gwen Wintheiser,Rollin_Thompson55@example.com,Trompport,980.291.5446 x09311,18
8370,Kevon Rogahn,Rachael.Rolfson53@example.org,Larkinview,(869) 450-3242,49
8371,Green Schowalter,Kasey.Shanahan42@example.org,O'Konhaven,(265) 513-5636 x752,52
8372,Carlton Franecki,Leroy.Hyatt72@example.net,Krajcikview,669.839.7604 x555,55
8373,Madie Nienow,Lola_Macejkovic@example.net,North Carolineton,428.557.6984 x6192,52
8374,Jeremie Champlin,Claire.Stanton41@example.org,Johnsonmouth,1-794-766-2017 x7590,40
8375,Kim Veum,Wendy97@example.net,West Janaland,484.657.8287,23
8376,Jesse O'Keefe,Ruthie21@example.com,South Rafael,1-526-259-1272 x2182,50
8377,Lewis Simonis,Ian_Heathcote30@example.com,Breanafield,833-212-7068 x2713,60
8378,Lora Reynolds,Rossie.Kirlin@example.net,South Morris,1-206-200-1856 x7042,57
8379,Gisselle Carter-White,Jerald_Hammes50@example.org,Camarillo,(268) 560-6246 x602,48
8380,Derek Mills,Kirk.Towne@example.com,Jodichester,765-292-5432 x28989,52
8381,Nellie Goldner,Samson_Nitzsche@example.net,East Horacestead,(518) 867-2049 x0224,53
8382,Caroline Altenwerth,Rogelio_Marks25@example.net,Johnsonland,1-598-362-0301 x60587,61
8383,Lewis Prosacco,Nedra_Schiller@example.com,Casa Grande,1-277-932-2037 x964,61
8384,Cleo Ledner,Anahi_Raynor-Cronin60@example.org,Roseland,989.367.0479 x815,39
8385,Lina Moore,Patricia_Rolfson@example.org,New Sophiaworth,1-724-582-8501 x6388,62
8386,Daniel Conroy,Susanna18@example.net,Edwinshire,(366) 757-6039 x502,26
8387,Neoma Mills,Isidro.Ruecker@example.net,Rosamondton,1-348-710-2765 x8881,56
8388,Johnny Howell,Randall93@example.net,Macon-Bibb County,(607) 414-8132 x879,57
8389,Mr. Lia Gislason,Willis2@example.org,Welch-Schadenfort,418.801.3589,25
8390,Colleen Renner,Griffin6@example.com,Lauraborough,376-312-0818,21
8391,Miller Prohaska,Donnie_Wisozk@example.org,Faheyhaven,(846) 398-5409 x34787,54
8392,Miss Leonora Rolfson,General17@example.com,Botsfordland,1-990-985-9642 x65996,55
8393,Nichole Walsh,Celestino.Torphy@example.com,Schimmelstad,(547) 843-0563,51
8394,Dr. Joe Lebsack,Regina0@example.org,South Amie,1-904-827-9526,54
8395,Eleanore Ondricka,Keith.Block@example.org,Port Joan,388-953-9036 x3147,48
8396,Milo Beatty Jr.,Kelsi48@example.org,Lilliestead,(215) 646-1770,49
8397,Elza Schoen,Israel_Gislason@example.net,Emmyton,(943) 274-6726 x2654,63
8398,Madisyn Weissnat,Elyse.Mertz89@example.net,East Shermanfield,(390) 681-2592 x2110,60
8399,Emmett Murray,Beth.Parisian18@example.net,Johnnieburgh,(802) 976-2912 x296,58
8400,Luigi Hansen DVM,Johanna.Reynolds83@example.com,Port Seanshire,1-248-496-6459 x7739,44
8401,Doreen Reynolds,Louie_Cormier70@example.org,Fort Mafalda,(640) 805-5581 x326,48
8402,Cecil Goodwin-Ziemann,Leora_Schumm@example.net,South Bobby,298-846-6714 x2268,46
8403,Sherman Stehr DVM,Anahi_Dickens@example.net,East Marjolainebury,256-942-9699,37
8404,Shirley Bayer V,Dominick_Ryan91@example.org,Port Terrencefort,1-357-272-0707 x431,49
8405,Rosella Carter,Wilbur11@example.net,Schneiderside,550-787-0040 x066,62
8406,Mr. Trevor Hoppe,Elias_Rolfson@example.com,Eldoratown,1-775-783-9261 x7396,44
8407,Mabel Cruickshank,Mario_Kunde@example.org,New Yvonne,681.718.4873 x782,47
8408,Kate Hyatt,Barney_Farrell60@example.com,Lutherborough,1-967-618-2123 x363,30
8409,Brandy Walter,Brendon_Kunde@example.com,Cruickshankmouth,366.358.3986 x3046,26
8410,Hattie Zieme,Norman_Blanda@example.org,Provo,1-313-702-6623 x9707,22
8411,Abdul Bogan,Ronald71@example.com,Macon-Bibb County,221-739-0175 x97835,65
8412,Bill Collier,Albert21@example.com,West Arne,563-830-1229 x9620,51
8413,Jaime Bechtelar,Ronald_Rowe@example.com,West Shelley,(313) 347-1339 x86913,36
8414,Lillie Hane,Bennie.Reinger72@example.com,Gertrudetown,1-502-235-1897 x473,22
8415,Antonina Hammes II,Lon.Glover17@example.net,Fort Vera,(718) 251-0223 x5054,56
8416,Santiago Abbott,Nichole51@example.org,Pricemouth,(651) 619-4811 x09485,43
8417,Alexis Grant,Alaina.Bogisich59@example.net,Forrestport,(614) 658-2222,45
8418,Madge Kozey,Donald.Goldner@example.org,New Andrew,207-907-2966 x1385,40
8419,Bianka Boyer,Colin99@example.net,Lake Terrence,1-577-548-4075 x8320,45
8420,Nathan O'Keefe,Armando_Boyle0@example.com,Fort Janafort,903-864-9817 x922,42
8421,Miss Dulce Mosciski-Bailey,Clark9@example.net,Ondrickaland,730-492-6126 x81081,48
8422,Mafalda Leffler,Alan_Volkman83@example.net,Rogahnfurt,(312) 600-1230 x2024,38
8423,Aurelio Tillman,Rolando.Schuster17@example.org,Kochport,1-827-347-0839,42
8424,Rita Kautzer,Kristi.Maggio@example.org,Sherriton,(931) 215-8568,21
8425,Esther Gleason,Mariano.Buckridge78@example.com,Cheektowaga,(419) 632-1815 x7759,29
8426,Lena Stiedemann,Aisha3@example.com,Dulcemouth,799-477-9373 x671,49
8427,Brendon Hamill,Katlyn_Nienow65@example.com,West Annieshire,325-442-5225 x651,44
8428,Mrs. Lela Fay,Felipa.Wilkinson15@example.net,Pleasanton,1-960-868-0316 x0612,48
8429,Alton Green-Pollich,Randal4@example.net,East Lena,1-525-767-6929,50
8430,June Lubowitz I,Carmelo.Fahey20@example.net,Fort Rachel,465-332-3618 x813,43
8431,Rodger Murray-Friesen,Jasmine.Cremin89@example.net,Chico,1-995-810-0789 x287,45
8432,Aaron Renner,Willis9@example.net,Aufderharborough,767.550.6049 x6761,47
8433,Theodore Hermiston,Guy.Gulgowski@example.org,Fort Sidney,(449) 883-1734 x0849,19
8434,Garrett Harber,Destinee52@example.net,Coltshire,918-752-1016,52
8435,Bradford Cremin,Lela_Huel@example.net,Fort Rickyborough,(560) 312-6659 x4835,48
8436,Immanuel Wintheiser,Jules.Glover16@example.com,New Britney,1-638-585-0719,26
8437,Ms. Vicki Grimes Sr.,Stephon51@example.com,New Bedford,940.386.3111 x178,37
8438,Mr. Amalia Prosacco,Serenity31@example.net,East Dolores,432.915.9422 x61724,54
8439,Gladys Bernhard,Kristin.Franey78@example.net,Brekkeburgh,474-681-7098,49
8440,Stanton Mosciski V,Christina.Crist16@example.net,Grand Forks,240.938.1826 x381,24
8441,Leanna Parisian,Candido.Roberts@example.org,Anitaville,(290) 319-8572 x20276,33
8442,Katie Williamson,Kody_Ryan-Jerde28@example.org,West Verda,573-445-6205 x82928,28
8443,Elenora Kris,Troy_Walsh7@example.net,East Cheryl,950.612.6761,39
8444,Rhoda Upton,Tyrese.OHara2@example.com,New Dayanaberg,1-704-613-5341 x8947,54
8445,Abdullah Crona-Hayes,Laverne_Sipes@example.net,North Bridgetstead,940-624-3656 x93337,51
8446,Leonard Zemlak,Bartholome_Predovic@example.org,Castro Valley,(552) 818-9868 x965,31
8447,Noe Turcotte,Clint53@example.net,Baumbachville,431.341.6905 x6833,46
8448,Steve Koepp,Ubaldo.Howe@example.com,Berkeley,560-739-6110 x7673,56
8449,Terrence Weber,Carli7@example.net,Sawaynburgh,526.356.7085,52
8450,Sue Reichert,Nils_Mosciski97@example.net,North Norman,(664) 355-6608 x097,24
8451,Lindsay Mann,Marty_Cruickshank@example.org,Dorafurt,795-673-3727 x4862,21
8452,Andres Cole-O'Connell,Sam.Bosco@example.com,West Kaleigh,936-668-0423 x97075,35
8453,Wallace McClure,Violette37@example.com,Claytonhaven,311.825.6214 x157,38
8454,Summer Rippin,Estel_Frami32@example.org,New Leona,398-591-0512,26
8455,Wm Parisian,Francisco_Fay@example.org,East Gladys,549.501.7958 x365,45
8456,Franklin Swift-Volkman,Jazmyn12@example.org,East Houstonview,617-956-4170,58
8457,Doug Schimmel,Frieda68@example.org,West Jeff,474-772-0305 x3423,51
8458,Lucia Stamm,June.Kassulke42@example.com,Greenboro,(820) 536-1572 x796,48
8459,Waldo Jones,Monica_Sauer@example.net,South Norman,1-720-842-3104 x40337,49
8460,Gustave Fisher,Colleen_Zboncak99@example.org,O'Haraworth,1-479-303-5602 x0232,40
8461,Opal Lesch,Tomasa_Weissnat@example.net,Port Claude,639-889-0413 x75261,55
8462,Mr. Al Legros,Quinten.Schowalter@example.net,Schroederstead,(430) 208-9864,50
8463,Kathy Koss DVM,Hazel_Rolfson@example.com,Denesik-Wolffcester,(452) 495-2958 x94730,41
8464,Arnulfo Tillman,Orrin9@example.com,Colorado Springs,(508) 231-0263,23
8465,Roberto Dietrich,Princess1@example.com,Riceland,1-351-682-0051 x4100,38
8466,Kendrick Marks,Eunice_Schultz-Breitenberg42@example.org,New Dwayne,(964) 396-2943,65
8467,Kim Herman,Jonathon.Christiansen@example.com,Juanafurt,469-843-7703 x57601,42
8468,Lavada Gusikowski,Lelah_McGlynn@example.org,Bernhardshire,262.871.8879,42
8469,Ms. Evert Schumm,Conrad.Barton4@example.com,Ervinfort,880.464.2868,56
8470,Dr. Hailee Mayer,Harriet64@example.net,Donnieworth,1-270-913-9919,37
8471,Charles Koch,Ida81@example.net,North Little Rock,723.245.7428 x17193,24
8472,Kayleigh McKenzie,Elijah94@example.org,McCulloughboro,(822) 807-7341 x165,56
8473,Catherine Emmerich,Lane_Legros@example.net,East Jefffield,797-476-6712 x9535,54
8474,Velda Wyman,Chet_Pfeffer63@example.net,Tristinfurt,1-336-828-8635 x19930,50
8475,Arno Mann,Jordan_Kris98@example.org,Millcreek,1-982-637-3352 x55253,62
8476,Jovany McDermott,Della36@example.net,Methuen Town,492.643.9786 x44874,34
8477,Cali Weissnat,Eloise.Prosacco@example.org,Watsonville,1-819-313-9708 x76928,59
8478,Carroll Bashirian,Nicolette.Borer19@example.com,Richland,(654) 242-0555 x9815,39
8479,Nathen Schimmel,Lynda_Fisher47@example.net,Fort Nellie,1-209-879-0271 x59682,62
8480,Muriel Prohaska,Kellie.Brakus@example.net,Claytonfort,(334) 994-7233 x3413,45
8481,Alexie Kozey,Gwendolyn_Tillman@example.org,Lake Josefinaport,676.317.5501 x4298,64
8482,Michelle Schroeder,Rudolph_Jones79@example.net,Lake Sienna,483-948-0262 x2217,43
8483,Cassandra Waters,Opal_Nikolaus60@example.net,Edinburg,708-306-3797,63
8484,Jarrett Dietrich,Danielle_Mitchell11@example.net,Pomona,(692) 990-8295 x951,56
8485,Tammy Graham,Bobbie51@example.org,Sashafield,236.849.9197 x48897,36
8486,Bradford Hansen Jr.,Leigh_Boehm@example.org,North Leonor,800.677.9093 x32349,29
8487,Benny Pfeffer,Elian.Boyle@example.org,East Wanda,1-403-276-6048,19
8488,Lorna Friesen,Edythe_OReilly@example.com,Greenland,1-442-406-7404,19
8489,Pauline Schmeler,Deven.Considine29@example.org,Hillston,224-907-7851 x2481,41
8490,Leon Casper-Nolan,Verna.Green@example.net,East Layneside,459-380-2950,38
8491,Keanu Hauck,Gertrude67@example.com,East Monica,(623) 729-8107 x9932,47
8492,Patty Mante,Saul.Torphy93@example.com,East Leah,842.656.4067 x92136,36
8493,Hugo Auer Sr.,Deanna.Heathcote84@example.net,Wilfredfort,876.270.8148 x7112,21
8494,Lee Lueilwitz,Tavares.Schmeler@example.org,New Larrytown,(534) 906-0860 x85761,64
8495,Mr. Malcolm Kuhn,Leopold_Jaskolski31@example.org,Framicester,1-879-807-2595 x95936,60
8496,Karli Hackett-Carter,Alison.Brekke37@example.org,Krisberg,951.675.7854 x25726,57
8497,Mr. Phillip Gerlach Sr.,Duane.Robel@example.net,Clarkhaven,407.210.0363 x723,56
8498,John Rempel-Hermiston,Diana_Gutmann@example.com,Fort Sue,770-381-0517 x10931,24
8499,Sylvester Heidenreich,Adan_Schinner@example.org,Detroit,931-295-6641 x0686,30
8500,Billie Stracke II,Susie.Howell52@example.net,Springdale,261.333.9391 x4582,58
8501,Danial Gleason,Karl9@example.net,Santa Cruz,953-442-0268 x63083,28
8502,Carroll Pfeffer,Ethan_Welch66@example.net,Port Markworth,789.808.4440,32
8503,Madie Mosciski,Einar_Keebler@example.com,East Arthur,1-625-988-0304 x7457,42
8504,Maurice Torp,Sabryna73@example.com,North Samantaport,497.351.2805,44
8505,Dr. Zelda McLaughlin,Roosevelt_Deckow@example.net,Braunview,545-219-1924 x2105,38
8506,Lionel Monahan,Triston.Price@example.com,Yucaipa,762-753-2919 x1231,18
8507,Paul Morar Jr.,Daisy8@example.com,Alexanderworth,942-886-3917 x1373,32
8508,Janick Haley,Michel_Rippin@example.org,Claystad,888.797.9227 x52451,35
8509,Stuart Kertzmann,Emmanuel30@example.org,West Briafurt,718.853.0964 x87262,47
8510,Patsy Spencer I,Felipe78@example.com,O'Kon-Sauerland,992.389.4941 x16947,30
8511,Marvin Gleichner,Cody.Breitenberg89@example.com,Eloybury,468.942.1784 x0778,34
8512,Mr. Sheldon Bartoletti,Archie.Borer14@example.com,Sanfordland,(842) 759-5308 x51630,20
8513,Evan Barrows,Essie_Reichel@example.net,West Kathryn,698.304.3928,22
8514,Mrs. Carole Kovacek,Deshaun_DuBuque@example.com,North Nicholascester,1-731-293-5316 x048,31
8515,Verna Collins,Billy29@example.org,New Belindaboro,1-999-204-3479 x193,49
8516,Faith Wuckert,Cortney_Rosenbaum@example.com,Ward-McLaughlinport,1-505-692-6518 x743,49
8517,Trever MacGyver,Jimmie.Lemke-Tremblay@example.com,Rosaleeview,230.776.5598,40
8518,Elbert Osinski II,Ricardo.Wintheiser17@example.org,Fort Orie,1-548-917-2127 x52747,52
8519,Dr. Brent Marks,Jabari.Weber21@example.net,West Daxstad,1-544-441-0471 x2325,57
8520,Mollie Stanton Sr.,Weldon63@example.org,New Piperburgh,826.743.9826,42
8521,Cindy Lynch II,Cydney_Grimes6@example.com,East Angela,(233) 633-3316,52
8522,Nils Toy,Jo75@example.net,Justinshire,864-289-4037 x66961,63
8523,Richmond Johnston,Thelma_Franey60@example.com,Santa Barbara,1-260-350-4225,43
8524,Zackary Weimann,Fredy.Frami16@example.net,North Helene,(455) 890-3025 x1888,36
8525,Elnora Terry,Diamond1@example.net,Willmsport,1-724-380-0574 x372,35
8526,Spencer Ebert-Abshire,Laurine82@example.net,Lake Raquel,(437) 605-2582,49
8527,Jewell Watsica,Mercedes.Emard27@example.com,West Laura,(906) 317-2814 x30736,51
8528,Wava Schmeler Jr.,Daphne.Zieme@example.org,New Brunswick,228.757.8646 x289,50
8529,Mr. Beaulah Bednar,Melinda.Auer@example.net,Nickberg,601.654.0097 x3431,60
8530,Raul Hyatt,Florian.Rosenbaum@example.net,Kendall,902-532-9926 x3806,36
8531,Kent Schulist,Violet.DuBuque-Mertz@example.com,Port Elmerstad,(863) 744-8093 x415,62
8532,Caleb Beer,Caleb.Wisoky3@example.net,West Sylvester,1-552-770-7867,54
8533,Mr. Tom Raynor,Kim_Steuber87@example.com,Portage,507.588.2179 x986,41
8534,Dr. Audrey Schroeder,Gloria.Pfeffer21@example.org,Nitzscheview,1-267-530-9347 x46961,36
8535,Marlon Moore,Jeff_Nader95@example.org,New Gianniside,532-398-3393 x0224,25
8536,Giles Harvey,Archie.Christiansen40@example.org,Conroe,(293) 914-3556,41
8537,Alton Stokes Sr.,Jedidiah55@example.net,Vernonmouth,665-630-8384,65
8538,Mr. Graciela Corwin,Alene19@example.com,Kadeboro,301.335.0501 x768,52
8539,Jerrell Gibson-Bruen,Jordan_Prosacco64@example.com,East Nina,1-334-704-1316 x182,29
8540,Brian Feil II,Erin.Stanton@example.com,Millschester,403.876.7197,56
8541,Luz Lebsack,Marie.Veum91@example.org,Port Tracey,(649) 358-4403 x7359,25
8542,Dallin Trantow,Maximilian_Ortiz47@example.org,Loganside,961.984.3792 x7286,33
8543,Doreen Hintz DDS,Alphonso47@example.org,West Claracester,824.388.5672,25
8544,Ruby McLaughlin,Hugo72@example.com,Klington,1-938-720-0415 x2403,42
8545,Mrs. Eva Strosin,Woodrow68@example.net,Hellerfield,884-772-1424 x3544,53
8546,Fernando MacGyver MD,Alden_Heidenreich@example.net,North Travis,675-281-7309 x923,58
8547,Elenor Feil III,Marlee_Botsford10@example.com,Binsburgh,337.592.8807 x728,64
8548,Gabrielle Hegmann,Ewell_Herzog21@example.net,Ednastead,1-790-391-4494 x400,38
8549,Theron Lubowitz,Mikel.Spinka20@example.com,Trantowbury,(704) 331-6221,21
8550,Madeline Boyle,Suzanne71@example.org,Grand Prairie,921.570.5490,62
8551,Annamarie Dickens-Daniel,Christophe_Mitchell58@example.org,Kuhicborough,594.885.7485,38
8552,Dave Bailey-Gleichner,Nelson.Champlin23@example.net,San Jacinto,719-618-2747 x19236,40
8553,Fred Schmidt,Audra.Cremin@example.com,East Leilanishire,857.556.8783 x24398,59
8554,Darrin Kub,Cory93@example.net,McCulloughmouth,895-251-4146 x34012,34
8555,Mr. Rufus Little,Sergio37@example.org,West Jillburgh,1-325-617-2648,39
8556,Ms. Lorene Robel,Garrett_Keebler21@example.org,Jerrytown,(446) 494-0651 x53766,20
8557,Cesar Rohan-Graham,Adonis38@example.net,Dedricfield,661-568-4631 x161,18
8558,Eva Dickens,Eleanor72@example.com,Richardson,1-432-331-8991 x249,27
8559,Eli O'Hara,Roy_Gutmann82@example.org,Mariestad,(429) 806-6108 x020,33
8560,Emma Pfannerstill V,Kyra9@example.org,Port Joelshire,1-697-642-1303,32
8561,Mr. Merle Prohaska,Lionel96@example.com,West Belle,332-952-6676,63
8562,Curt Muller,Israel.Waters@example.com,Keelystad,523.305.7430,19
8563,Mark Stokes,Carroll.Beer-Labadie75@example.com,Toms River,1-329-504-5984 x6516,31
8564,Calvin Gibson,Hayden53@example.net,Lubowitzboro,931.752.2279 x769,61
8565,Miss Glenda Runte,Betsy.Tillman43@example.net,Tustin,1-706-330-4470 x49943,60
8566,Mr. Rocky Fritsch,Colt.Rolfson@example.net,Fort Reagan,533.971.9330,50
8567,Mr. Marlon Bechtelar,Wendell_Lowe-Leffler25@example.net,Bobbyborough,(588) 636-2589 x920,38
8568,Thelma Considine DVM,Abe88@example.org,Port Jeanland,394.756.2964 x4720,35
8569,Jaden Rohan,Zena_Wilderman52@example.com,Kyrachester,1-481-237-6226,49
8570,Kristopher Koch,Jessica_Hoppe@example.net,Fort Stuartworth,(464) 641-3333 x686,47
8571,Simon West-White DVM,Marilou.Homenick-Wiza28@example.net,East Normanstad,513.785.5910 x08813,31
8572,Noe Ruecker,Eriberto_Green@example.org,North River,(920) 788-2452 x24575,50
8573,Tommie Zemlak,Alonzo11@example.org,Port Deannamouth,698-979-1955,39
8574,Eunice Tillman,Tierra_Nader3@example.net,Lake Mckenna,216-661-1762,46
8575,Milton Block,Meredith_Kunze@example.com,Stanstead,785.520.7663 x768,43
8576,Hilario Rutherford,Cade22@example.com,Baileyfield,297.873.0365,53
8577,Gary Steuber,Kari.Tillman@example.com,Geraldineburgh,(980) 285-8544 x180,37
8578,Carmine Effertz,Lilly78@example.com,Legroscester,288.265.2590 x724,39
8579,Marcel Upton,Seth.Grimes@example.net,Geovannihaven,606-246-6886 x040,46
8580,Thomas Leannon,Bernadine_Ruecker@example.com,New Luis,709.752.5561 x02056,34
8581,Herminio Heidenreich,Emmie.Hoeger@example.com,Vacaville,(728) 624-8471,28
8582,Donato Predovic,Betty24@example.com,Hazelland,1-969-736-3168 x7112,41
8583,Bailey Douglas,Delores.Erdman@example.net,Fort Cyrushaven,1-287-312-6248 x8158,29
8584,Olin Rodriguez,Sherri_Rempel52@example.net,Pacochaview,568-254-2785 x2065,40
8585,Caroline Murazik,Roderick34@example.org,Port Adelleview,922.240.2424 x231,23
8586,Thelma Hane,Ubaldo_Lesch95@example.net,Santee,1-454-314-9806 x681,32
8587,Mr. Aubrey Padberg,Colten.Goyette24@example.org,Keyonfurt,1-742-439-1223 x52575,61
8588,Winona Hoppe,Colt2@example.org,Port Charles,1-791-737-8363 x83864,31
8589,Augustus Shields,Lloyd20@example.net,Devinbury,516-202-4745 x07656,41
8590,Gilbert Glover,Donald85@example.com,South Marshaside,(326) 332-4226 x9616,37
8591,Beulah Walker,Carlos86@example.org,South Minnie,923.630.8749 x9607,59
8592,Marielle Kovacek,Alfreda73@example.net,Sioux City,1-702-529-0189 x90880,43
8593,William Bartell,Colleen_Cummings25@example.org,Fort Billie,849.648.0372,35
8594,Krystal Kuhic,Karelle.Osinski58@example.com,Greenfelderstead,782.681.7918 x8158,65
8595,Carli Jaskolski,Jesus73@example.org,Potomac,(946) 434-5455 x31240,32
8596,Clarence Anderson,Rey72@example.net,Lake Tomas,762-804-1164,26
8597,Miss Hattie Ferry,Joann_Kutch49@example.net,South Sergio,(968) 841-5402,59
8598,Jada Bailey,Tre.Bauch60@example.org,North Jolieshire,704-844-3947,36
8599,Berniece Kunze,Chanel1@example.org,Steuberside,216.453.7374 x74697,64
8600,Tomasa Bernier,Pearlie_Harber91@example.net,New Graycefort,364-236-9758 x792,25
8601,Hubert Wiza,Theresia_Vandervort5@example.net,North Demond,959.231.6460,47
8602,Evert O'Hara,Cara.Collins@example.net,Coeur d'Alene,487-536-7386 x520,37
8603,Murray Upton-Boyle,Ophelia.Wehner@example.org,Lake Alexandertown,614.908.6823 x151,57
8604,Timothy Abernathy,Mathilde.Schmeler25@example.net,New Irachester,592-242-1375 x6349,58
8605,Darryl Kiehn,Sheridan.Labadie99@example.com,Darianaborough,446-406-0826 x4236,62
8606,Ed McDermott IV,Jaeden_Adams@example.com,Garden Grove,591.258.8372 x260,53
8607,Raul Stamm,Carlton_Corwin@example.net,Savannahmouth,(389) 532-3174 x4530,52
8608,Mr. Lonnie Grimes,Loyce.Jacobi@example.com,Metairie,416-608-9466 x8184,53
8609,Kenneth O'Conner,Claudia89@example.com,Dachtown,(988) 429-8999 x6783,32
8610,Justyn Ferry V,Emiliano_Gislason@example.com,Mount Pleasant,1-302-517-2077,56
8611,Bennie Schuppe,Reuben83@example.com,Linnieberg,559-820-4775,55
8612,Ms. Cordelia Ernser,Clifford_Hoppe54@example.org,Nathanielboro,822-611-2508 x6349,64
8613,Steve Lind,Guy85@example.com,Port Thelma,1-300-716-7509 x622,57
8614,Georgianna Stark,Adonis.Champlin@example.net,Fort Janie,568-275-6884 x831,18
8615,Arlene Friesen V,Jeffrey_Ratke@example.com,Potomac,667.360.5468,56
8616,Jamison Harber,Danielle.Stracke13@example.com,Haleycester,1-991-348-4951 x19720,25
8617,Jacquelyn Wunsch,Dena.Kuhlman12@example.net,Emelieside,965-689-3523,29
8618,Luisa Jacobson,Annamae_Schmidt37@example.net,Lake Alanis,274-245-9598,27
8619,Alyson Langworth,Darrell_Bode56@example.com,Cicero,(959) 854-2284 x00734,54
8620,Clinton Hills,Chaya_Moore-Yundt32@example.com,East Shawntown,1-561-247-8388 x4957,53
8621,Dannie Collins,Tasha56@example.net,Modesto,350.849.6539 x88927,18
8622,Alexanne Fadel,Irvin.Altenwerth67@example.net,Davenport,(445) 826-1721 x5172,38
8623,Mr. Jettie Beer DVM,Cheryl_Macejkovic@example.com,West Consuelo,(871) 222-5121 x8294,19
8624,Rudy Roberts,Carissa_Dach80@example.net,Lake Melba,249-492-4676 x029,28
8625,Bethany D'Amore,Hyman_Pfeffer@example.com,North Penny,981.647.5497,38
8626,Karelle Spinka,Marlene32@example.net,West Josiane,1-913-387-1646 x10423,63
8627,Annie Gorczany,Conrad2@example.org,Londontown,(223) 908-4484,23
8628,Eunice Green DDS,Andy70@example.org,Port Clinton,1-419-987-2904,18
8629,Nikko Altenwerth,Paul_Renner11@example.com,Lynchside,955.471.4829 x27866,21
8630,Dora Christiansen II,Leopold94@example.com,Heloisebury,(658) 930-8552 x933,55
8631,Aylin Jerde,Jocelyn8@example.org,Rogerland,983.228.4682 x67045,50
8632,Shaina Kessler,Gail.Langworth21@example.com,North Christy,872-620-1371 x597,26
8633,Maribel Herzog,Otho.Rolfson@example.org,Fairfield,(415) 480-8468 x971,52
8634,Mr. Paul Russel,Wade_Gusikowski-Ullrich74@example.org,New Hunter,(424) 922-5564,27
8635,Bob Anderson-Wilderman,Rusty.Hegmann82@example.com,North Sylvester,972.771.3468 x0895,57
8636,Marjorie Dickens,Burdette.Toy42@example.org,Barneyfurt,1-884-207-1637 x00707,26
8637,Erling Hahn,Lance_Russel@example.org,North Angelita,1-950-454-2151,48
8638,Laurie Lang,Alma.Kozey71@example.org,Muncie,(923) 931-3987 x19396,40
8639,Joseph Johnson,Marisol60@example.net,Trujillo Alto,345-870-3863 x35615,41
8640,Dr. Kathy Nolan,Betsy.Fadel62@example.com,Corwinport,(836) 485-1052,38
8641,Wava Hilll,Sincere.Rice34@example.com,Paterson,1-318-277-3772,57
8642,Ludie Ratke-Wilkinson,Robyn15@example.com,Cormier-Collinsbury,(785) 722-5774,35
8643,Jeannie Lehner,Madge.Koch@example.net,Framifurt,629-811-5228 x50094,32
8644,Grant Gibson DVM,Wanda_Wilderman76@example.net,Port Sherry,(681) 666-3679 x31408,65
8645,Glen West,Andy_Zulauf@example.net,Goldnerport,235-621-4518 x42812,55
8646,Dr. Vicki Balistreri,Alison.OKon@example.com,Cristborough,1-420-500-5658 x992,32
8647,Alanna Boehm,Pete_Nolan59@example.net,Tamarac,(264) 295-0900 x0138,32
8648,Jovan Goldner,William52@example.net,Daly City,744-831-7785 x974,64
8649,Bianka Yundt-Hodkiewicz,Annabelle_Ratke@example.org,Macejkovicstead,(291) 441-5422 x3653,25
8650,Ron Kub,Wade_Schuppe@example.org,Lehi,1-569-432-3571 x487,26
8651,Shanel Towne,Tamara88@example.com,West Tim,1-337-339-9212 x481,21
8652,Rosalyn Schiller,Celia.Lindgren@example.org,Fort Santoshaven,654-565-1331 x215,61
8653,Lisandro Veum,Vera4@example.com,Walshside,281-271-4930,58
8654,Teresa Roob,Craig_Donnelly48@example.com,Lexington-Fayette,1-716-521-3415 x6393,54
8655,Mrs. Rosa Glover,Sam.Zemlak-Corwin22@example.org,Fort Peggyborough,785-593-3314 x62283,42
8656,Ena Kerluke,Krystina74@example.net,East Vestatown,954-616-7206,56
8657,Dr. Perry Schowalter,Jason66@example.net,Lorettabury,(317) 261-6747 x46232,22
8658,Miss Vera Langworth,Albertha_Hilpert81@example.net,Warwick,1-774-799-1568 x680,50
8659,Dr. Ashley Erdman,Teagan_Tromp30@example.org,New Dell,604-918-5714 x014,64
8660,Krystal Ullrich-Franecki,Cory_Fahey@example.org,North Lonnie,(374) 286-5508 x252,55
8661,Derek Von-Larkin,Jeannie52@example.org,Santa Fe,356.678.5106 x1628,51
8662,Thelma Paucek,Remington_Ondricka98@example.com,New Deloresworth,(394) 500-3947 x7710,28
8663,Vicki Schuppe,Rozella35@example.org,Port Fidel,(929) 952-5666 x9598,58
8664,Justin Braun,Laney75@example.net,Fort Estefaniashire,(298) 435-8191 x359,20
8665,Irvin Monahan I,Israel.Gulgowski@example.org,Crooksberg,(308) 290-4166 x8303,40
8666,Ruthe Ferry,Ayana_Johns@example.com,Wellington,858-640-3326,48
8667,Dr. Blair Davis,Christy_Greenholt23@example.net,Phoenix,(690) 782-7923,49
8668,Miss Tami Wolff,Diane_McCullough19@example.net,Maiastead,824.717.4310 x598,25
8669,Eleanora Considine,Miranda_Spencer77@example.org,New Gretchenstead,400-897-0032 x406,38
8670,Vernon Kuhn,Richmond91@example.org,Bednarboro,1-749-417-5038 x11327,39
8671,Darnell Hintz,Cullen_Lebsack@example.net,East Lauraland,882.830.5499 x106,52
8672,Dianne Senger,Wilhelmine86@example.com,Berwyn,571.460.1373 x6662,24
8673,Samanta Jenkins,Curtis.Johns@example.org,Fort Modestachester,(754) 618-1499,37
8674,Irvin Hirthe,Nathaniel4@example.net,Stephonchester,(417) 596-6953 x857,36
8675,Odie Marks-Muller,Noe_Satterfield@example.com,Sporerfield,1-377-942-6077,61
8676,Mitchell Dibbert,Rene_Wisoky@example.org,Lake Gardner,410-803-3267 x43709,52
8677,Oral Hermiston,Cecilia.Swift27@example.org,Nettiecester,926-749-4607,37
8678,Alex Hoppe,Nichole_Yundt@example.net,Lake Charles,626.623.4509 x63286,19
8679,Dr. Dianne Conn,Darron_Murphy24@example.com,Warwick,222-546-7481 x13759,63
8680,Richard Berge,Ken73@example.com,Cummerataville,(316) 469-4446 x0426,25
8681,Lafayette Littel,Edward99@example.org,East Mildred,1-641-833-4222 x14894,25
8682,Leonel Predovic,Casimer43@example.com,Santa Rosa,1-265-468-0680 x9496,57
8683,Paul Gorczany,Amiya.Dare@example.com,Faheyton,1-232-479-2288,54
8684,Felicity Balistreri,Claudine.Kunze@example.com,Herzogworth,(827) 398-8883 x5248,35
8685,Marian Boyer,Maryjane_Koss@example.org,Sanfordside,684-854-9020 x4392,47
8686,Jesus Reinger DVM,Stefanie_Price@example.net,Fort Ben,220.217.4601 x8095,52
8687,Agnes Huels,Johnathon_Ebert40@example.org,Fort Alexandra,1-283-883-0717 x2842,31
8688,Dr. Shelly Hilll,Montana13@example.net,South Lorenmouth,(925) 925-2480,57
8689,Rick Konopelski,Wanda77@example.net,Kleinboro,277-217-8709 x59330,44
8690,Lea Pfeffer,Taryn.Luettgen@example.org,Port Marcellatown,971-321-8710 x2402,55
8691,Gilbert Greenholt,Reymundo76@example.net,Parker-Millsburgh,202-796-9084 x0214,31
8692,Joseph Ratke-Schamberger,Eloise35@example.net,Lake Mireya,1-657-315-9838 x229,60
8693,Kimberly Lowe,Loretta.Kessler11@example.net,New Cherylville,882.306.4776 x0522,29
8694,Heath Gutmann,Clovis92@example.net,New Lorene,1-690-363-9886 x3751,45
8695,Muhammad Senger,Marco.Nicolas69@example.org,Port Virginiaburgh,394-667-3243 x864,54
8696,Ron Ritchie,Percy_Ernser21@example.com,Metzfort,628.602.4858 x22231,26
8697,Karl Stamm-Heathcote MD,Jacinto.Rodriguez@example.net,Windler-Hayesstead,(335) 799-3757 x364,39
8698,Eladio Armstrong,Vanessa.Welch14@example.net,San Marcos,(986) 981-9621 x6536,25
8699,Jayde Harris,Cheyenne.Kohler@example.org,Kaylastead,1-978-543-4300 x20064,34
8700,Beatrice Ernser,Beulah15@example.org,Hageneston,(468) 333-7115 x55947,51
8701,Nina Jacobs,Melany_Schneider@example.com,Plainfield,1-786-564-5545 x245,60
8702,Dr. Regina Hauck,Marilyn.Pacocha25@example.org,Fremont,(243) 950-8012,35
8703,Ronnie Kiehn,Faith11@example.com,Lebsackland,206.769.6827,61
8704,Dewey Zieme,Anne.Schuster36@example.org,Port Roland,712.371.7957 x776,56
8705,Joel Cremin III,Creola_Welch70@example.net,Heathcoteville,714.261.9873 x1285,62
8706,Nicole Altenwerth,Elna87@example.org,Lake Ridge,292-440-3499,50
8707,Hugh Hayes,Faye_Lebsack70@example.net,Fort Kanechester,617.739.1146 x38717,35
8708,Paulette Gerlach,Marcella.Renner63@example.org,League City,(434) 450-5350 x8087,27
8709,Arlo Anderson,Kelvin69@example.org,Cathyview,387.801.1318,20
8710,Silvia Krajcik,Taylor_Bergstrom63@example.org,New Jodiland,(874) 479-8643,26
8711,Andy Hauck,Latoya.Dibbert84@example.net,Johns Creek,1-736-790-7984 x840,52
8712,Mrs. Cora Breitenberg-Williamson,Gaston_Lang45@example.net,Mohrfield,1-320-840-0836 x085,57
8713,Maurice Ernser,Kate_Beahan@example.net,Henderson,(947) 658-0277 x314,50
8714,Alison Hintz III,Xander.Kling@example.com,South Earnest,485-325-7508 x78237,65
8715,Mr. Ramon Reichert,Bonita.OConner34@example.com,West Violette,788.287.9595 x753,53
8716,Miss Brittany Kovacek,Aaron.Hammes84@example.net,Federal Way,(987) 778-8397 x05758,31
8717,Olga Kunze,Don.Fadel@example.com,Kirlinstad,1-641-977-4081 x3836,45
8718,Israel Mann,Brad.Schaden@example.net,Murfreesboro,(372) 208-4109 x7423,24
8719,Melvin Doyle,Paulette32@example.net,New Bennie,1-719-890-6325 x3608,21
8720,Donnie Kunze,Delta_Green@example.org,Sheboygan,(916) 897-4599 x463,59
8721,Roderick Hills,Ruben17@example.org,Evanfort,952.296.0256 x998,26
8722,Brooke Reynolds PhD,Mozelle4@example.com,Lake Keonton,(790) 745-6863 x0424,49
8723,Mrs. Sophie Schoen,Elena_Nolan78@example.net,Lancaster,1-667-753-3808,25
8724,Hyman Emard,Chance_Bartell@example.com,Fort Allan,440-286-7851 x63541,46
8725,Cecelia Klocko V,Katie.Gleason58@example.net,East Rochelle,(259) 681-9765 x6609,19
8726,Alexandra Hahn-Turner,Veronica88@example.org,Waterbury,221.762.3442 x125,34
8727,Austyn Emmerich,Devonte_Willms95@example.net,Abbottmouth,(287) 822-0646 x2580,50
8728,Lupe Kub,Kristy.Schaefer@example.com,Port Luther,1-404-496-2278 x8601,52
8729,Joshuah Grimes PhD,Lelah_Leuschke@example.org,West Edmond,1-398-483-2229 x33476,55
8730,Marcos Boehm,Erna_Cassin@example.net,New Rafael,808.410.6088,64
8731,Bessie Towne,Stuart_Williamson@example.net,Manhattan,1-949-255-3299 x2576,54
8732,Hugh Lynch,Kira2@example.com,Fort George,265-921-3527 x0285,63
8733,Christopher Ebert,Christine_Baumbach@example.net,Boulder,(458) 514-2175 x79226,56
8734,Myrtice Kuhic,Joanna91@example.org,Annandale,645-555-2933,50
8735,Clark Johns,Gino_Langosh61@example.com,Romaguerafurt,497.932.4256 x7521,52
8736,Jasmine Fadel,Mackenzie5@example.org,Missoula,1-525-829-3175 x8513,25
8737,Leilani Toy,Emma_Hudson@example.net,Theaport,1-963-363-4291 x22523,45
8738,Elbert Murazik,Eva.Upton55@example.org,Tylerhaven,566-783-1615,50
8739,Adrienne Gottlieb,Emily.Larkin36@example.com,Shreveport,(396) 591-3256 x880,55
8740,Raquel Ebert,Kari.Goldner@example.net,Port Sheila,243-345-3030 x72416,33
8741,Ray Durgan,Mack28@example.org,Meriden,647-352-9135 x695,51
8742,Christie Dickinson,Jeramie9@example.org,Vacaville,719-755-1961 x7410,58
8743,Mae Botsford,Nick.Prosacco18@example.com,San Luis Obispo,677.578.3267,50
8744,Brandi Shields,Miranda60@example.org,South Gate,420.682.3281,37
8745,Rosie Senger,Rossie52@example.net,North Shaneboro,1-616-830-8479 x38149,64
8746,Ms. Katelin Kulas DDS,Kristi38@example.org,Lake Myra,(501) 793-9174 x59642,46
8747,Julian Hane,Jaida.Spinka52@example.net,New Elizabethboro,536.211.7283 x56796,45
8748,Camron Erdman,Oswald67@example.net,Juliaberg,358.375.0627 x941,50
8749,Hugo Hansen,Taylor.Larkin@example.com,New Willfield,787.782.7822 x06216,54
8750,Aliya Thiel,Janice_Rodriguez84@example.net,Candacebury,1-646-949-8574 x43270,54
8751,Peter Rolfson,Marian_Sipes30@example.net,Tillmanfield,1-695-746-7584,25
8752,Jerrold Skiles,Bernice.Huel58@example.org,North Lowellberg,(981) 711-4565,54
8753,Esteban Stroman,Tammy.Lind@example.org,North Jasenton,(603) 202-7328 x026,54
8754,Susan Lesch,Carmine.Sanford@example.com,Fort Earlineview,1-700-722-7192,51
8755,Elvera Gleichner MD,Arthur_Murphy-Rath48@example.net,West Meredithton,(333) 920-0627 x879,38
8756,Orville Kautzer,Peggy99@example.net,St. Cloud,(231) 491-7359 x552,64
8757,Rafaela Kiehn,Leilani_Kuhlman54@example.org,Bradtke-Leuschkeview,483-688-5796,26
8758,Kenyatta O'Kon,Caleb.Anderson@example.net,Judyboro,288-692-6003 x57079,38
8759,Aniya Durgan,Karina_Dooley-Mohr@example.net,Reinaville,1-251-468-4787,51
8760,Chris Bergnaum,Lamont_Hauck@example.com,Lake Bennettchester,(709) 637-0692 x342,26
8761,Kip Schumm,Imani64@example.org,North Aracelyville,517-985-4205,23
8762,Dillan Bernhard,Icie71@example.com,Lake Oranmouth,1-823-262-1380,51
8763,Darrell Tromp,Dorthy.Collins5@example.com,Paucekcester,833-733-9836 x96918,39
8764,Shirley Pfeffer Sr.,Anthony58@example.net,Waelchifort,982.743.3692,57
8765,Josefa Klocko,Florence43@example.org,Waterloo,201.625.6495,56
8766,Emilio Kiehn,Larue91@example.org,West Ewellland,860-263-4497 x617,50
8767,Miss Jean Mohr,Claude.Kuphal@example.org,Port Rossworth,538-376-2873,33
8768,Domingo Dietrich,Alicia_MacGyver@example.org,Redondo Beach,286-505-9470,59
8769,Edna Stark,Rachel_Berge@example.com,Beattyborough,507.666.3220 x79270,34
8770,Mr. Reginald Williamson,Joelle_Pollich47@example.net,Ankundingshire,350.818.0835 x868,22
8771,Pablo Goldner,Camron85@example.org,New Tami,971.993.3819,50
8772,Garnet Lubowitz,Beatrice.Lesch@example.org,San Juan,822-844-8681 x447,40
8773,Julio Aufderhar,Johann_Littel59@example.com,Ann Arbor,872-215-7992 x52155,58
8774,Wyatt Hintz,Anthony_Goodwin41@example.com,New Gina,315-832-1318 x7800,55
8775,Michele Bradtke,Anna.Lubowitz93@example.com,Kelvinmouth,319-748-6149,31
8776,Kelsie Mohr,Monique_Roberts58@example.org,Rochellestead,406.824.7478 x6394,48
8777,Willie Cartwright DDS,Bessie_Johnson78@example.net,North Annette,857-352-6288,36
8778,Curtis Schiller,Daphne89@example.com,Georgiaport,(693) 830-6921,50
8779,Branson Kohler,Steven_Carter67@example.com,Whitneyberg,286.694.9490 x06039,63
8780,Alia Hessel,Georgianna.Hayes50@example.org,East Hartford,1-734-905-4103 x660,51
8781,Olaf Dietrich DDS,Breana.Gottlieb66@example.com,Port Retha,(420) 803-8119,24
8782,Nellie Kulas,Lola11@example.net,O'Connelltown,920.759.4048,50
8783,Delmer Grant,Rafael12@example.net,Port Brandyn,256-307-3318 x0379,46
8784,Shane Schmitt,Branson_Littel94@example.net,Shaneville,(412) 253-3775 x63726,24
8785,Maurice King,Emilio68@example.net,Wintheiserchester,588-301-4023 x8715,36
8786,Vernon Rippin,Rocio36@example.com,New Sally,1-898-621-6866 x038,60
8787,Meghan Feeney-Lockman,Marie_Gutkowski@example.org,South Wilhelmine,1-866-692-4884 x190,33
8788,Dominique Cremin,Jayden86@example.net,Lake Mayfort,702-812-6711 x05625,50
8789,Christ Yost,Colin9@example.com,Port Stanford,994-399-1751,38
8790,Melody Funk-Carter,Phyllis.Vandervort@example.com,Alyciafield,(689) 397-5533 x9964,35
8791,Floyd Fadel,Chanel.Herman@example.net,East Torey,955-875-8582 x6067,36
8792,Carole Swaniawski,Esther_Reilly@example.net,South Robertacester,759-843-9407 x5624,53
8793,Elisa Wintheiser,Julius12@example.net,Lake Nicholasside,590-825-6174 x9130,44
8794,Lilyan Terry,Opal67@example.com,South Arthur,912.507.7364 x5835,22
8795,Freda McGlynn,Treva.Pacocha24@example.net,New Pierre,1-729-253-2387 x0101,25
8796,Mr. Hayley Boyer Jr.,Kasey_Kling48@example.com,Schmelerburgh,1-260-535-6003 x97886,59
8797,Glenn Williamson Jr.,Warren_Wehner-Wyman25@example.com,Estellebury,267-940-3888 x767,44
8798,Reece Waelchi,Rafael63@example.net,West Tyriquestad,1-361-821-2837 x912,37
8799,Maryam Crooks,Natalie_Kling-Casper67@example.net,Simonishaven,614-619-8819 x049,35
8800,Mr. Nayeli Stamm,Vance31@example.com,Grapevine,1-384-938-5107 x0567,56
8801,Alexandre Hintz,Gertrude94@example.org,Diannachester,866-373-0572,61
8802,Herta Ledner,Dianna37@example.org,Salina,1-627-510-1151 x99504,19
8803,Jennie Bartell-Bahringer,Kaela.Bergstrom57@example.com,East Ervinboro,304-413-3696 x9788,42
8804,Cameron Wehner,Chad_OKon@example.org,Port Cleorashire,360-922-5045 x5603,47
8805,Seth Kuhic,Doreen81@example.com,Plantation,530-958-1280 x825,63
8806,Joshua Witting,Clara36@example.org,Tillmanville,(661) 779-6596,33
8807,Brendan Hartmann,Angela_Klocko@example.net,South Elsie,293-605-5481 x513,59
8808,Eldridge Schmidt,Dominick.Williamson-Adams40@example.net,Port Dandreshire,(735) 205-9089,41
8809,Shelly Steuber-Swaniawski,Jovan_Aufderhar81@example.net,Littelberg,(477) 303-4233 x429,65
8810,Pablo Klocko,Aubrey_Lindgren@example.net,West Keonboro,668.852.5069 x96850,20
8811,Vickie Marquardt,Cassidy_Doyle80@example.org,North Tobyside,218-745-1001 x6511,51
8812,Brendon Purdy,Patty85@example.com,Coryfort,(643) 546-6067 x806,59
8813,Glenn Blanda,Adonis_Feest23@example.net,Irvingboro,(248) 835-9558,51
8814,Charlotte Ernser,Karina.Zboncak8@example.net,South Briamouth,469.557.3720 x961,62
8815,Andy Schneider,Blair_Will39@example.com,South Edna,(308) 423-1268,52
8816,Dr. Freeman Kub,Homer_Miller31@example.org,South Terrell,896.803.0352 x356,28
8817,Juliana Frami,Patricia42@example.org,Hesperia,1-606-524-4195,26
8818,Mr. Ismael Russel,Clementine_Daugherty@example.net,Waterloo,(526) 799-0560,31
8819,Albina Bednar DVM,Hollie99@example.net,Xanderchester,1-814-486-3621 x3729,29
8820,Felicia Bechtelar,Elisa30@example.org,St. Joseph,962-535-4818,37
8821,Oral McLaughlin,Pam36@example.net,Roseville,(311) 810-3583,48
8822,Ms. Valerie Dach Sr.,Jesse.Senger59@example.com,Elizabeth,772.878.5295 x291,46
8823,Carol Rohan,Nina.Carroll27@example.org,Fort Tonyburgh,1-868-620-2174 x96314,30
8824,Mr. Gustavo Stiedemann,John5@example.net,Moorechester,806.537.5426 x825,33
8825,Mrs. Leah Olson DVM,Christian.Wisozk-Heaney@example.com,Lake Mamie,995-240-8184 x0187,54
8826,Jairo Schuster,Patsy.Abernathy@example.com,North Keenan,(832) 684-1846 x90742,30
8827,Tanya Padberg,Misael_Emard87@example.net,Doreenburgh,1-865-480-0673,45
8828,Jerrell Kutch,Cecilia.Sauer@example.com,South Onieside,(213) 976-6258 x26992,37
8829,Nash Lowe-Greenfelder,Ethan46@example.org,Bergstromton,(689) 323-1690 x68366,60
8830,Alejandro Hudson,Ashly_Grimes75@example.com,Alannastead,716-973-0274 x50766,47
8831,Juana Gibson IV,Jakayla74@example.net,East Akeem,1-511-455-3019 x931,28
8832,Miller Bechtelar,Leroy.Dare35@example.net,Fort Luz,(201) 560-9697,53
8833,Mireya Weber,Lyda_Emard@example.com,New Shaunview,842.697.9752 x3910,47
8834,Amber Davis,Marcus73@example.com,Richardson,524-454-0100 x736,62
8835,Rachel Abbott Jr.,Nora_Green32@example.net,Lake Alvahboro,1-718-276-8181 x66796,50
8836,Theodore Mohr DVM,Nelson.Ullrich69@example.net,Middletown,1-295-827-6806 x6442,30
8837,Kathy MacGyver,Patti62@example.com,New Ivahboro,988-575-7619 x487,52
8838,Timmy Bradtke,Wade.Windler@example.com,Hegmannboro,1-269-318-5840 x3012,23
8839,Lawrence Waelchi,Teri10@example.net,South Whittier,(871) 762-3294 x080,65
8840,Kirk Hand,Rod.Bartell7@example.com,Anikacester,1-433-961-4066 x12094,43
8841,Darrell Gusikowski,Walker.Harvey13@example.org,Marciaside,791.937.9420 x2227,51
8842,Felicita Hammes-Stiedemann,Roberto57@example.com,East Retamouth,563.664.6042 x636,52
8843,Dayton Lockman,Emily76@example.com,Glen Burnie,(837) 486-7380,20
8844,Shanny Hirthe-Hagenes II,Jeannette_Casper91@example.org,Hesselstad,1-292-512-8323 x87967,28
8845,Ken Barrows,Christy_Schneider@example.org,Prosaccofort,1-764-544-9271,39
8846,Darrin Kling,Myriam.Rippin83@example.net,Kleinworth,720-481-7560 x364,32
8847,Nadine Yundt,Brandy.Metz58@example.org,East Karine,357.336.7391 x0154,52
8848,Sam Grimes,Eloise47@example.net,Port Hettieburgh,734.802.1146 x0584,55
8849,Jonathon Vandervort,Allan_Satterfield28@example.net,New Eula,(901) 618-8536,45
8850,Santa Keeling,Reece_Nienow@example.com,Reading,308-377-7913 x8398,65
8851,Brielle Lockman MD,Allison50@example.net,Rolfsonshire,(243) 780-7831 x84766,44
8852,Sonja Nader,Hermina27@example.org,Heathcoteview,1-230-341-2785 x3037,21
8853,Louvenia Johnson,Justyn.Harvey@example.net,Maggiofort,261.951.0171 x97659,33
8854,Hank O'Connell,Iva.Bauch@example.org,Fort Constantinland,(634) 847-5459 x867,61
8855,Katrina Kihn,Carmel.Rohan95@example.com,Lake Leilaworth,642-892-0293,51
8856,Adelle Lowe,Melinda.Runte12@example.org,Port Jaeden,799-755-9572,63
8857,Keagan Sipes,Dallas.DAmore@example.org,Port Vance,421.814.0522 x422,34
8858,Mertie Reilly,Gerson_Greenholt-Schuppe94@example.net,South Nicholas,460.682.6387 x406,45
8859,Ms. Giovanny Nikolaus,Tricia_Stanton@example.com,Darrelville,230.591.3423 x42457,23
8860,Bryon O'Kon,Eleanor.Wolff72@example.net,Domenicoboro,565-206-2296 x144,27
8861,Tony Bartell,Timothy59@example.net,New Alvinaland,281.715.9058 x497,25
8862,Mr. Luther Gleichner,Merritt.Russel@example.org,Burnicestad,710-438-2746,18
8863,Latoya West,Wilhelmine_Dare72@example.net,Oliveport,1-889-917-7824,27
8864,Sheldon Lueilwitz Sr.,Jeffrey_Davis3@example.com,Lake Oranbury,534.599.3810 x76802,50
8865,Veronica Kozey,Arnaldo.Abernathy@example.com,South Ignacio,750.320.8056 x8905,24
8866,Tatyana Blanda,Albertha_Mayer@example.org,North Yolandaborough,(852) 226-0350,22
8867,Greg Johnston,Judge72@example.net,Anthonyborough,1-721-445-2976 x220,48
8868,Trever Padberg,Chaim_Bechtelar@example.com,Reynoldsstad,548-971-7333 x5032,42
8869,Maurine Hirthe,Stanton_Leuschke@example.com,North Vickystead,690.460.9261 x912,32
8870,Vincent Grant III,Melody.Bahringer98@example.net,Pembroke Pines,925.640.2122 x6316,50
8871,Peggie Russel,Javon.Jones@example.net,Jeannechester,1-770-628-8045,41
8872,Torrey Gulgowski,Linda_Olson78@example.com,North Jonathon,417.377.3401 x7493,24
8873,Gilda Trantow,Hailey_Nienow@example.com,Robertside,463.560.1666,29
8874,Chyna Weber,Myron.Crona16@example.net,Huldaton,872.754.9647 x596,45
8875,Mabel Lueilwitz,Joy_Berge15@example.com,Heidenreichberg,993-680-4882 x82138,56
8876,Porter Okuneva,Lyle46@example.net,Port Dave,(866) 426-8981 x70776,52
8877,Luis Bernier,Kristoffer.Braun@example.org,Declanhaven,435-850-1351 x018,48
8878,Earlene Altenwerth,Will34@example.com,Roseville,1-968-988-5308 x691,30
8879,Ada Fritsch,Susan.Gibson@example.org,Dickinsonshire,818-465-9273,56
8880,Dr. Daniella Franecki,Sabryna_Kunze@example.net,New Reagancester,1-591-262-8602 x11454,46
8881,Erica Beatty,Markus17@example.net,Jayton,(875) 595-6965 x60264,45
8882,Braeden Wisozk,Annetta_Marquardt@example.net,North Eltonberg,(885) 453-9070 x00899,54
8883,Dr. Antonio McGlynn,Elena76@example.net,Streichbury,(835) 951-9018 x024,51
8884,Pedro Flatley,Darren_Hayes25@example.net,Fort Maria,554-497-5601 x1995,50
8885,Kristen Block,Golden_Quigley19@example.net,North Antonecester,449.457.0180 x7195,22
8886,Ms. Elena McClure DDS,Marc.Feil@example.com,Lake Queenieworth,1-747-318-2424,43
8887,Deborah Krajcik,Adam6@example.com,Eloisaburgh,(871) 392-7769,37
8888,Dale Padberg,Tod78@example.org,Port Belinda,495.267.2490,26
8889,Chandler Stracke,Lenora_Stracke@example.net,Davidborough,945.213.4196 x920,47
8890,Yvette Schultz,Kenna_Smith19@example.com,Cassinchester,374-313-6568 x427,64
8891,Milton Muller,Lauretta_Pfeffer46@example.org,Mableside,728-585-4265 x2520,22
8892,Ethel Rogahn,Laurie25@example.org,Florissant,584-655-8518,29
8893,Letha Reinger,Nova.Thompson68@example.org,West Shirley,261-802-1095,50
8894,Orlando Orn,Angela.Yundt88@example.com,East Darrell,(406) 653-5854 x397,60
8895,Glen Bogisich,Trevor.OKon66@example.com,Palm Springs,537.933.6172 x2509,40
8896,Onie Smith,Syble.Senger@example.net,Catherinemouth,854.234.0168 x715,36
8897,Mr. Oral Lockman,Bette.Purdy-Dooley@example.com,Detroit,519-618-1115 x531,57
8898,Charlie Smith,Kareem36@example.org,Watsonville,1-510-925-6523 x7325,38
8899,Mrs. Felicia Crona,Violet_Weimann5@example.net,Bogancester,(335) 513-3284 x4950,18
8900,Glenda Gleason DVM,Raul.Ullrich@example.net,Aaronstead,710-262-6536 x080,40
8901,Duane Brekke,Jana_Stanton89@example.com,Midwest City,488-871-7128 x9940,59
8902,Danny Dare-Miller,Elenora.Mante44@example.com,East Rosaleeburgh,716-217-4774 x57732,28
8903,America Kozey,Hubert.Runte-Considine22@example.org,Deerfield Beach,1-956-656-2836 x6022,52
8904,Rosalie Wisozk,Maryann_Durgan@example.org,Lake Pete,544-517-2161 x7825,52
8905,Marvin Satterfield,Gabriel19@example.com,Port Frankfield,(595) 539-2876 x1184,38
8906,Dandre Conroy Sr.,Edison86@example.net,Lake Alden,874-363-2005,23
8907,Forrest McKenzie,Christy24@example.org,North Dorothystead,1-783-622-0103 x98864,25
8908,Mr. Richmond Ritchie,Mohammad_Ondricka0@example.org,McKenziefort,(362) 822-4658 x178,65
8909,Murl Hand DVM,Tina.Fahey@example.net,New Rudy,585.379.5413 x146,41
8910,Geneva Sanford,Francisco_Purdy@example.net,Darwinborough,959-258-1349 x525,54
8911,Eleanor Stiedemann,Gerson56@example.com,Nicolasshire,995.851.1059,63
8912,Percival Feeney,Megan.Swift9@example.net,Wallacebury,1-731-905-0193 x0671,60
8913,Wm Franecki MD,Victor.Carroll@example.org,Wolfbury,208.491.8280 x9579,33
8914,Fred Schaefer,Nathen40@example.org,East Sean,(407) 758-5638 x90220,51
8915,Edna Heaney,Virginie_Carter16@example.net,Yorba Linda,989-659-0696 x395,38
8916,Lowell Abshire,Brianne39@example.org,Jamaalfort,1-865-602-6384 x57605,20
8917,Clair Haag,Leonard32@example.net,Kearny,1-425-721-6274,62
8918,Linda Kulas,Bruce_Waelchi78@example.org,Schoencester,1-202-733-3818 x831,60
8919,Nadine Grant,Aleen_Kub@example.org,Wiza-Satterfieldview,669.831.6559,59
8920,Leopold Schowalter,Cecelia_Fritsch31@example.com,South Genevieve,1-463-581-2985,29
8921,Ottis Beahan,Abigale26@example.net,Lake Matteo,625.687.0162 x782,19
8922,Travis McClure,Amanda56@example.com,Virginia Beach,644.709.1730 x721,55
8923,Sammie Beahan,Orie8@example.org,Garden Grove,799.202.4056,61
8924,Clinton Graham,Haylee_Wisozk@example.net,Arlington Heights,1-974-600-1314 x44652,18
8925,Ebba Hayes,Charlene22@example.org,Carlosburgh,625.210.0853 x319,41
8926,Tommy Jacobson,Robb32@example.com,Port Michaelhaven,202-296-5606 x4334,37
8927,Ms. Precious Orn,Ed_Kautzer@example.com,New Hannahfield,949.753.7196 x9067,47
8928,Mr. Rafael O'Kon,Madalyn39@example.com,Boynton Beach,(235) 867-6735 x569,36
8929,Byron Smitham I,Josianne_Terry93@example.org,Andresville,1-838-557-7266,62
8930,Roosevelt Herman,Garry32@example.com,South Marquise,(336) 715-5543 x035,44
8931,Leda Cremin,Eulalia.Ullrich@example.net,Weissnatfield,961.830.6245 x203,37
8932,Miss Madeline Cremin IV,Rachel59@example.com,East Estefaniachester,610-972-8878 x04199,62
8933,Sonya Veum PhD,Zion.Reynolds@example.com,Lake Herbertfort,344.990.3296 x4417,35
8934,Mr. Cesar Harber,Jakayla50@example.net,Goodwinside,577.855.2567 x56326,54
8935,Ryann Pouros,Berta_Sanford97@example.com,Jakaylaborough,516.686.8947,51
8936,Carlos King,Flora_Sawayn@example.net,North Pierrechester,1-228-492-9131 x4460,39
8937,Mrs. Jeanne Aufderhar,Ted.Windler3@example.net,Port Nealfield,624-670-5383 x82074,38
8938,Melody Keebler,Ian.Mohr@example.org,Lafayette,677-659-3474 x235,19
8939,Pam Miller,Robin_Tromp@example.org,Fort Paolo,1-678-247-1836 x8617,64
8940,Hans Jacobs,Luther52@example.org,Douglasberg,1-548-403-9525,36
8941,Jo Bogan,Marcia_Boehm44@example.net,Ratkeshire,264-859-2789,47
8942,Bridget Stiedemann,Darrell.Kozey3@example.org,Port Sybleton,(559) 324-5863 x078,39
8943,Anthony Gleichner,Taryn_Heller@example.net,Randyfort,(536) 343-1027,19
8944,Cathy Frami V,Bradford82@example.org,Westchester,416.876.6850,49
8945,Brandi Krajcik,Nadia_Zieme@example.net,Dickiborough,698-508-2160 x58098,50
8946,Juwan Turcotte,Kayleigh_Kunze@example.org,Jacksonville,455.852.9694 x4266,25
8947,Bryant Quitzon,Vernie.Wunsch34@example.com,Gutmanntown,(846) 686-0289,65
8948,Dominic Okuneva,Marsha.Kessler62@example.com,East Orange,1-739-960-1258 x3389,57
8949,Dorcas Feest DDS,Elenora.Prohaska49@example.com,Zboncakstead,828-736-6220 x57342,19
8950,Harley Mayer,Ben51@example.org,Enid,(818) 680-6008 x76571,37
8951,Melany Cummings,Clemens_Bartell16@example.net,Brittanyview,1-416-417-1015 x5371,34
8952,Geneva Lind,Janet_Bashirian97@example.org,North Erickhaven,1-649-453-1735 x576,63
8953,Shelia Braun,Leslie.Russel@example.org,Sayreville,(286) 422-0501,65
8954,Lindsey Bashirian,Breana87@example.com,Bashirianland,841.927.6035,35
8955,Dalton Green,Barry82@example.org,Fort Natashaport,(378) 693-1896 x32316,62
8956,Elizabeth Walker,Hope77@example.com,Janiebury,(578) 908-2015,47
8957,Solon Smith,Rudolph89@example.org,Port Korey,1-487-543-9689,32
8958,Henry Torphy,Fannie24@example.org,Lake Erinhaven,689.635.6367 x5251,39
8959,Garry Kutch,Verlie10@example.net,Plano,(283) 987-3315 x38391,23
8960,Rory Rau,Hyman.McGlynn@example.org,Lake Lyndashire,541-712-2615 x6829,40
8961,Domenick Bashirian,Linwood_Rau-Nienow49@example.org,West Ulises,1-956-360-8209,44
8962,Tonya Jast,Nelson.Nitzsche@example.org,Lylaside,645.985.6823 x4225,61
8963,Karen Graham II,Hertha.Rohan46@example.com,New Ernestine,704.721.7091 x1618,55
8964,Marta Kshlerin,Martin73@example.org,Vista,303.360.9985,35
8965,Mr. Randall Schneider,Elbert27@example.org,Lake Nicholeville,1-749-854-4334 x0735,56
8966,Kamron Shanahan PhD,Leonel.Marvin97@example.org,Aylacester,1-412-319-4128 x937,23
8967,Ken Prosacco,Braden_Gutmann14@example.net,Lindcester,366.259.7357 x5731,65
8968,Nya Lynch,Jamil61@example.com,Port Gregfield,642.667.3058 x76779,60
8969,Dr. Sarina Halvorson,Ollie_Spencer@example.net,Gottliebstad,1-273-687-0790,33
8970,Genevieve Schmitt,Tommy.Hamill-Fahey@example.net,Ames,557.248.0187 x3925,63
8971,Abner Rogahn,Evert.Larson13@example.com,Murfreesboro,507-851-4607 x4723,57
8972,Jodi Spencer,Michele2@example.net,San Diego,(896) 956-4331 x234,55
8973,Rosario Mraz,Rebecca57@example.org,Bruceton,(821) 238-5795 x06784,31
8974,Elena Nader,Jeffery.Haley@example.com,East Joyce,1-837-544-4044 x58412,24
8975,Dale Zemlak,Aiyana_Kutch@example.net,Cuyahoga Falls,1-472-905-1965 x951,48
8976,Torrance Huel,Bill_OKon8@example.net,South Vadastad,965.839.5058,47
8977,Darnell Hegmann,Joelle19@example.com,Luisfort,(711) 768-2294,37
8978,Miss Audreanne Zulauf,Lucile_Lueilwitz15@example.net,Reillyville,1-408-423-2830 x4661,23
8979,Deanna Stracke,Ricky.Crona@example.com,Hiltoncester,682-890-7584 x5094,55
8980,Miss Gina Cruickshank,Caleb.Skiles18@example.net,Tomasaside,1-639-659-7205 x4385,31
8981,Nettie Mills,Joanie.Hegmann@example.com,Kathleenmouth,1-756-534-3609 x603,41
8982,Tamara Stanton,Marilyn_Feest3@example.com,Keelingcester,442.847.5946 x663,55
8983,Marsha Herman,Alverta.Osinski63@example.org,Andreston,802-332-4092 x73260,64
8984,Mr. Marco Grady Jr.,Homer67@example.net,Mortimerburgh,613-937-0936,43
8985,Alexis Schamberger IV,Jacey.Schimmel33@example.com,Champlinland,1-901-543-6589 x48523,36
8986,Leopold Grimes,Erica66@example.net,Lake Sienna,712-847-5019 x793,51
8987,Timmy Kuvalis,Pat.Nicolas45@example.com,Lexieborough,(495) 230-1070,33
8988,Lorenzo Beier,Lewis.Zulauf@example.com,Lake Darren,673-335-1934 x756,49
8989,Vladimir Harris,Noemy40@example.org,Port Silvia,1-613-700-1551,20
8990,Allison Orn,Issac.Bahringer-Mraz21@example.net,Kohlerport,771.728.5611 x98992,64
8991,Andre Ryan,Murl31@example.org,Skilesside,(465) 643-5973 x159,62
8992,Lana Moen,Markus.Okuneva@example.com,North Everardo,1-758-684-4997 x060,37
8993,Mr. Kellen Reichel,Chris74@example.net,Sylviaport,(795) 808-5850 x3637,53
8994,Mr. Rasheed Hackett MD,Johnny54@example.org,East Antoinette,(566) 258-3207 x394,27
8995,Mr. Devan Will,Patti.Funk@example.com,Alannaview,222-484-4650,49
8996,Mathias Wehner,Cleta_Carter74@example.com,Winonaworth,388-825-4965 x955,51
8997,Jimmy O'Kon Jr.,Kailyn_Ryan@example.org,Fort Arnoview,(756) 527-3559 x85100,64
8998,Jameson Wuckert,Tad_Weissnat@example.org,North Charley,(775) 989-3987 x2625,18
8999,Sammy Schinner,Dianne_Murray42@example.net,Port Elfriedaville,802-314-7983,51
9000,Vera Morar,Lyric_Upton-Harvey64@example.net,New Melinda,986-301-7236 x75226,44
9001,Vita Beer-Schmitt,Michael_Toy27@example.org,Port Danielle,447-872-3419,65
9002,Petra Marks,Leroy11@example.net,Charlesland,(780) 613-5919 x3568,30
9003,Johann Blick,Michele19@example.org,Fort Rayworth,(323) 467-9512 x9856,40
9004,Nicklaus DuBuque,Khalid.Nader@example.org,Las Vegas,1-414-645-5165 x09128,50
9005,Tamara Beier,Grant39@example.org,North Beatriceboro,397.525.0628 x532,42
9006,Mrs. Sally Littel,Nils.Maggio40@example.org,Hilpert-Dickinsoncester,694-383-4196,38
9007,Nathan Gulgowski,Faye0@example.net,Marcelleville,348-978-1212 x39520,32
9008,Donna Wuckert,Judy_Cruickshank61@example.org,Westmouth,1-848-292-4568 x66984,29
9009,Diana Wilkinson,Shane_Baumbach95@example.net,Alfredfurt,1-276-525-8888 x446,25
9010,Everett Frami V,Johnny53@example.org,Alexandria,483-441-3669 x3458,47
9011,Jill Ziemann Jr.,Marianne.Purdy@example.org,Mitchellchester,1-539-546-5222 x41374,49
9012,Tillman Blick,Eli68@example.net,Port Daniellefurt,903.912.2449 x70133,39
9013,Georgette Altenwerth,Roosevelt57@example.com,Lake Elsinore,(295) 551-0658,29
9014,Nellie Cruickshank-Haley,Judith_Hyatt@example.net,Feeneystad,591-798-7801 x296,29
9015,Armando Farrell,Ida61@example.org,Boganstead,1-707-215-5618,40
9016,Mrs. Felicia Batz,Ethelyn40@example.org,Lake Herbert,(357) 841-9639 x87945,62
9017,Edward Dietrich,Alfred_Schiller@example.net,Dooleyboro,460.531.4423 x693,43
9018,Tyrone Sporer,Cyrus.Lubowitz@example.org,Port Jewellchester,1-900-366-4090,35
9019,June Willms,Cathrine_Ondricka54@example.com,Breitenbergtown,446.436.7122 x64480,31
9020,Eda Beer DDS,Kara.Becker42@example.net,East Jenifer,944-749-6902 x162,20
9021,May Yundt,Harley34@example.org,Greenport,(599) 818-7378 x202,42
9022,Oscar Ratke,Jared47@example.org,Strosinville,549.391.5151 x05658,64
9023,Marilyn Wisoky,Rashad_Brakus25@example.org,South Margarita,1-828-599-6098 x681,55
9024,Mariela Cormier,Dawn78@example.net,Willmsside,1-908-933-6934 x554,38
9025,Sim Dickinson,Uriel_Treutel@example.org,Pleasanton,1-940-234-3925 x222,24
9026,Adalberto Quitzon,Turner_Zemlak22@example.com,West Kay,1-473-404-9014 x718,63
9027,Rose Parisian,Haylie40@example.net,Denesikview,241.805.7330 x66262,28
9028,Austin Lesch,Donnell_Ziemann-Labadie43@example.com,Novato,(771) 889-0969 x5247,46
9029,Leroy Orn,Trevor25@example.com,Johnnyville,(541) 773-2124,63
9030,Melissa Upton,Caroline81@example.net,West Samantha,761-652-6804,34
9031,Dejah Wintheiser,Jimmie_Marvin@example.net,South Lazaroworth,(855) 428-9621 x7222,28
9032,Lacy Trantow,Grace_Roberts60@example.net,Pourosland,542.960.1287 x57638,57
9033,Rodger Parker,Grant53@example.net,Samanthastead,1-289-959-2802 x183,19
9034,Mr. Cornelius Borer,Vergie83@example.org,Jurupa Valley,942.546.3894 x95633,23
9035,Sheri Gerlach-Welch,Major.Treutel25@example.com,Mattstad,568-633-5269 x422,33
9036,Quentin Rempel,Shawna_Simonis@example.org,Edina,997-551-7685 x69350,18
9037,Geraldine Corkery,Fannie_Brakus27@example.net,Fullerton,(427) 577-7053 x553,55
9038,Joan Beahan,Domingo.Bernier68@example.com,Fritschstead,308.775.6243 x56057,65
9039,Dedrick Carroll V,Alberta.Blanda17@example.org,Nampa,1-841-701-9962 x7906,55
9040,Lucille Hermann,Santos57@example.com,New Ellis,1-469-203-2594,59
9041,Carroll Boyer,Ramon40@example.com,San Jose,(579) 838-3663 x39254,49
9042,Carson Hirthe,Ryann.Murphy@example.net,Lake Dorisberg,(910) 625-2692 x7429,34
9043,Talon Romaguera,Wava.Spencer@example.com,Elvachester,713.706.0019,19
9044,Jo Klein DDS,Tina_Franey36@example.net,East Brianaport,512-356-4420 x571,28
9045,Paige Gottlieb,Alene_Pfannerstill@example.com,Sandycester,1-679-412-6511 x904,20
9046,Dustin Prosacco,Jacob.Johns@example.com,Peoria,432-519-6368 x673,59
9047,Stacy Hettinger,Ginger_Wisozk@example.org,East Porter,(974) 667-6048,60
9048,Candida McGlynn,Wilbert.Kunde@example.com,Homestead,881-565-1622 x0191,59
9049,Francisco Carter,Louise28@example.org,West Jordan,854.730.4775 x961,33
9050,Gladys Hirthe,Elwin.Jerde-Quigley@example.com,Greenwood,788.438.0706 x8114,26
9051,Lucille Gislason,Miriam_McKenzie@example.net,South Ryder,480-200-4347 x24628,39
9052,Pete Rempel,Carrie40@example.com,Ullrichstad,1-842-692-4208 x67776,62
9053,Virginie Murphy,Gladys.Boehm@example.com,Columbus,994-514-4179 x2030,28
9054,Kathleen O'Connell MD,Annabel.Barrows71@example.org,South Doraborough,1-858-273-0609,55
9055,Jeanne Osinski,Eric.Luettgen52@example.net,East Woodrow,352-296-3202 x193,31
9056,Destin Grady,Wanda62@example.org,West Skyla,480-326-3414 x2470,37
9057,Kerry Aufderhar,Stephen_OKeefe@example.com,Marianchester,906.884.7825 x14855,27
9058,Kaci Schaefer,Raquel.Daniel8@example.com,South Alberta,(592) 542-2376 x684,36
9059,Darlene Rath,Sonia25@example.net,Bobbyport,(805) 274-4339,64
9060,Estella Reinger IV,Zachery22@example.com,West Kenny,1-983-387-6335,19
9061,Ms. Jodi Volkman,Mark.Gleichner53@example.net,Rowland Heights,1-599-570-4975 x195,51
9062,Robyn Harvey-Mills,Sammy84@example.net,Weimannbury,469-922-0063 x01828,34
9063,Danielle Fay,Dusty30@example.net,Kassandratown,1-778-921-1282 x7873,59
9064,Garrison Veum PhD,Hal.Ferry52@example.com,New Clarence,597-278-7229 x2951,32
9065,Billy Ferry,Molly_Lakin@example.net,Miami Gardens,797-668-2729,60
9066,Kyler Hackett,Emerson21@example.org,West Maryton,980.425.4544 x82767,58
9067,Penny Bogisich,Devin.Stiedemann@example.com,North Delfina,1-893-744-9918 x763,28
9068,Dave Rowe,Martin9@example.com,Bellacester,402.759.3575 x924,58
9069,Ollie Hoeger,Norval37@example.com,Darechester,1-493-551-8232 x102,62
9070,Derek Muller,Arvel50@example.org,Federal Way,(568) 707-5058 x65166,46
9071,Fernando Pollich,Mack.Schimmel97@example.com,South San Francisco,1-551-239-3257 x4221,55
9072,Penny Abshire,Kamren.Volkman@example.net,Port Daniellemouth,1-239-712-8300 x11389,47
9073,Neil Kassulke,Francisco96@example.org,Steuberside,891-846-1577,30
9074,Jim Huels,Jedediah.Hagenes@example.org,Rueckerfield,(601) 878-6715,26
9075,Beth Sauer,Kate61@example.com,North Feltonton,396.990.8578 x288,38
9076,Darren Rodriguez,Wilbur.Torp@example.com,South Jaydefort,890.652.2694 x79763,35
9077,Garnet Crona,Roland_Bruen@example.com,West Evan,588.663.2198,63
9078,Otha Boehm,Rose.Swaniawski80@example.net,North Seamusville,(287) 650-9697 x82404,24
9079,Alena Gutmann,Dasia50@example.org,Lake Kathleenburgh,(551) 729-6819 x33920,36
9080,Harley Frami I,Ezra_McLaughlin@example.com,Fort Bart,(269) 925-5089 x9141,19
9081,Tanya Bahringer,Joel_Rath@example.com,Catalina Foothills,820-529-3590 x112,43
9082,Mr. Aryanna Mraz,Latoya_Farrell59@example.net,Hyattview,(273) 843-2280,63
9083,Irvin Douglas-Ebert,Sylvester_Franey89@example.net,North Mariestead,905.319.9682 x87713,20
9084,Jana Cummings,Easton.Herman57@example.com,Lake Odie,1-453-614-2138 x06576,39
9085,Gilberto Parker,Jeanette.Stanton@example.org,Miami,1-958-843-9707 x214,57
9086,Laurianne Stanton,Judith.Rath3@example.net,East Arianeville,(822) 574-4759 x2060,57
9087,Ora Lowe,Susana.Hahn@example.org,MacGyverview,1-965-385-3257 x0894,23
9088,Edna Walter,Eldred26@example.com,Luraton,388-305-5099,38
9089,Dr. Arianna Carter,Ella_Witting@example.net,Audreyton,616.372.0012 x5470,57
9090,Laury Leannon,Gregg.Kris@example.org,West Donniebury,414-965-6168,49
9091,Jack Morissette,Hilma16@example.org,Allenborough,1-340-938-7679 x63130,32
9092,Dandre Grimes,Astrid.Grant@example.net,Emilyview,411-408-8451,64
9093,Elnora Weber,Abner.Mills@example.org,West Destincester,1-936-884-4859,24
9094,Molly Schuppe-Hintz,Germaine.Hackett@example.com,North Makaylastad,400-969-5685 x406,25
9095,Randall Kuhic,Cooper38@example.com,Selinaworth,(420) 832-7930,40
9096,Mr. Sibyl Schroeder,Allen_Heaney@example.org,New Shelleyworth,(321) 342-1973,35
9097,Mr. Brad Kuhn,Unique_Wunsch@example.net,Fort Valentinechester,407.522.2295 x822,55
9098,Bernhard Lueilwitz,Jeannette.Fisher84@example.org,Lake Karla,685.515.4599,54
9099,Irma Schmitt,Alexandra_Beer67@example.net,Fort Mayra,238.356.0862 x16381,50
9100,Nora Howe,Annamarie78@example.org,Pfannerstillbury,1-426-200-3338 x339,36
9101,Marlene Schmitt,Peggy_Walker54@example.net,Deckowland,399.206.3399,65
9102,Mr. Jorge Mertz,Phyllis_Kuvalis@example.org,Altadena,723-398-2424 x5740,56
9103,Heber Douglas,Vicky7@example.org,New Marina,429-430-4447 x826,22
9104,Jedediah Kiehn,Israel.Dare91@example.com,Manhattan,674.321.8468 x9705,29
9105,Gary Balistreri V,Jeffery.Veum74@example.net,Folsom,869.281.9559,61
9106,Mr. Roosevelt Baumbach,Milford.Brakus2@example.net,Hegmann-Terryborough,1-382-746-7213,48
9107,Beaulah Yundt,Linwood44@example.com,Lake Roger,(825) 547-6342 x17455,64
9108,Marguerite Langworth,Rubie_Anderson@example.com,South Edmondberg,1-750-444-2015 x0500,62
9109,Miss Marta Heaney,Americo_Kuhlman@example.org,Lowell,(928) 300-0632 x750,45
9110,Adelia Moore,Regan_Gulgowski@example.net,Leroyfurt,(861) 476-1892 x175,57
9111,Jamaal Miller,Danielle89@example.org,Port Savion,813-670-2341,64
9112,Kaelyn Tremblay-Ziemann,Brandt_Rutherford87@example.net,Lake Dawn,(851) 779-5319 x196,62
9113,Ebony Keeling,Tressa_Feeney@example.com,Schmidtberg,514.891.6169 x46036,40
9114,Helga Pouros,Breanne.Weber@example.net,DuBuquechester,814-510-9296 x90852,32
9115,Zola Schmitt,Jim.Boyle69@example.net,Lake Dellside,1-700-848-9431,59
9116,Lolita Quigley II,Braulio.Kshlerin@example.net,Lake Augustus,348.859.4504 x558,24
9117,Gayle Botsford,Derrick.Predovic21@example.net,Sawayncester,994-417-3549 x192,53
9118,Katrine Halvorson,Josefina_Reynolds@example.net,Lake Monatown,(324) 674-0107 x25897,34
9119,Carey Bartell,Eleanora_Schaefer@example.org,Brettboro,1-768-405-8745 x33948,55
9120,Chesley Bergstrom,Lexus.Bechtelar9@example.org,New Celestineworth,407-776-3546 x7619,39
9121,Dr. Velma Ferry,August.Wiegand@example.org,Alpharetta,1-559-271-5105 x399,19
9122,Angie Brakus,Patty_King@example.net,Emilioville,1-455-935-6471,50
9123,Oswaldo Farrell,Helmer.Bogisich@example.org,Canton,577-521-8088,44
9124,Talia Collier,Hal.Stanton-Cassin22@example.com,Kovacekbury,680-743-9579,27
9125,Miss Glenda Keeling,Theresa.Towne@example.net,North Freddiemouth,842-431-5060 x6396,42
9126,Felix Feil,Rylee11@example.org,McClureberg,(720) 959-6481 x2584,33
9127,Lewis Haag,Nick_McKenzie@example.org,Eagan,(874) 591-7134 x9963,54
9128,Mr. Kiel Gorczany,Janet_Thiel77@example.com,Dexterborough,(377) 468-2920,36
9129,Melany Gerhold I,Duncan_Larson@example.org,South Jarredmouth,311-881-1324 x76670,64
9130,Rahul Blick DVM,Elmer90@example.org,South Darrel,629.357.2054 x331,19
9131,Cedric Rosenbaum,Neal50@example.net,South Ron,929.906.0967 x28579,50
9132,Terrance Hoppe,Mohamed_Bashirian86@example.com,Lake Lomatown,295.795.0781,40
9133,Mindy Schmeler,Elvera.Doyle49@example.org,Charlieberg,(507) 236-3184 x98958,38
9134,Althea Haley,Dixie87@example.com,South Dejahstad,625-671-0571 x803,27
9135,Wilber Quigley,Jasmine.Crooks@example.org,Lake Kelliberg,(762) 517-7949 x11607,58
9136,Jenny Braun MD,Vincenza.Hagenes@example.net,Peabody,709.874.2960 x5694,61
9137,Daren Haag,Marsha.Runte76@example.net,Claudeberg,(229) 722-0333 x979,38
9138,Isabell Lakin,Cordie78@example.org,Brownview,600.965.5201 x1294,22
9139,Helen Nikolaus,Sid96@example.net,Ottiliehaven,857-432-6718 x24904,50
9140,Allison Beatty,Floy_Kuphal50@example.com,Jonesworth,955-965-1421 x8368,20
9141,Dr. Krista Cronin,Claire.McKenzie@example.net,McCulloughville,1-848-451-7355,47
9142,John Marks,Wade_OConnell@example.org,Hattieview,1-542-641-5249 x8525,34
9143,Vince Russel,Roberta80@example.com,West Zena,726-451-7026 x729,59
9144,Angela Turcotte,Debra.Zulauf90@example.net,Philadelphia,1-665-814-5717 x713,57
9145,Al Rowe,Emanuel.Kessler56@example.net,Buckeye,1-390-349-9450 x409,36
9146,Berta Windler,Alfonso91@example.net,East Laverne,208.999.7511,48
9147,Miriam McLaughlin-Greenfelder,Izaiah.Davis@example.net,Tonimouth,515.927.6941 x19721,31
9148,Alvena Lakin MD,Debbie71@example.net,Wuckertchester,(628) 917-5544 x242,36
9149,Rochelle Veum,Kristin_Wiegand@example.net,Rogahnfort,672.472.3707 x6971,21
9150,Roscoe Langosh,Jamir45@example.com,Jeannettestead,974-435-7185 x427,27
9151,Cassidy Heller,Jerry_Kris99@example.org,Hicksville,961-472-6999 x131,59
9152,Joan Crist,Flo67@example.net,Lake Icieside,1-963-437-0170,54
9153,Madyson Lockman,Miles.Torp81@example.net,Hyattland,(949) 392-8191 x28485,59
9154,Mr. Wilson Mueller,Rosina65@example.net,Fort Kaleport,1-590-978-9230 x3085,39
9155,Zoe Raynor,Blaze.Pagac@example.com,New Dylan,829-748-8947 x42076,58
9156,Kasandra Hettinger,Kelli14@example.net,Fort Karaworth,1-830-368-5746 x16966,26
9157,Debbie Yost,Leigh_Wuckert43@example.org,Port Normacester,1-998-960-4393 x05784,33
9158,Ana Hauck III,Adolph59@example.net,Oberbrunnerburgh,(701) 635-7809 x56557,51
9159,Garland Farrell,Ann.Crona@example.net,Haskellmouth,1-651-851-2012,24
9160,Krista Schuppe,Adeline.MacGyver@example.net,New Tinaport,281-825-3266,24
9161,Ben Schowalter,Sherman.Huels@example.com,Imogenestad,1-480-567-5951,60
9162,Minnie Windler,Timmy.Volkman33@example.com,New Porterhaven,643-862-8148 x346,21
9163,Marcus VonRueden,Juston_Zboncak82@example.com,Kubview,1-352-459-1142 x7497,23
9164,Hailey Bogisich,Joy1@example.com,West Eveline,(387) 559-7972 x183,42
9165,Mr. Sylvester Kutch,Alonzo_Cole-Friesen@example.com,O'Connerworth,1-815-515-2145 x6410,33
9166,Ramona Jacobi-Williamson,Clementina.Schneider@example.org,O'Haraboro,773-574-5677 x4544,62
9167,Roger Lowe,Cristian.Wilderman63@example.org,Klingbury,(326) 373-9083 x978,32
9168,Ava Larkin DDS,Amani_Wisoky@example.com,Elenabury,963-517-3819 x16830,52
9169,Wanda Ledner,Traci_Strosin62@example.org,New Deondre,(523) 726-3054 x0621,64
9170,Percy Upton,Anne_Shanahan17@example.net,Lake Valentina,554-727-0045 x829,59
9171,Melinda Kessler,Lisandro.Rohan62@example.net,Sunrise,(645) 717-2876 x6620,31
9172,Ian Satterfield,Dahlia.Kuphal@example.net,North Chaya,873-301-8006 x3188,62
9173,Delbert Wolff,Aletha84@example.org,Port Dwight,1-860-499-5407,60
9174,Neal Kuhlman,Enid_Brekke@example.com,McCulloughtown,(691) 589-2670,29
9175,Clark Bradtke,Joseph10@example.com,East Otis,712-908-0546,47
9176,Joseph Walter,Maxwell70@example.net,Haverhill,932-497-4317 x4680,31
9177,Jane Wyman,Lina.Zboncak@example.com,Port Monserratport,(856) 728-3559,65
9178,Myrtle Rippin,Jonathan.Davis24@example.org,Miami Beach,385-952-0654 x648,57
9179,Scott Upton,Abraham.Cruickshank68@example.net,Beckerton,1-225-647-0446,25
9180,Morris McGlynn,Virginia_McGlynn89@example.com,New Fannietown,903.326.7211 x2417,23
9181,Hosea Cole,Theodore46@example.org,Lake Harvey,(231) 328-6758 x086,25
9182,Odessa Blick,Connie79@example.net,Nehaton,1-678-612-2442 x166,33
9183,Marietta Simonis,Mireille_Schinner@example.net,Sibylfield,1-838-747-0937 x6182,48
9184,Oliver Ledner,Mabelle89@example.org,North Oma,1-595-584-6871 x1000,21
9185,Catherine Little,Tricia_Gerlach86@example.net,Carolynport,940.259.4663,21
9186,Jesus Schultz,Vivienne5@example.org,Kuhnfurt,1-725-906-3566 x43075,20
9187,Jacey Kemmer,Marcella.Marks@example.com,Lake Johnathan,668.765.8750 x725,51
9188,Wendell Spinka,Maymie.Wisozk3@example.com,Howefurt,1-825-538-9125 x5795,32
9189,Corey Trantow,Gardner.Baumbach@example.com,Strosin-Kautzerfield,1-775-397-4843,60
9190,Theodore Treutel,Jacques.Ankunding72@example.org,Palm Desert,949-876-4090 x14201,64
9191,Giovanny Stanton,Ciara44@example.com,Rancho Cucamonga,539-713-6713 x358,48
9192,Rachelle Kassulke,Sherman94@example.net,Hermistonland,(457) 747-5587 x0148,59
9193,Jeannie Harber,Shanon.Sawayn7@example.com,Stiedemannshire,(639) 786-1429 x583,36
9194,Jose Abbott,Susie67@example.net,Coreyport,902-526-3283 x7323,35
9195,Mylene Klocko,Jasmine.Bernhard@example.net,Fort Warrenshire,250-494-6190 x9149,44
9196,Christelle Keeling,Dena75@example.net,Schaefermouth,(694) 307-5948 x749,51
9197,Mr. Cody Ondricka,Jayde_Ferry@example.net,Ellisland,(732) 787-6235 x2919,27
9198,Alexandra Mraz,Cassie94@example.net,Gulgowskichester,229-253-4350,23
9199,Mr. Cary Paucek,Dora30@example.com,Schroederbury,323.636.7009 x734,31
9200,Abe Conn,Matthew_Hansen66@example.org,Lake Hazel,418.471.9735 x432,33
9201,Dustin Marvin I,Sylvester.Reinger75@example.com,Boyerstead,507-675-1815 x0640,57
9202,Ida Kutch,Joanny.Pfannerstill95@example.com,Port Tommieport,1-509-523-5719 x30778,21
9203,Vanessa Maggio,Jarvis_Hahn64@example.org,Elsamouth,(496) 538-6243 x09884,32
9204,Eriberto Runolfsson,Alva39@example.net,Fort Cameronchester,315.930.7447 x7315,49
9205,Elna Balistreri,Sandra_Graham93@example.org,Lambertchester,1-500-873-1984 x917,56
9206,Viva Schimmel,Arthur.Schaden47@example.com,Lake Jace,592-811-1276,35
9207,Julie DuBuque-Goyette,Teresa.Lynch@example.com,Shanahanstead,1-778-864-2539,51
9208,Joy Fahey III,Yesenia_Parisian17@example.net,Suffolk,486-437-2027 x906,25
9209,Rogers Wintheiser,Cassie_Powlowski34@example.org,New Leonorborough,894.534.6918 x987,38
9210,Desiree Becker,Jaylen.Doyle@example.org,Gustavomouth,(308) 204-2989 x25185,29
9211,Leif Gerlach V,Dan_Thiel@example.org,Lake Vaughn,373-600-7728 x341,28
9212,Gerard Cummings,Norman_Kautzer@example.net,Grahamfurt,870-589-4551 x93688,32
9213,Danielle Jaskolski,Emma45@example.org,Wellington,1-549-551-3206,62
9214,Sierra Harber-King,Antonia92@example.com,Millsboro,1-319-628-3692 x1614,18
9215,Felicia McKenzie,Bulah_Emard-Hintz47@example.org,East Rolandochester,(520) 911-0037 x2531,38
9216,Claudia Sipes,Ubaldo.Greenholt81@example.net,Jarretfurt,786.623.9814 x64601,19
9217,Jacqueline Satterfield V,Jules29@example.com,Morar-Hudsonberg,809-263-1842 x102,22
9218,Clair Harvey,Carroll_Kling@example.org,Naperville,320-508-0259 x76831,45
9219,Tremaine Beatty,Nikko.Ritchie@example.org,Erikland,1-786-978-0498,44
9220,Kyleigh Hickle,Wiley.Schaefer54@example.net,Rochelleworth,696-801-0582 x7328,61
9221,Diana Hauck,Tomasa.Spinka67@example.net,West Meda,1-812-893-5380 x7071,61
9222,Alfreda Krajcik,Mateo54@example.org,Evansville,667.999.0954,22
9223,Hardy Rau,Wilbur.Douglas@example.com,Lake Theaview,692.477.3360 x597,64
9224,Ramiro Frami DVM,Jaycee8@example.org,Johannafort,1-649-645-2788 x0298,25
9225,Alysson O'Conner,Roman25@example.net,Boscofield,1-794-228-0444,64
9226,Major Lindgren,Caesar_Dickens96@example.com,West Rogerchester,(758) 907-3660,19
9227,Wanda Feeney DDS,Corbin.Sauer19@example.net,Bertshire,358.675.7383,23
9228,Ms. Kay Mraz,Jeannette_Grady57@example.net,Raleigh,838.952.1114 x83050,56
9229,Jenna Moore,Della_Upton@example.net,Kuvaliscester,365.436.3465 x2135,47
9230,Maureen Wilderman,Melissa19@example.org,Waukegan,215-357-4363,39
9231,Mr. Salvador Wolf,Kamren_Halvorson43@example.org,Fort Jodicester,772-727-7468 x303,39
9232,Javonte Schinner,Meagan73@example.com,West Gideonfurt,(727) 355-8885 x9009,37
9233,Bessie Auer,Jo.Boehm@example.net,Schummstad,(634) 475-5296,46
9234,Edwin DuBuque,Sallie.Simonis@example.org,Terryborough,(221) 646-5339 x648,28
9235,Johnathan Kunze,Deborah74@example.org,Lake Rafaelberg,634.469.7502,26
9236,Tristin Hermann,Jonathon20@example.org,Fishers,(675) 994-2393 x9850,46
9237,Bessie Bartell,Euna_Boyle@example.org,Reginaland,262-321-8776 x1175,39
9238,Berniece Stracke,Frederik72@example.com,South Susana,743.386.9884 x90845,31
9239,Rhonda Nolan,Elva.Kovacek94@example.net,Orem,(489) 860-6735,28
9240,Edward Ullrich,Dora_Lindgren45@example.com,Kleinmouth,(253) 585-4494 x13490,48
9241,Kacie Klein,Douglas_Lueilwitz@example.org,Fishers,559.345.1506 x99044,52
9242,Jo Watsica,Bartholome46@example.net,Fort Leticiahaven,1-281-816-0773 x690,56
9243,Mr. Rowena Rath I,Betsy41@example.net,New Byronworth,1-389-978-3811 x64483,65
9244,Monserrat Kemmer,Gloria.Rohan38@example.org,Bodeborough,1-346-275-6431,27
9245,Greyson Johns,Noah.Cronin-Nicolas96@example.org,Cynthiaborough,742-358-5579 x558,64
9246,Fidel Walker DVM,Rudolph58@example.net,North Kaya,1-948-739-0502 x8289,57
9247,Woodrow Schuppe,Oliver92@example.com,Lake Geneside,1-817-995-0607 x2915,26
9248,Mr. Byron McGlynn,Alonzo_Terry@example.org,West Ansel,1-678-831-5236 x93083,28
9249,Pearline Weber Jr.,Felipe_Rogahn@example.net,Shaniyashire,661.977.6468 x6125,35
9250,Dr. Amos Robel,Darnell.Lowe91@example.com,Murielburgh,(724) 718-4277 x173,18
9251,Peter Hermann,Amara.Lueilwitz50@example.com,Veramouth,1-681-703-0667,35
9252,Martin Corkery,Clay_Beier92@example.org,Boynton Beach,442.857.5325 x38777,23
9253,Hope Boyle,Jennie87@example.org,Schummberg,707-568-1389,22
9254,Torrance Muller-Little,Delbert86@example.org,Lake Lamar,287-779-1388 x4810,59
9255,Camilla Schultz,Melanie12@example.com,Jedidiahburgh,669.942.9925,46
9256,Meggie Leuschke,Andrea.Oberbrunner@example.net,North Mollyville,353-685-2336,58
9257,Clifford Ryan,Austin_Mann-Cormier28@example.com,Welchberg,1-969-597-5132 x229,40
9258,Althea Koch,Alana.Smitham91@example.com,Evansshire,1-738-615-8960 x99476,44
9259,George Rau,Essie_Medhurst@example.org,Racine,1-611-759-0242 x6661,41
9260,Lionel Weissnat,Kirk_Pouros41@example.org,Elyria,882-627-4851,42
9261,Henriette O'Kon,Fredrick_OConner@example.com,Hazelburgh,(778) 270-9257,34
9262,Margarette Wiegand Sr.,Kristi23@example.org,Kozeyshire,1-400-806-8698,59
9263,Dasia Kozey,Luz_Quigley@example.com,Riceburgh,241.273.3525 x84669,32
9264,Mona Cole,Alex_Bergnaum@example.org,Orlando,1-709-569-8161 x051,18
9265,Floy Erdman,Whitney.Zieme12@example.com,Catonsville,1-925-258-2906,60
9266,Dr. Doug Schimmel,Erick92@example.org,Conroe,(450) 570-2362 x54193,58
9267,Johnny Cole,Ron_Ondricka@example.com,Cruickshankchester,244-374-6367 x3777,34
9268,Don Howe,Sidney31@example.org,Federal Way,289.732.3267,49
9269,Josephine Jakubowski,Madeline66@example.org,East Melody,391.479.2849,28
9270,Mr. Damon Pfannerstill,Don45@example.org,Pinellas Park,1-741-274-0179 x515,47
9271,Gregg Franecki,Johnny89@example.com,South Natashafort,801.810.9160 x022,44
9272,Mina Jacobs,Jessy56@example.com,Port Inesview,(204) 813-6714,64
9273,Mike Rogahn,Irving.Graham@example.com,Weldoncester,655.648.2881 x18684,62
9274,Delia Haley,Salma_Thiel7@example.net,Carrollside,(918) 972-3150 x313,65
9275,Jocelyn Pfannerstill,Dale87@example.net,Leuschkeborough,1-891-619-8003 x04699,63
9276,Catharine Connelly,Salvatore.Kohler25@example.net,Spencerberg,580.220.5734 x074,18
9277,Shakira Stanton,Lindsay20@example.org,Elizaview,517.849.1408 x132,18
9278,Aniya Gutkowski,Freda66@example.org,South Joannahaven,1-752-584-7872,41
9279,Vivianne Kozey,Malcolm65@example.org,Shaneworth,(846) 388-6693 x770,63
9280,Alfredo Hauck,Jermain.Torp@example.com,Jacobsfort,1-657-770-5065 x83422,36
9281,Dr. Marie Boehm,Kenny68@example.org,South Lorenzo,760.834.9245 x5000,28
9282,Nova Bogisich,Andrea_Kohler@example.com,Hermannfort,650-216-4510 x82440,19
9283,Dena Tromp,Jaylin76@example.com,New Timmy,884-236-9689 x4041,33
9284,Lola Stracke,Caroline_Rodriguez@example.net,Fort Milan,(463) 368-4901 x8602,22
9285,Miss Leah Keeling,Nichole_Wisozk58@example.com,Goldner-Mullerfort,1-638-747-4523,25
9286,Jack Hills,Dustin.Runolfsdottir94@example.com,North Roxanne,681-637-1130,26
9287,Robin Weimann DVM,Peyton91@example.org,West Jose,629.341.9524,58
9288,Jaylin Brekke,Katrina.Sanford@example.net,Woodland,1-564-225-4347 x801,37
9289,David Murray,Crystal_Kerluke22@example.org,Miami Beach,1-376-364-3599 x9190,49
9290,Mrs. Kenyon O'Keefe,Lawrence_Mertz@example.net,North Zettaboro,1-401-280-0771 x804,65
9291,Jalen Gibson,Forrest_Gulgowski5@example.org,Pharr,542.524.8891,46
9292,Mona Welch,Shari19@example.com,Braunstad,821-535-5124 x82301,18
9293,Deanna Reichel IV,Patty37@example.com,Gutkowskiport,417.914.2702 x283,50
9294,Euna Swift,Macy49@example.org,South Berneicecester,(500) 418-0787 x22601,54
9295,Lillian Graham,Dorothy.McLaughlin@example.com,Fort Heather,1-460-878-2514,42
9296,Randall Ankunding,Patricia_Denesik7@example.com,Davisshire,1-897-604-4336 x07063,57
9297,Myrtis O'Conner,Nora.Renner@example.com,South Aaronshire,(935) 508-0616 x1260,61
9298,Federico Jaskolski,Pierre_Gislason-Pagac68@example.com,Lake Emiliaville,979-653-4277 x584,42
9299,Reid Harvey,Melissa_Wuckert@example.com,Mount Vernon,904.437.9530 x0198,42
9300,Tara Beer,Itzel_Price@example.com,Wellington,1-662-303-1943 x6188,53
9301,Arturo MacGyver I,Forest27@example.net,Reingerfort,(671) 395-1647 x40250,64
9302,Ike Marquardt,Micah_Gulgowski@example.net,White Plains,570-519-1756 x570,61
9303,Lester Konopelski,Patrick26@example.com,Biankaport,509.235.1653 x63450,48
9304,Macey Ward,Krista9@example.com,Port Newellfurt,886.486.4764 x37287,60
9305,Mr. Matteo Blick,Meredith_Homenick@example.org,Kuvalisstead,(923) 862-4489 x4947,28
9306,Jedediah Lueilwitz,Tami.Hammes15@example.net,Chula Vista,772.985.1719 x39094,32
9307,Jorge Schulist-Leuschke,Lucas_Cremin@example.com,Traceyside,577-860-7185,34
9308,Dr. Clinton Crist,Emily.Harris78@example.com,New Albury,1-631-283-7005 x27460,32
9309,Alvena Ratke,Annie39@example.com,New Jacobworth,(698) 549-9989,43
9310,Maryam Stroman,Ana57@example.net,East Lorenzo,1-288-543-3702 x31488,29
9311,Lionel Bauch,Ivan.Jacobson36@example.org,North Florian,1-861-894-6708 x6558,42
9312,Shakira Romaguera,Elwyn_Heaney@example.org,Halvorsonchester,(200) 615-3948 x7330,19
9313,Homer Schuster,Benny6@example.com,North Evelineview,990.347.0179 x7908,59
9314,Dr. Roosevelt Mante,Douglas.Parisian26@example.net,Lefflerfort,602-623-9150 x87549,50
9315,Gretchen Metz V,Seamus_Hudson95@example.com,Perris,1-700-215-8850 x9219,51
9316,Will Stiedemann,Camron_Jaskolski@example.net,Port Alivia,470-420-6237 x809,43
9317,Mr. Hadley Waelchi,Darron_Cremin@example.org,Conroe,(998) 363-7576 x29597,54
9318,Lorna Kunde,Maryam_Beier26@example.com,Rockville,521-653-2940 x6644,30
9319,Roosevelt Buckridge DDS,Bennett80@example.com,Jamesboro,317-747-4787 x262,59
9320,Maureen Renner,Kirstin_Goldner-Russel58@example.org,Burke,(937) 346-0087 x450,45
9321,Dr. Lucius Moen,Cameron_Walsh-Lind80@example.net,Stoltenbergtown,727-299-6540 x76744,43
9322,Juana Runte,Walter_Pollich@example.org,Owensboro,799-647-3672,24
9323,Mr. Moses Crona,Arlene.Schaden83@example.com,Jersey City,954.569.2342 x8545,44
9324,Claire Hyatt,Joshua87@example.org,New Lindseyhaven,753-325-5325,29
9325,Kailyn Bode,Steve68@example.com,Rippinville,899.955.6686,35
9326,Ms. Anabel King,Loretta2@example.net,Ondrickastad,607.810.8474 x9560,23
9327,Laron Kemmer,Grady24@example.net,New Scott,237.684.0942 x3565,39
9328,Rachael Feeney,Phillip_Lowe-Weber61@example.net,North Marcus,1-294-209-9243 x1425,19
9329,Josephine Becker,Ernesto49@example.org,Predovicbury,543.254.7511 x004,61
9330,Amos Collier III,Guy.Nienow@example.org,Stiedemannland,1-537-467-2875 x70282,55
9331,Vernon Ward,Vladimir.McDermott34@example.org,Watsicaworth,582-422-9487 x838,51
9332,Ida Hoeger Sr.,Jacob_Buckridge14@example.org,Lake Jenniemouth,(989) 980-2575 x48276,29
9333,Clarissa Okuneva,Denise40@example.org,Kendale Lakes,650.903.9274 x299,31
9334,Mose VonRueden,Willa.Lubowitz65@example.com,Rippinland,300-852-0265,46
9335,Cyril McDermott,Vickie.Corwin@example.org,Rosiechester,(670) 881-8179,40
9336,Laura Doyle,Alivia_Leannon@example.com,Runtefurt,(774) 849-5717 x8210,44
9337,Grady Stiedemann,Vena.Kreiger3@example.net,Fort Sabrina,837.850.8965 x450,55
9338,Clemmie Bednar DDS,Archie65@example.net,Reading,(703) 205-1535 x858,27
9339,Mr. Abraham Wiegand,Federico.Heller54@example.org,Schenectady,744-743-8013 x05187,64
9340,Amelia Johnson,Misty.Sipes75@example.com,Paradise,705-932-5017 x879,24
9341,Garry Wyman,Candice82@example.com,Jupiter,1-923-210-7663 x4731,35
9342,Rafael Ledner,Lenore.Barton@example.com,Council Bluffs,679.567.3214 x718,42
9343,Tad Welch,Lester.Hartmann@example.org,Fort Enidhaven,(598) 550-9851 x949,42
9344,Dwight Simonis PhD,Josefina_Klein72@example.org,Bruenport,(483) 778-0376 x01931,24
9345,Jaclyn Huel,Olivia93@example.net,West Stanleyland,932.602.2205 x0510,44
9346,Pauline Sanford,Brett.Lang25@example.com,Johnborough,522-281-0416 x8931,65
9347,Fernando Kling,Ayden.Ratke12@example.net,New Roxannehaven,(241) 584-9851 x588,61
9348,Lloyd Zemlak-Shields,Ollie32@example.net,Schmidtboro,721.707.3338 x3915,33
9349,Marina Cummerata,Shelly16@example.com,Crooksburgh,1-408-755-9664 x015,43
9350,Marilyn Kunze,Fernando_Purdy10@example.com,Milwaukee,306.826.2723 x54594,61
9351,Mr. Jose Sanford,Mabel.Paucek@example.net,Brookview,1-238-419-9339 x16316,45
9352,Jacquelyn Senger,Geoffrey_Wisozk66@example.org,Chino Hills,1-946-757-2369,34
9353,Kenya Schneider IV,Maybelle89@example.net,Ervinhaven,(889) 875-0275 x67210,38
9354,Christina Schultz,Shirley.Macejkovic@example.net,Wolffport,544-228-0086,63
9355,Bradford Moore,Joy_Crona@example.net,Dustinberg,875-932-4357 x112,37
9356,Jasmin Bernier,Kayla.Hilll@example.org,Pensacola,834.714.7280 x9420,20
9357,Gerson Schroeder,Shanna41@example.net,Santee,457-860-1383 x49597,32
9358,Jeffry Nicolas-Powlowski,Kennedy99@example.com,Carleyberg,1-734-787-6053 x64273,39
9359,Jameson Bartoletti,Regina85@example.com,Lake Stevenboro,1-696-671-6219 x7805,58
9360,Nelson Kemmer,Dolores.Johnston@example.org,Halvorsonshire,848.940.7328 x857,51
9361,Jerrod Larson,Mathias81@example.net,Attleboro,375.941.9242,30
9362,Mireille Rolfson,Lonnie.Herzog@example.net,East Carolchester,670.728.2101 x9868,42
9363,Gracie Murray,Sanford13@example.net,Lake Doris,356-877-0377 x62468,45
9364,Todd Schroeder,Kip78@example.net,Yuma,253-700-3344 x20680,20
9365,Montana Tromp,Allen13@example.org,Jacobworth,(368) 296-7499 x640,31
9366,Jermain Lueilwitz-Kozey,Florence_Purdy31@example.net,Lehnerboro,1-326-220-2740,26
9367,Elias Russel,Murray48@example.net,East Tamiacester,802-781-2004 x545,55
9368,Howell Kuvalis,Tony_Weissnat@example.net,Dibbertland,1-791-238-2124 x3691,62
9369,Janet Durgan,Wendy_West-Cassin@example.net,Norman,(999) 644-4175 x925,19
9370,Kacey Heaney-Parisian,Joy_Thiel@example.net,Brigittehaven,1-345-852-5473 x6948,27
9371,Louise Hackett,Diane72@example.com,Hoppestead,398-877-4685 x04989,54
9372,Laurence Kessler,Norbert71@example.org,Krischester,1-575-834-4987 x80880,64
9373,Leland Schaefer,Alfreda_Skiles56@example.com,Jessikabury,768.600.9184 x21609,37
9374,Jim Grady,Leopoldo.Franey@example.com,South Salvadorchester,(765) 873-5278 x2122,31
9375,Ford Collier,Darwin.Reichel3@example.org,Kozeyworth,390.996.8194 x545,52
9376,Elbert Cartwright-Hahn,Jeanie_Kessler29@example.net,El Dorado Hills,908.465.0979 x033,50
9377,Minnie Jacobson,Marlene.Roob-Hane82@example.net,New Brian,492-567-4140,55
9378,Keon Langworth,Silvia.Schaden59@example.net,Shreveport,278.978.1819 x522,51
9379,Orland Mohr,Leonor.Haley0@example.net,Mayerchester,752-497-7740 x99329,22
9380,Erwin Kulas,Brenda.Bogan@example.org,Chesterfield,(806) 589-9568 x2048,56
9381,Dallas Williamson,Jana.Bogan@example.com,Floydhaven,829-878-7853,39
9382,Geoffrey Collins,Doyle_Gutmann@example.org,West Hattie,(955) 431-6102 x831,47
9383,Christine Howe,Stanford_Johns18@example.com,Minneapolis,276-525-2386 x76008,30
9384,Kurt Considine,Fabiola_Greenfelder12@example.net,Maudiehaven,983-645-9522,31
9385,Holly Auer,Maryann.Kihn@example.org,Rueckerstad,(859) 292-8196 x7150,42
9386,Linnie Shanahan,Loy_Wyman@example.org,North Reaganburgh,(443) 750-3911 x40916,29
9387,Dr. Felicity Wiegand,Mathew_Schaefer@example.net,Langoshchester,997-215-8360,26
9388,Dan Dietrich,Charles.Okuneva25@example.net,Zoieburgh,(634) 942-9380 x185,52
9389,Cielo Schaefer,Wayne97@example.org,Christiefurt,(559) 601-6076,65
9390,Matt Shields,Franklin_Bauch64@example.org,Howellbury,353-283-1593 x2603,57
9391,Zoey Romaguera,Enrique73@example.net,South Laura,750-683-9633 x5357,44
9392,Mr. Neal Douglas,Shea_Welch6@example.com,East Elijah,210.779.3211 x6721,55
9393,Andres Bailey III,Tianna_Goyette45@example.org,Longmont,(483) 345-4538 x51312,44
9394,Audreanne Leuschke,Juwan_Nitzsche-Waelchi@example.com,Port St. Lucie,642-277-7816 x74808,30
9395,Edgar O'Connell,Norma79@example.org,Rachaelcester,276-955-9869,19
9396,Mrs. Maryann Osinski,Hyman_Donnelly@example.com,New Rachael,(407) 453-1880 x5468,63
9397,Miss Unique Gottlieb-Kihn,Raul91@example.com,New Fermin,261-372-7545 x5356,37
9398,Lempi Schamberger,Mckenna.Sanford@example.net,East Hymantown,711-833-6609 x28717,57
9399,Nyasia McDermott,Caitlyn.Brekke35@example.net,Fort Jaylenboro,696-919-1066 x297,37
9400,Octavia Kuphal,Weldon_Hyatt@example.com,West Valley City,765-962-4214,20
9401,Burnice Kunde,Frederic66@example.com,Schoentown,(971) 904-3985 x43343,29
9402,Savannah Davis,Gertrude37@example.org,West Arthur,705-762-3566 x8679,22
9403,Whitney Marquardt,Nia5@example.com,Kathryneshire,1-784-855-2917 x4782,41
9404,Humberto Bauch,Domingo.Price89@example.net,West Ronnyburgh,1-393-830-7973 x0340,61
9405,Gillian Mills,Shannon65@example.com,Bahringershire,(318) 377-2960 x21182,26
9406,Stanford Nicolas,Jarod20@example.net,West Trystanboro,(768) 550-1680 x50152,56
9407,Sylvester Bauch,Arch_Schroeder@example.org,Fort Cynthia,537.255.1625,33
9408,Mr. Jimmie Rodriguez,Delores.Wisozk@example.org,Port Marsha,937.449.2611 x878,37
9409,Alexandrea Huels,Luther.Stehr@example.net,Khalilshire,1-887-792-9301 x400,29
9410,Elvira Reynolds,Kenneth22@example.org,Bennyville,318-465-4428 x85206,23
9411,Mr. Horace Walter,Jadyn_Mills70@example.org,Felipefurt,(450) 265-1810,39
9412,Julie Daniel,Wesley1@example.net,Ratkefield,473-895-0974 x3448,44
9413,Marcellus Lehner,Lucille89@example.com,Port Jacques,310-698-5529 x58011,47
9414,Minnie Considine,Crystel.Connelly6@example.net,Port Bobbyborough,(360) 818-2274,54
9415,Jewell Mitchell,Steve_Mohr18@example.com,Charleychester,724.749.4847 x5275,36
9416,Clay Tillman,Ophelia.Gibson38@example.org,Gianniport,(933) 386-9741 x6603,29
9417,Dr. Carley Schamberger,Max_Rowe89@example.net,Hollywood,(654) 552-7487 x6332,55
9418,Ms. Dameon Reilly IV,Wesley27@example.com,Fort Ervin,281.918.9421,29
9419,Flo Hermiston,Abraham.Mitchell67@example.com,Spokane,474.448.3054 x78377,61
9420,Mr. Vance Jenkins,Darrel_Beatty@example.net,North Miami,(817) 975-8061 x5684,19
9421,Darrel Watsica,Mateo_Wunsch@example.org,Tyroneborough,(849) 546-0340 x5464,60
9422,Ana Koch I,Viviane_Cummings@example.com,Port Murielstead,1-201-301-4319 x1800,45
9423,Marcella Sipes,Wilma.Renner@example.org,North Oliviastad,933-613-5565 x14646,61
9424,Ricky Abbott,Rod_Marvin@example.com,South Claudehaven,749-876-4370 x43209,51
9425,Velma Stamm MD,Sally75@example.org,North Hannahmouth,778-278-9652,22
9426,Kristie Shields,Bill87@example.net,Fort Maxinechester,(656) 378-6327 x349,43
9427,Ms. Miriam Bauch,Marlene.Botsford@example.com,Nicholehaven,1-410-657-8215 x976,50
9428,Corine Boyer,Serenity_Hessel@example.net,Hiltonport,273-632-6099,48
9429,Orlo Sipes,Westley.Abernathy46@example.org,Blockton,(265) 636-3493,26
9430,Cassandra Tremblay,Jane_Wintheiser@example.org,Manteberg,904-346-3793 x20646,29
9431,Dr. Shania Bins,May8@example.net,East Orvillestead,300-499-4727,32
9432,Colin Bartoletti,Melvina_Kub15@example.net,Keshaunborough,318-455-5228 x9527,26
9433,Alayna Sipes,Jeremie81@example.com,East Florian,(742) 662-4994 x506,54
9434,Rolando Christiansen,Garret84@example.org,Jacobsbury,953.841.7196 x1356,47
9435,Carlie Wyman,Christopher_Donnelly@example.net,West Seneca,798.248.3394 x8262,43
9436,Irma Wilkinson,Ida.Kerluke@example.org,West Kevin,972-762-3527 x3575,53
9437,Gabrielle Lindgren,Gladys.Aufderhar@example.org,South Laurianeshire,426.598.4785 x4993,24
9438,Broderick D'Amore III,Shana44@example.net,Gulgowski-Kreigerstead,(309) 908-1082 x62106,18
9439,Philip Macejkovic,Abbey_Grady@example.org,Lake Deliamouth,265.722.1756 x224,56
9440,Wilbert Jacobs,Whitney_Hamill4@example.com,Hermanfort,(231) 493-9661 x62828,18
9441,Mr. Marc Cremin-Sauer,Emelie73@example.com,North Shawnburgh,741-838-9914 x101,37
9442,Lisette McCullough,Marco19@example.net,Zariashire,239.421.4753 x170,22
9443,Frank Conn,Anabelle27@example.com,Port Tricia,798-441-9651,59
9444,Nya Beer DDS,Vincent17@example.net,Dickiport,1-860-323-2203 x92664,49
9445,Dave Hilpert,Graham_Willms@example.org,Stammchester,1-313-470-3167 x34143,56
9446,Chet Wintheiser,Trevor.Leannon81@example.org,Yucaipa,910.509.3277 x6660,31
9447,Kaylie MacGyver,Monique_Robel12@example.org,South Cindy,569-776-0444 x146,59
9448,Rodrick King,Deshaun22@example.com,Lake Emanuelville,660-545-6157 x083,40
9449,Deanna Walter,Luther_Boehm-Farrell49@example.net,Americoton,318-710-2906,35
9450,Thea Mraz,Ruthie.Hammes@example.com,Rogahncester,566.825.3483 x381,46
9451,Ms. Rafaela Crona-Blanda,Dianne_Upton-Auer94@example.org,Angelinaworth,(987) 970-5111 x80938,59
9452,Kailee Nienow DDS,Eloise_Dietrich@example.org,South Derickview,777-212-4882,45
9453,Alex Champlin II,Rosemary71@example.org,Lake Buster,1-618-970-3453 x8478,24
9454,Elvis Sanford,Serena.Jaskolski93@example.net,Hackettside,(657) 210-0202,57
9455,Taya Gleason-Wilkinson,Trycia39@example.com,Dietrichfurt,954.751.1447 x2832,30
9456,Tressa McDermott,Samantha29@example.org,Rolandville,1-683-971-8174 x1301,52
9457,Gerardo Heller,Porter.Waelchi38@example.org,New Faustinochester,583.802.8847 x239,27
9458,Ford Marquardt,Lorene.Schulist@example.net,New Mozelleworth,1-591-523-9293 x48926,42
9459,Mercedes Schmeler,Waino_Hamill0@example.net,Stanleybury,702-285-0134,37
9460,Dominic Lindgren,Enrique33@example.net,South Monaworth,963-691-6949 x526,53
9461,Tiffany Kulas,Ignacio.Welch@example.com,Jovanyshire,1-660-865-2681 x4347,26
9462,Eduardo Walker,Monserrate23@example.net,Schambergercester,1-216-735-9797 x2720,35
9463,Maggie Vandervort,Lester.OConner68@example.net,Brentwood,1-391-613-0609 x63936,38
9464,Dominic Pfannerstill,Diane99@example.com,Lake Chester,299.887.2995 x844,54
9465,Makayla Grady III,Laurie32@example.net,New Wilma,(841) 520-3145 x9630,28
9466,David Harber PhD,Carla72@example.net,New Kentborough,(925) 958-0048 x77431,44
9467,Ariel Stiedemann DDS,Wendell.Hane59@example.com,McGlynntown,(420) 336-9391 x337,18
9468,Derrick Huel,Marguerite_Shanahan5@example.org,Ericcester,(766) 788-6744 x316,46
9469,Homer Osinski IV,Candelario55@example.com,North Eve,437-784-0428,31
9470,Meghan Fritsch,Kathleen_Feil@example.org,New Wilhelmburgh,1-480-375-5805 x68957,55
9471,Hayden Nolan,Linnea.Lebsack65@example.org,West Ronstead,1-569-315-5434 x9986,21
9472,Deondre Streich,Sherry_OHara@example.net,Rockwall,1-307-726-5801 x6260,44
9473,Rita Kassulke,Drew.Willms@example.org,Dickiworth,1-879-393-2841 x124,62
9474,Jessika Smith,Joelle_Heathcote87@example.com,South Teri,556.825.3656 x629,49
9475,Lillian Romaguera,Jewel_Metz88@example.net,Cheyannefort,(474) 849-3491 x61645,34
9476,Warren Roberts,Lorenzo31@example.com,Hollisshire,797.508.8095,34
9477,Shari Dach,Alexander_Ferry98@example.net,Oceaneworth,1-653-661-1255 x52666,56
9478,Kobe Cassin Jr.,Betsy_Roberts@example.com,Johncester,1-316-455-8688 x57310,32
9479,Justus Osinski Sr.,Jeannie_Luettgen19@example.com,Port Karlie,677.907.6232 x684,27
9480,Travon Lueilwitz,Orville_Satterfield30@example.com,North Juliusfurt,1-633-215-1292 x83395,57
9481,Domingo McClure,Desiree.Dietrich5@example.com,Alanstad,(225) 500-4492 x18361,32
9482,Viviane Lakin V,Perry.Wilderman43@example.org,Port Dylan,(928) 888-9471 x713,51
9483,Randy Treutel,Rosario_Balistreri@example.org,Saratown,1-789-581-1173,22
9484,Sally Abshire,Alicia_Beier17@example.net,South Malcolm,934.291.9320 x7674,40
9485,Whitney Buckridge,Emilio.Rosenbaum-Bruen8@example.net,Tinley Park,(866) 404-3554 x8228,59
9486,Traci Wunsch-Dietrich,Crystal_Weimann@example.com,Lake Danielletown,221.601.1737 x8005,37
9487,Dr. Delbert Jakubowski,Irving7@example.net,Port Joan,689.803.3920 x041,25
9488,Stewart Mante PhD,Nolan44@example.org,Crooksshire,(461) 644-3735 x18259,33
9489,Marge Daugherty,Kianna50@example.net,North Orlando,380.240.8138 x37956,19
9490,Anthony Ernser,Drake_Gottlieb-Rippin@example.com,Carmel,827.600.3626 x920,34
9491,Sabrina Bayer IV,Janiya.Lind16@example.net,East Loisstad,(822) 765-3323 x21406,59
9492,Joseph Toy Sr.,Unique8@example.com,Clementfurt,(452) 551-2143 x5226,65
9493,Omar Streich,Jennifer.Grady51@example.net,Jacksonville,991.261.6823 x114,53
9494,Jazmyn Effertz,Tanya_Maggio@example.net,Fort Erick,1-708-677-0063,34
9495,Joan Rice,Mable_Dickens18@example.org,Aftoncester,618-313-2171 x392,27
9496,Mr. Jacob Walter,Maritza_Cronin@example.com,Deanboro,(562) 204-6263 x416,35
9497,Isaiah Heaney,Webster69@example.net,South Hazelshire,486-425-8492 x56584,62
9498,Antonia Balistreri,Marjorie11@example.com,Alonzoport,501-261-2335 x476,61
9499,Sandy Kling,Hester_Lemke-Nienow@example.com,New Jamaalfort,(259) 961-9576 x257,52
9500,Osvaldo Quigley,Roman49@example.net,Kub-Kutchstad,(881) 973-2992 x0204,48
9501,Fredrick Beier,Derrick49@example.com,Cicero,929.376.5352,58
9502,Marshall Erdman,Viola16@example.org,Bethanyburgh,358.763.9517 x46155,43
9503,Magnolia Sanford,Retha_Zboncak@example.com,East Tasha,879.864.4965,61
9504,Kennedi Simonis,Jose32@example.com,Lavernefurt,273-799-9809,57
9505,Helen Sporer,Robyn23@example.org,Davidburgh,625.633.4474,31
9506,Evelyn Nikolaus,Fritz24@example.net,Hannaview,852-723-5674 x533,35
9507,Joey Cassin,Fred82@example.com,Shoreline,238.355.7852 x6867,19
9508,Alex Watsica,Kattie.Ward@example.org,New Summer,807.940.0547,41
9509,Mr. Lorna Greenfelder Sr.,Anne.Kovacek7@example.org,South Vicki,272-870-3659 x91914,19
9510,Elmira Dibbert IV,Muriel.Koch-Bayer@example.net,Antwanfort,748-225-8192,57
9511,Katelin Barrows,Bryon.Lebsack@example.com,North Cherylbury,(441) 722-4191 x7374,44
9512,Mason Langosh,Tara.Mayer68@example.com,North Webster,(518) 575-9565 x74726,47
9513,Ms. Verlie Wyman III,Celestine.Rogahn26@example.com,Jeanfield,424.360.0843,25
9514,Ian Watsica V,Doyle.Lakin59@example.net,Selenaworth,(423) 238-6604 x73830,57
9515,Susie Spencer,Darla16@example.net,Bashirianbury,255-796-0381 x382,28
9516,Antonietta Heathcote,Lorena80@example.org,Port Domenico,880-206-1748,63
9517,Jovany Brekke,Lauren.Cronin@example.com,Kokomo,254-319-3984 x32730,37
9518,Darla Erdman,Gerson53@example.net,Fort Caleb,908.860.6024,65
9519,Ada Klocko,Lindsay99@example.net,Stantonbury,239.745.1948 x22095,56
9520,Philip Reichert,Virginia31@example.net,New Darrel,1-767-243-6209 x4276,19
9521,Jesse Cremin,Darren_Haag71@example.net,Tamichester,328-915-4442 x7563,37
9522,Mrs. Johann Schmeler,Lavinia.Jacobson@example.org,North Carolineborough,1-961-628-4067,18
9523,Mandy Bailey,Pam.Bradtke5@example.com,Antoneberg,334-560-6596 x66105,60
9524,Selina Konopelski IV,Ronald13@example.com,North Ellis,362.409.1675 x57973,58
9525,Kara Beahan,Noel_OHara@example.org,Boehmcester,212.645.0867 x72369,29
9526,Kay Feil,Flossie_Marquardt@example.org,New Miketown,(911) 806-0763 x9992,55
9527,Eleonore Vandervort,Lorenz_Donnelly@example.com,Jasonville,973.255.4824 x477,55
9528,Prudence Adams,Irma69@example.com,South Donshire,369-430-5320,52
9529,Ms. Delia Aufderhar,Rachelle37@example.com,Danielburgh,1-469-638-4303 x6598,28
9530,Carolyn Carter,Catherine.Hammes28@example.org,Port Micaela,1-848-597-6091 x18027,57
9531,Howard Braun,Gilberto.Bechtelar8@example.net,Homerport,508.829.5625,31
9532,Laurie Prohaska,Vincent.Hermiston@example.org,Miami Gardens,1-477-579-2870 x7053,56
9533,Kacie Purdy,Lula.Kuhn29@example.com,Fort Derrickborough,515-272-3289 x63648,18
9534,Craig Kuhlman,Nicholas73@example.net,Dunwoody,1-456-383-5172 x948,57
9535,Eileen Skiles,Dominic.Krajcik84@example.com,Lake Armando,255.909.6128 x748,40
9536,Dr. Sylvan Cronin,Darrell_Terry9@example.org,Nicolasfurt,(226) 678-2828,33
9537,Anne Shields,Stacy18@example.com,South Isaacside,1-992-562-0035 x5087,26
9538,Mrs. Delores Considine,Johnny48@example.com,East Perry,1-850-718-9203 x41630,20
9539,Christine Witting III,Shanie_Walsh@example.net,Marjolaineside,(969) 802-2323 x25870,47
9540,Giovani Schaden,Rowland.MacGyver41@example.org,Rogers,704-503-9835 x32413,18
9541,Darrick Kilback,Darrell.Marks43@example.net,Nancyville,(467) 283-0931 x7688,55
9542,Althea Beahan,Hayley51@example.net,Port Lylabury,289.750.8344 x5577,43
9543,Ruth Crooks,Nelda.Kuvalis@example.org,New Tylerstad,975-765-0486 x624,44
9544,Leone Osinski,Emma.Jaskolski@example.com,New Jeanie,(281) 922-6408 x011,44
9545,Ron Mertz,Lillian_Franecki@example.org,Kristofferfort,658.595.9763 x906,38
9546,Ora Bruen,Melvin_OConner14@example.org,Abbottville,435-974-9154 x3456,20
9547,Terrance Schamberger,Amira_Berge@example.net,Harberville,1-217-275-0192 x02548,34
9548,Bobby Herman,Amanda80@example.com,Anibalworth,(439) 370-8529,46
9549,Erna Koelpin,Carrie_Langosh@example.com,Lake Willycester,887.215.4538 x43953,22
9550,Dr. Sim Mertz,Bernita.Emmerich21@example.com,Lake Corenestead,957-905-5948 x49392,28
9551,Russell Towne,Justina81@example.com,New Dianneboro,(391) 344-5633,46
9552,Merle Kunze,Katherine.Gleichner@example.com,Iciebury,(642) 672-1982 x47762,46
9553,Thelma Ullrich-Jacobs,Deion.Kemmer70@example.com,Miami Gardens,705-720-4681 x28630,20
9554,Tammy Little,Olive5@example.org,Turcotte-MacGyverview,1-378-952-1027 x54374,40
9555,Camille Beier,Emmalee.Ruecker69@example.com,Hammesfurt,1-770-401-6055 x13581,26
9556,Adalberto Grant Sr.,Eunice_Schoen30@example.net,Parma,1-496-573-9327 x433,55
9557,Cynthia Streich,Vivian_Stracke@example.net,Peabody,(775) 447-8095 x6003,31
9558,Lawrence Pfannerstill,Abe.Fisher@example.net,Hilmashire,1-939-878-7709 x792,29
9559,Karen Hahn,Chanelle.Dietrich50@example.net,Daytona Beach,(364) 807-2808 x6401,51
9560,Ada Herman,Rey67@example.net,Adalbertofield,1-689-463-2394 x171,24
9561,Fredrick Hackett,Penelope_Grimes@example.org,Olgaboro,994-967-6963,21
9562,Katlyn Hammes,Hugh_Bins75@example.com,Port Kathy,(263) 304-6587 x1728,54
9563,Meredith Johnson,Domingo.Labadie@example.org,New Evelyn,657-526-9664 x2423,55
9564,Monique Johns,Tomasa.Paucek93@example.com,Rennerfurt,405-519-5773,65
9565,Grant Daniel,Jerald98@example.com,West Hank,777.802.5387 x54137,22
9566,Jayden Roberts,Shelia9@example.org,Williamsonside,866-716-3373 x457,30
9567,Delores Kozey,Chris.Fadel-Franecki@example.com,South Vicenta,(203) 368-6435,62
9568,Rosie Mraz,Amelia19@example.net,South Sheri,(327) 387-4504,32
9569,Grant Skiles,Marta.Boehm76@example.org,Cruickshankcester,1-355-679-5626 x00490,56
9570,Velma Schroeder,Moses41@example.com,Muellerfurt,1-417-873-2979 x3720,21
9571,Alexandrine Williamson,Edith.Ullrich@example.org,Normanville,(222) 483-2674 x6023,49
9572,Ms. Eleanor Hahn,Dexter.Marks@example.org,Hilpertchester,248.243.8659 x361,48
9573,Ruth Hessel,Bernadette_McCullough@example.net,New Patrick,636.357.5917 x752,65
9574,Eric Rolfson,Jenna72@example.com,Strosinton,210-492-6655 x11932,40
9575,Kennedy Wisozk,Woodrow71@example.org,Stanleyton,862.420.9102 x70791,36
9576,Laurence Batz,Rosie_Murphy49@example.com,Samuelside,685.810.1527 x9470,38
9577,Aubrey Ward,Alyssa98@example.net,Kuphal-DuBuquecester,408.641.0367 x456,52
9578,Marianne Effertz,Jeffry52@example.net,Sheritown,1-646-526-9586 x75098,25
9579,Jevon Bruen,Kelvin93@example.net,Gregorioborough,626.475.2052 x7652,47
9580,Patrick Bradtke MD,Cody96@example.net,East Layne,755-716-5498,27
9581,Darion Grady-Ritchie,Eddie_Weissnat-Collins78@example.net,South Pattifield,(425) 569-4730 x570,34
9582,Mr. Bruce Predovic,Belle_Wiza@example.net,Abshirechester,833.723.3305 x5329,25
9583,Ronnie Mertz V,Kent_Dach83@example.com,South Samuelchester,(880) 590-2961 x9932,52
9584,Uriah McGlynn,Armando.Pouros@example.com,Fort Sallychester,417-954-0182 x688,57
9585,Winston Lakin I,Ryan.Gusikowski54@example.com,Schmittton,201-795-3471 x02577,53
9586,Preston Raynor-Wuckert,Noe14@example.org,Philipport,1-459-464-0843 x243,32
9587,Rose Graham,Elmo_Hammes@example.com,Croninberg,1-806-548-6684,40
9588,Stone Veum,Eileen48@example.net,Fort Tommyworth,(951) 266-8701 x521,20
9589,Jarrod Nicolas,Marcel_Goodwin@example.org,New Debrahaven,(893) 860-8367 x57897,52
9590,Elmer Douglas,Verna57@example.net,South Glenncester,1-782-583-4867 x84639,42
9591,Delaney Quitzon,Caleb_Runte@example.org,Loyalmouth,985-940-1028 x21470,65
9592,Rosalind Koss,Brielle.Waelchi@example.com,New Kathryn,509.547.5226 x61129,65
9593,Ricky Rolfson,Loyal.Ankunding@example.org,Port Quinnfurt,348-333-7511,27
9594,Miss Stella Schoen,Naomi76@example.org,New Albina,(685) 492-5476 x8004,20
9595,Zachariah Glover,Marvin57@example.net,Port Aron,563.434.8747,49
9596,Isabell Greenholt DVM,Citlalli_Hermiston@example.com,South Carl,933.402.9252 x5071,24
9597,Tim Smitham,Edythe53@example.net,Hardyberg,(465) 698-8970 x624,42
9598,Latoya Crist,Fay_Blick@example.net,West Babylon,891.498.1299 x862,33
9599,Guy Stamm,Sheryl_Schowalter@example.org,Lake Malliechester,571-468-2602 x395,52
9600,Victoria Schiller,Twila_Lemke@example.org,Nolanport,(572) 984-1776 x434,24
9601,Ralph Stroman,Mathilde12@example.com,New Gretchenmouth,756-665-5211,40
9602,Dr. Patrick Hickle,Kari66@example.com,Fort Kendra,1-997-602-3282 x170,28
9603,Josianne Jerde,Krista52@example.org,Burnicestead,612-503-3709,53
9604,Tianna Kirlin,Modesta_Grant55@example.com,North Roberto,791.293.9193 x33645,56
9605,Jamaal Rau Jr.,Skylar.Abbott99@example.com,Hellerburgh,1-248-792-4723 x156,25
9606,Damon Kulas,Drew.Kreiger@example.net,O'Keefeview,539.913.5735 x10795,62
9607,Erica Daugherty,Rodrick62@example.org,West Roxanne,1-258-234-9619 x62506,58
9608,Christiana Armstrong,Tessie86@example.net,Elyria,1-996-499-3131,29
9609,Nina Corkery,Moses_White4@example.org,Borertown,472-803-2401,20
9610,Holly Fadel,Ewald_Bergstrom54@example.org,New Rochelle,966-602-3018 x564,27
9611,Kiley Fisher,Olive_Sporer25@example.com,Sidneyborough,1-531-281-0393 x1264,37
9612,Bailey Greenfelder,Jerrold.McCullough@example.net,Amieworth,315.313.8563 x0651,39
9613,Lucie Mante,Grayson.Simonis@example.net,Parkerberg,1-846-565-5155,33
9614,Everardo Spinka,Edwin_Rolfson@example.net,East Fredrickborough,684.374.7003,20
9615,Durward Towne,Derek.Wunsch46@example.org,Independence,422-909-0243,28
9616,Ibrahim Corkery,Omar_Weimann93@example.org,Woodbury,989-589-7458,50
9617,Shane Smith-Reichert,Mindy.Fadel27@example.org,North Faith,(627) 281-3017 x115,35
9618,Nannie Lynch,Randy27@example.com,Lake Peteville,371-815-2676 x37959,55
9619,Eddie Dach,Viola17@example.com,Eileenberg,(640) 322-2161 x4994,63
9620,Andy Wilderman,Melody.Beatty18@example.org,Port Lloydfurt,297-671-2981 x876,41
9621,Gillian Fahey,Shelly.Cole83@example.com,Fort Jeanne,881-317-2665 x79336,18
9622,Shirley Turner MD,Gracie.Fadel2@example.net,Kurtton,506.869.9900 x2950,47
9623,Caroline Ondricka,Judd.Lueilwitz36@example.org,Elyria,1-735-609-7076 x0665,58
9624,Josefa Jacobi,Reagan.Cartwright@example.org,West Reginald,1-274-514-1081,52
9625,Ms. Monica Connelly IV,Brent15@example.org,Schinnerview,888-608-3521,24
9626,Trenton Goodwin,Malcolm.Wiza65@example.org,Bertworth,1-825-406-1309 x191,20
9627,Ms. Mable Schumm,Agustin.Grant21@example.net,East Jenaberg,844-525-0814 x4327,30
9628,Rodger Dickens,Andres.Connelly95@example.net,Warrenhaven,1-732-408-6265 x85754,23
9629,Brittany Hyatt,Coby20@example.com,McDermottside,904.740.6294 x10052,64
9630,Ara Kerluke,Sydni_Shanahan5@example.com,Lake Lucia,268.830.9411 x709,56
9631,Sienna Maggio I,Pedro.Farrell-Kuhn25@example.org,Lake Candidastead,1-531-355-5021 x6781,60
9632,Dagmar Huel,Destin_DuBuque27@example.com,New Juanita,290-979-4400,27
9633,Elijah Pfannerstill,Anthony.Crona-Mayer53@example.org,West Gina,905-606-0554 x1387,33
9634,Roel Terry,Whitney65@example.net,Ernserfort,253-677-3338 x58151,36
9635,Sarah Waters,Delbert_Strosin@example.com,Fort Patsyport,947.684.6955 x206,51
9636,Jeanne Mitchell,Alden.Kuhn49@example.org,North Leonecester,841.374.4605 x350,19
9637,Ewald Harris,Russ_Frami@example.com,West Albertha,541-575-8539,47
9638,Bryan Koelpin-Mante,Yasmin_Bergstrom83@example.net,North Mandymouth,911-729-5236,51
9639,Liza Bechtelar,Lilly.Hermann@example.com,West Valley City,(280) 877-6799 x972,37
9640,Jimmie Schulist,Garry_Kuhic73@example.org,Fort Lamarchester,759-302-1120 x37755,28
9641,Jason Heaney,Anika.Balistreri-Abbott44@example.org,Lindabury,1-584-805-6365 x635,36
9642,Davonte Harvey,Darrin.Weissnat53@example.net,New Raphaelleview,1-940-396-7146 x4679,31
9643,Iris Treutel,Hazel9@example.com,Dublin,955-737-8979,36
9644,Pete Boyle II,Tania38@example.org,Nienowmouth,865.800.7262 x413,56
9645,Miles Kuvalis,Daron.Crona85@example.net,Reno,760.274.3952 x57867,22
9646,Ms. Yasmin Hagenes-McKenzie,Dustin50@example.org,O'Konborough,(895) 945-1192 x680,59
9647,Erika Bosco Jr.,Randy.McKenzie74@example.org,Grimesmouth,(851) 741-4601 x47822,62
9648,Sonya Jerde,Theresia_King51@example.com,South Graham,220.548.9765 x002,30
9649,Van Kreiger,Ruthie_Koss@example.org,Hanemouth,1-746-364-7727 x184,41
9650,Alexie Koelpin,Faye23@example.net,New Brunswick,375-570-9420 x511,49
9651,Corey Lockman,Hortense_Jones36@example.org,Palm Bay,1-503-658-2091 x7320,20
9652,Lewis Schmidt,Nina.Prosacco-Mayer99@example.org,Kaylahaven,633.738.1744 x3057,34
9653,Mason Torphy,Arne35@example.net,West Everette,1-361-411-5998 x1978,51
9654,Gillian Lehner,Barney_Funk@example.org,East Evahaven,1-628-934-9826 x83590,54
9655,Duane Bruen,Dexter.Jacobson@example.net,North Arianeport,613.351.0209 x1911,59
9656,Rafael Gorczany,Greyson.Terry56@example.net,Esperanzastead,280.224.9653 x2752,31
9657,Cheyenne Von,James.Schulist@example.net,Nitzscheworth,1-886-895-9793 x56470,23
9658,Olive Wuckert,Glennie11@example.org,North Holly,1-899-417-8240 x47175,30
9659,Donnie Langworth,Glenn17@example.com,Jordanehaven,648.209.7300 x87574,51
9660,Lonnie Heller,Nora63@example.org,Temecula,(483) 921-2709 x8071,21
9661,Pablo Berge,Dahlia53@example.com,Dudleycester,936.465.9300 x553,40
9662,Wilbur Padberg,Elise.Lind@example.com,West Heidishire,990-276-9647,62
9663,Mrs. Brady Abshire,Karina.Hayes50@example.com,Laurashire,(857) 389-5385,61
9664,Mae Gulgowski,Mckayla.Walter@example.com,Port Maggiebury,(312) 368-0959 x657,44
9665,Margaretta Mertz,Jeromy_Bradtke84@example.com,Leschstad,1-590-516-8985 x19671,35
9666,Candace Thiel,Bridgette_Prohaska@example.org,West Miltonview,1-351-507-3810 x6121,29
9667,Brandy Upton,Charity_Hills@example.com,Blazefurt,(689) 654-5859 x94478,60
9668,Joy Hyatt,Lexie22@example.com,Wilberland,709.754.6588 x112,42
9669,Fausto Ryan,Maudie_Koelpin36@example.org,Claycester,(381) 700-1551,58
9670,Silas Heidenreich,Elvira.Price@example.com,East Joannechester,514.872.7526 x05876,53
9671,Albert Flatley,Maxine_Altenwerth@example.org,Paterson,206.707.6306,22
9672,Liam Lehner,Kelsie_Wilderman89@example.com,Port Rolando,479-869-9446 x71036,53
9673,Krystel Smith,Greg.Hermiston75@example.com,Plainfield,(267) 264-8464 x9661,23
9674,Ansley Okuneva,Lorena_Pfannerstill60@example.org,Nikkohaven,1-762-736-4323 x970,23
9675,Ms. Erika Ondricka,Nettie85@example.org,Springfield,827-278-5783 x060,28
9676,Hector Gerlach,Shawna_West@example.org,South Floydville,(466) 394-8436 x2168,42
9677,Mr. Keaton Corkery,Savanah.Durgan@example.com,East Lela,746.366.6474,37
9678,Francisco Ortiz,Shane_Lemke33@example.net,Mirandastead,1-482-250-5393 x052,46
9679,Eino Johnson,Etha_Jakubowski@example.org,Greenholtport,(576) 965-2112,44
9680,Marilyne Witting,Alyson96@example.net,West Tadmouth,(455) 962-2043 x272,24
9681,Ms. Barbara Zieme,Kent_Huel@example.org,San Luis Obispo,(343) 471-6806 x0491,51
9682,Elizabeth Bernhard,Delores_Bayer16@example.com,North Anthonychester,1-472-368-5154,27
9683,Melvin Simonis,Suzanne_Robel28@example.org,Paterson,(837) 423-1161 x758,47
9684,Rasheed McCullough,Vivian18@example.com,Abernathyborough,598.207.0978 x1445,42
9685,Simeon Anderson,Vince51@example.com,Powlowskiburgh,615-774-3391,25
9686,Catherine Gottlieb,Alexandrine.Goyette17@example.org,Independence,1-434-809-7811 x591,23
9687,Gavin Sipes,Margret.Gutmann98@example.net,Lake Jennyton,775-925-4021 x9132,54
9688,Piper Abernathy,Gina.Reinger@example.com,Brooklynview,(887) 994-6440 x407,49
9689,Annetta Mohr,Concepcion.Block@example.com,Malden,(958) 284-1650 x465,18
9690,Mabelle Runolfsdottir,Donna.Schowalter@example.com,San Francisco,1-321-647-1794 x33251,23
9691,Soledad Ebert-Beatty,Ed_Schinner26@example.com,Quintenbury,1-561-371-7020 x92293,25
9692,Jonathan Brown,Percy52@example.net,Hoppeberg,603.790.4748 x02649,21
9693,Betsy Hane,Trevor_Ernser63@example.com,Stokesworth,941-590-1248 x071,29
9694,Annie Murray,Leland.Kuvalis86@example.net,Ernestinestad,1-532-671-4092 x8434,22
9695,Floyd Tremblay,Kianna.Franecki51@example.net,Feeneyfurt,(365) 889-2326,39
9696,Virgie Hane,Nicola78@example.org,Lyndafurt,718.318.0910 x95943,65
9697,Andrea Mitchell,Benny.Mohr-Stehr77@example.net,Andersonburgh,(450) 334-4427,62
9698,Arnold Powlowski,Drake82@example.org,South Ignacio,356-841-7040 x39269,23
9699,Enid Gutmann,Angelina53@example.com,New Danbury,441.212.3796 x216,44
9700,Clovis Kshlerin,Ubaldo88@example.com,New Rufusshire,1-461-705-2808 x7909,43
9701,Levi Reinger,Mamie17@example.net,East Anitafurt,1-605-635-4693 x88287,51
9702,Melyssa Fisher,Doreen_Osinski@example.net,Gislasonfield,(449) 302-4064 x516,32
9703,Lorenzo Zulauf,Randal51@example.org,New Cary,300.651.5003 x54335,64
9704,Savannah Boyer,Whitney6@example.com,Berthaburgh,1-711-270-5238 x855,50
9705,Ms. Rosie Bogisich Jr.,Vivian76@example.com,New Saul,1-990-723-7016 x275,45
9706,Winston Nicolas,Kailyn.Marquardt57@example.org,Missouri City,624.898.1588 x850,21
9707,Mr. Bernard Parisian,Christine.Lueilwitz27@example.com,North Ludiestead,1-547-200-0908 x0332,25
9708,Magdalena Brakus II,Stephen_Crist53@example.com,Mamieborough,1-260-940-1120 x975,46
9709,Cameron Rau,Bernice.Corwin@example.org,Marlonhaven,402-227-8638 x89440,58
9710,Ron Blick,Loretta.Romaguera@example.net,Port Giuseppe,543-632-8291 x4274,63
9711,Ross Dietrich-Lindgren,Yvette.Smith@example.org,Thadview,1-542-242-4756 x434,27
9712,Dante Harber,Vickie76@example.net,Milpitas,(656) 591-4450 x3684,45
9713,Myrtis Adams I,Danial_Dicki@example.net,Lake Helenmouth,737-694-2508 x0963,46
9714,Karson Russel-Schuppe,Tamara20@example.net,Fort Jill,(844) 815-2094 x587,21
9715,Ms. Carol Hamill,Allison_Feil14@example.com,Shreveport,1-369-698-3075 x89914,42
9716,Francisco Vandervort,Thea.OHara@example.com,Adamcester,292.267.3982 x95474,53
9717,Ottilie Reilly,Adalberto_Steuber@example.net,Utica,1-521-806-2395,35
9718,Jeremiah Weimann,Rudolph.Hodkiewicz@example.net,Israeltown,293-506-3868 x53386,29
9719,Ernie Walsh,Celia.Zulauf@example.com,Gradyberg,(849) 406-4061 x219,35
9720,Kari Dooley,Lynne_Macejkovic@example.net,La Mirada,509.836.1226,21
9721,Neal Bosco DVM,Shayna4@example.com,Fort Ona,757.334.5882 x827,34
9722,Yvonne Hilll,Alejandra.Bashirian8@example.org,VonRuedenland,773-909-4139 x43418,30
9723,Miss Andrea Bednar,Harriet.Muller@example.net,Sioux Falls,1-273-320-9433 x174,65
9724,Paul Lockman,Kayden0@example.net,Town 'n' Country,256.942.2231 x496,65
9725,Miss Shari Aufderhar,Trinity28@example.net,Phoebeworth,909.809.6774 x97875,54
9726,Dejuan Daugherty,Edna42@example.org,Wintheiserfurt,1-263-233-8629 x683,29
9727,Guillermo Stiedemann,Adrian70@example.org,Gusikowskihaven,457.834.6914 x89945,53
9728,Johnathan Bernier-Gutmann,Gardner_Lockman@example.com,South Viola,240.918.1728 x79720,60
9729,Daisy Stanton,Johnpaul29@example.org,Carrollberg,1-367-893-9128 x84665,25
9730,Mr. Anais Tillman,Frances5@example.com,New Sebastianstad,1-826-971-1400 x761,51
9731,Erick Lockman,Nelda_Gerhold-Olson24@example.com,Lafayette,544.455.6780 x15901,28
9732,Buster Smith,Marilyne.Lesch@example.net,East Amanishire,386.348.5854 x75835,25
9733,Carla Rempel,Josephine.Gleason14@example.com,Gislasonside,659.348.3756,32
9734,Jessie Herzog,Frederick.Jacobs@example.org,New Lina,474-349-5001 x044,33
9735,Mr. Ozella Thiel,Hannah.Conn@example.com,South Sylvan,806-979-2519 x52282,61
9736,Kristian Kilback,Gwen59@example.com,Lake Israel,839-756-8115 x497,48
9737,Daija Thiel,Grover_Gorczany@example.net,Meridian,(483) 961-1491 x70799,47
9738,Trystan Labadie DVM,Emmitt.Schulist81@example.net,Fort Matthew,1-728-307-6821 x4701,54
9739,Hector Koepp,Aryanna.Reinger@example.com,Fort Genevaboro,(215) 287-5135 x0453,64
9740,Mr. Andre Gottlieb,Leanna_Schmeler7@example.com,Fort Estelle,917-679-1182,18
9741,Thelma Volkman,Paulette8@example.net,Kunzefield,702.630.4516 x0755,56
9742,Ida Robel,Lilian_Lang79@example.com,Chesapeake,(724) 527-6069 x288,58
9743,Jeff Hayes,Janet_Bernier69@example.net,North Albert,647-937-8172 x854,29
9744,Jettie Pfeffer Sr.,Jeanette.Powlowski@example.net,Margecester,1-353-733-2148 x17711,25
9745,Amparo Rosenbaum,Sunny52@example.net,Port Bertram,(417) 601-4136 x520,50
9746,Haleigh Sipes Jr.,Caden.Effertz48@example.net,East Essie,1-293-580-2161,42
9747,Angie Steuber,Kristie_Hoeger88@example.com,State College,821.543.6125 x646,43
9748,Rosemary DuBuque,Phillip.Jaskolski25@example.net,Tamaraview,747-391-1503 x4972,51
9749,Alfredo Friesen,Kristine.Johnson68@example.com,North Kennedy,874.407.9120 x787,31
9750,Leon Stehr,Lucy_OConner74@example.org,New Xzavierberg,(682) 763-6106 x916,64
9751,Kaleigh Fahey,Torrance54@example.org,Lake Annabelville,1-414-877-1777,29
9752,Mrs. Wendy O'Reilly,Abraham46@example.net,South Rex,(616) 799-0802 x782,30
9753,Jaden Greenfelder,Uriel_Roberts@example.com,North Ernestina,429.978.9487,35
9754,Gary Jakubowski,Sydney.Weimann@example.net,Longmont,(350) 461-7363 x03228,18
9755,Shanny Reilly,Alfonso.Feest@example.net,Peggyside,(668) 380-8777,44
9756,Gayle Batz,Sophia.Moore@example.net,Sioux City,257.640.9756 x99357,47
9757,Jaime McCullough,Douglas27@example.net,Lake Lorenaberg,1-378-436-7078 x3556,42
9758,Roberto Grant,Grace.Shanahan-OReilly@example.org,Lake Charles,423.358.9496 x82305,35
9759,Francesco McGlynn,Janie6@example.net,Heathcotemouth,836.239.2723 x371,52
9760,Jim Skiles,Sherman_Kub@example.com,Miami Gardens,1-614-937-9789,52
9761,Anika Harber IV,Augusta_Buckridge@example.com,New Isac,1-375-507-2471 x7363,30
9762,Louis Swaniawski,Blake_OHara86@example.org,East Kieranland,(439) 891-6074 x501,26
9763,Candice Dooley,Keaton21@example.com,Katieshire,905-294-4605 x2196,40
9764,Miss Elsa Wyman III,Vince74@example.net,Bryan,1-397-880-7605 x865,46
9765,Rossie Fay,Kathryne.Goyette22@example.com,East Robertaside,1-989-829-6992,58
9766,Kent Frami,Estelle_Terry58@example.com,East Jovani,(533) 387-1552 x7306,43
9767,Randall Keebler,Bradford.Trantow-Conroy33@example.com,Westland,1-573-645-9689 x21643,44
9768,Angelica Wunsch,Kelley_Connelly@example.com,West Molly,822-802-1418 x450,61
9769,Gretchen McGlynn,Rosina_OConner3@example.com,Tremaineboro,(693) 337-3498 x81166,47
9770,Melinda Ankunding,Ursula76@example.org,Stiedemannside,1-956-600-5924 x306,53
9771,Patti Botsford,Loren.Ullrich24@example.com,South Ernest,1-298-472-5046 x758,25
9772,Orland Spencer,Uriah24@example.org,Fort Roryton,1-538-608-2418 x905,20
9773,Marshall Funk,Eva_Douglas@example.com,Fort Vernstead,276-295-5868,21
9774,Gwendolyn Monahan,Lonnie66@example.org,South Ervin,(261) 259-2716 x087,26
9775,Dr. Luna Murphy-Stroman,Lamar12@example.org,North Pete,(514) 883-2878,55
9776,Lillian Stark,Stan_Sawayn@example.com,South Dwayneberg,(675) 806-3924 x89047,30
9777,Rolando Kertzmann II,Nya.Homenick2@example.com,Pembroke Pines,887.835.9165 x040,28
9778,Jake McCullough,Olen.Orn96@example.com,Novi,1-294-960-7831 x823,65
9779,Isadore O'Kon IV,Lester.Rohan@example.com,East Marlene,1-262-300-3406,40
9780,Rowena Greenholt-Legros,Coleman33@example.org,Earlineport,(666) 292-1831 x3733,63
9781,Fatima Feest Sr.,Brooke.Howell@example.com,San Luis Obispo,386.846.4963 x1214,41
9782,Ethelyn Goyette,Carla.Koelpin@example.com,New Nikolasborough,1-468-408-3647,24
9783,Karla Raynor,Renee_Hegmann@example.com,Laylaside,923.895.1923 x431,33
9784,Sally Bayer,Lavada10@example.org,Jacobsborough,678.779.8217 x43026,24
9785,Delores Moore,Devin.Dicki85@example.org,Jacobsontown,819.824.9137,50
9786,Katelyn O'Reilly Jr.,Vicki.Huel23@example.com,Bauchboro,459-836-7461,39
9787,Mariana Thiel,Angie.Ferry@example.com,Port Jimmiemouth,1-578-797-5643 x6992,33
9788,Skye Dickinson,Mable.Hackett@example.com,North Zoilacester,284.289.0988 x53845,65
9789,Camryn Kihn DVM,Edward44@example.org,Port Cathy,(344) 288-1658,27
9790,Maud Smitham,Ernest_Beatty40@example.org,South Melba,1-738-461-3931 x608,52
9791,Elwyn Hilpert,Delia_Jacobi9@example.net,Harryborough,224-313-5319,58
9792,Landen Rau,Chad_Wuckert@example.org,Port Victoria,252.795.3171 x712,23
9793,Ruby Haley,Della_Ernser@example.net,East Jacksonport,1-291-643-2402 x0292,46
9794,Mr. Frankie O'Reilly,Margarett51@example.org,Leestead,266-531-0442 x862,60
9795,Sergio Thompson,Glenn46@example.com,South Darrylside,286-535-3176 x9832,36
9796,Giuseppe Kunze,Juana0@example.net,South Reggie,(894) 291-4990 x0601,59
9797,Mr. Dwight Heller,Charity.Waters@example.org,Trantowville,(853) 418-3382 x9432,28
9798,Lon Bernier Jr.,Jodi_Cummerata70@example.net,Homermouth,(864) 247-8399,30
9799,Howard Borer,Irving_Larson@example.org,South Marshaworth,(413) 569-8540 x1319,39
9800,Katharina Kassulke,Flora.Moen@example.com,Conroytown,1-654-670-9428,43
9801,Tara Murazik,Linda34@example.org,Lake Gary,984-285-3147 x997,28
9802,Grant Block,Jaquelin.Schneider57@example.org,Fort Josueworth,(281) 655-7640 x1905,53
9803,Rodrick Hills,Kendra_Kemmer65@example.org,Revastead,460.346.6155 x705,36
9804,Antoinette Klein,Sarah54@example.com,Lee's Summit,(930) 913-4562,20
9805,Ona Muller,Diana.Kirlin-Simonis@example.com,East Aylaboro,1-981-548-0040,41
9806,Gustave Smitham,Dawson11@example.net,New Preciouschester,1-467-614-8714 x9747,28
9807,Lela Barrows,Reginald1@example.net,Vernaburgh,1-736-228-1302 x95918,56
9808,Blanche Beahan,Levi_Johnston@example.com,Marietta,841.320.5713 x1188,46
9809,Eddie Keeling,Lynne88@example.com,Fort May,(660) 244-2129 x777,47
9810,Herminia Gerhold,Evangeline55@example.com,Fort Lauderdale,763-327-8392,45
9811,Kole Rath,Turner.Glover83@example.net,Demetrisshire,947-315-6153 x5655,56
9812,Eden Zemlak II,Elvira.Kessler17@example.net,Ashlynnbury,885-643-6232 x501,36
9813,Nelle Reilly I,Bartholome.Bins@example.com,Edythton,1-396-629-4037 x5605,28
9814,Arlene Okuneva,Kevin_McKenzie@example.org,South Robertostad,(467) 283-1523 x30628,22
9815,Mr. Chad Lind,Alicia_Herman55@example.net,Hialeah,1-839-946-9115 x6257,61
9816,Traci Blick-Windler,Ross38@example.org,Lake Tysonshire,821-875-5797 x30168,62
9817,Savannah Kiehn,Milton_Streich@example.com,New Annabellhaven,904-355-6343,27
9818,Brendan Jenkins,Eduardo69@example.com,West Jamiechester,944.510.8687 x845,55
9819,Dr. Alberta Blanda-Goldner,Marie5@example.com,Cummingsborough,469-614-6204 x68071,34
9820,Ronald Gleichner,Rudy_Stoltenberg@example.com,Keeblerview,369-668-9580,65
9821,Madisen Jacobs,Bethany.Yundt@example.org,South Richmond,1-237-946-4554,38
9822,Mr. Joaquin Aufderhar,Dan2@example.net,North Briceville,791-706-4190 x5744,22
9823,Samuel Boyer,Sierra_Quigley5@example.org,Maceymouth,848-450-3358 x679,31
9824,Nina Davis,Callie_Friesen51@example.org,Menifee,(337) 766-9415 x116,60
9825,Joshua Veum,Megane_Ratke@example.net,Damonhaven,1-712-904-1054 x36698,20
9826,Cade Runolfsdottir,Laverne.Waelchi3@example.net,Yucaipa,(640) 825-0100 x3309,50
9827,Mr. Freddie Effertz,Myron_Mueller@example.com,Lindgrenshire,1-222-800-2986 x9862,26
9828,Chelsea Wisoky Jr.,Brandon60@example.net,Walsh-Lueilwitzfurt,1-707-754-0272 x97279,37
9829,Paula Thiel,Jonathon64@example.net,Lamarfurt,1-516-625-6977,50
9830,Rosemarie Pfannerstill Jr.,Austen.Ferry72@example.com,Fort Irene,934.292.1837,49
9831,Priscilla Stamm,Maggie_DAmore11@example.org,Littleside,450-553-6202 x26662,28
9832,Bernadine Swift,Philip_Becker@example.com,Alexstad,261-648-3617,21
9833,Diane Cremin,Lisa.Medhurst@example.com,Clevelandmouth,(869) 888-3741 x491,64
9834,Mr. Phillip Schmidt,Henry52@example.net,New Cora,(645) 463-3901 x8638,36
9835,Margie Will-Hessel,Abel.Anderson@example.org,Lesterborough,271-884-2009,57
9836,Lesley Hahn,Harrison69@example.net,Gradyfurt,1-552-792-4430 x90443,50
9837,Elmo Braun,Melody.Schmidt43@example.com,Fort Stanleyfurt,251-322-3552,31
9838,Dr. Darnell Schaden,Kathryn31@example.com,Lake Ginastead,475.620.8694 x68783,27
9839,Sierra Gislason,Felicita_Hansen@example.com,East Laurence,498-850-0624 x068,59
9840,Freda Raynor,Henrietta.Weimann81@example.org,Fort Darrinfort,(259) 864-6716 x88905,59
9841,Elsa Medhurst,Maddison_Runolfsdottir37@example.org,Kelsiville,880-266-4709 x68344,58
9842,Alysson Nienow,Hassie.Stracke@example.com,Green Bay,(287) 202-0110,58
9843,Miss Kellie Borer,Alan61@example.net,East Vernonfurt,364.369.2077 x6653,40
9844,Sylvia Christiansen,Faye_Borer98@example.org,Port Nicholasstead,1-495-406-9525,46
9845,Darby Homenick,Miles24@example.com,Hackettworth,1-457-923-1744 x73823,46
9846,Mr. Declan Krajcik,Mamie.Lubowitz@example.net,Port Iratown,(755) 636-6580 x8385,38
9847,Guiseppe Cormier,Vito_Lehner39@example.com,Kent,617-331-2253 x77182,25
9848,Caroline Herman,Lawson.Johns29@example.com,Treutelstad,1-343-285-4269 x01744,22
9849,Brielle Rowe-Strosin,Luther_Wuckert-Marks42@example.net,Wichita Falls,277-741-4639 x6602,33
9850,Kirk Hodkiewicz,Carlos_Terry@example.net,South Helenfort,748.681.3629 x3816,49
9851,Tyrone Nader V,Germaine_Armstrong96@example.net,Lake Fridatown,1-867-246-7441,49
9852,Grant Welch-Crooks,Susan63@example.net,Olgatown,1-813-417-3284,28
9853,Cordia Kuhn-Pfannerstill,Lonnie_Mueller46@example.com,Meridian,(367) 784-4232 x95143,32
9854,Mrs. Lena Green-Gorczany,Alonzo.Klocko@example.net,Pasqualeberg,243-677-5843 x99594,26
9855,Richard Williamson MD,Agnes_Luettgen@example.com,Leonberg,(282) 347-2734,32
9856,Damian Satterfield,Evans_Mann@example.org,Mindyborough,416.295.2996 x121,63
9857,Myrna Wisoky,Quincy.Baumbach@example.net,Columbus,992-529-4474 x927,38
9858,Julie Reinger,Alexis.Schmidt@example.com,New Forest,1-390-591-9376 x7557,37
9859,Stacy Breitenberg,Rory.Gusikowski73@example.net,Port Audracester,594-451-6860 x09981,64
9860,Amber Botsford,Sonia.Yundt60@example.org,East Hiram,610.936.8437 x16991,51
9861,Arely Wehner,Emely_Bruen41@example.org,Faheyhaven,(208) 992-5707,33
9862,Ms. Lucile Franecki V,Wendell87@example.org,Cassinfield,479-228-2799 x09152,46
9863,Eleanore Bashirian,Ramon35@example.net,Mullerstad,1-718-430-9983 x35267,62
9864,Berniece King,Alejandro_Gleichner@example.net,White Plains,641.351.7153 x4082,56
9865,Terrance Nolan,Parker_Bins90@example.org,Franeyshire,690.471.1874 x6015,42
9866,Travis Farrell,Roger.Gottlieb@example.net,Opalton,(606) 412-3689,21
9867,Della Lehner,Lawson51@example.com,West Demondberg,208.327.2481 x121,61
9868,Lloyd Zemlak,Sheldon30@example.org,Fort Josephineview,(979) 423-1506 x55991,30
9869,Jack Cummings,Henry.Upton@example.com,Racine,(441) 294-8504 x376,38
9870,Bertha Donnelly V,Leroy.Kshlerin57@example.net,New Cecilia,348.274.1068 x554,20
9871,Mattie Leannon,Fred.Pfannerstill80@example.net,Redwood City,1-994-657-7898 x6936,27
9872,Tavares Zboncak Sr.,Franklin.Harris-Dare79@example.org,Reichelchester,645-818-3454 x77801,46
9873,Ivory Schroeder-Schuster,Carole.Kuhn6@example.net,Brandon,(923) 888-4706 x9153,36
9874,Jodi Koepp,Erna.Klein51@example.com,South Douglas,225.379.7493 x9559,65
9875,Jana Pagac,Elbert_McLaughlin@example.net,East Denise,744.967.7927 x81309,26
9876,Juana Johns,Wiley.Sauer36@example.org,Leannonfield,611-276-6533 x0915,45
9877,Fatima Heidenreich,Viola.Jaskolski51@example.org,Bechtelarborough,624-542-0459 x94277,30
9878,Estelle McCullough,Garrett7@example.com,Alexandria,1-567-544-1140 x7457,19
9879,Tamara Ryan,Connie_Schmidt1@example.com,Lake Ena,837-542-3975,50
9880,Roland Hayes,Libbie34@example.org,West Bradlycester,1-457-432-2662,28
9881,Todd Wintheiser,Eleanora_Sauer79@example.net,Hirtheport,(321) 892-6334 x4159,45
9882,Kiara Mraz II,Ann.Kulas@example.com,Roweport,886.498.6744 x72533,20
9883,Conner Quigley,Libbie.Torphy62@example.com,South Ceceliafield,(844) 656-8278,25
9884,Harry Corwin,Diamond.Baumbach49@example.com,West Leonelstead,346.497.2924,41
9885,Mac O'Hara PhD,Camila42@example.org,Leesburg,541-384-8743 x25359,49
9886,Braxton Thiel,Richie_Robel@example.net,Donaldfield,1-773-885-2701 x97658,26
9887,Myrtie Hilpert,Holden_Crist-Ondricka54@example.com,Denesik-Zboncakfurt,380-598-5228 x7719,64
9888,Miss Pink Roberts,Malcolm_Upton49@example.com,Novellahaven,878.897.8254 x90165,33
9889,Jane Witting,Geoffrey11@example.net,Schneiderfield,334.909.9915 x287,61
9890,Marcia Pfannerstill,Jennifer_Conroy25@example.org,Joanfort,280.289.1929 x8365,65
9891,Conrad Bartell,Norwood.Pacocha41@example.net,Stewartview,(596) 712-0377 x19804,28
9892,Mildred Hessel,Spencer_Hane15@example.org,South Tiffanyshire,1-602-532-4335 x8991,50
9893,Christina Jast,May89@example.com,Jenkinsstead,514-998-0864 x1448,43
9894,Kenyon Kihn,Alicia_Hirthe12@example.org,Port Carliview,(590) 988-8816 x24429,31
9895,Olive Parker,Joannie.Crooks63@example.org,South Hettie,1-305-773-1098 x2115,30
9896,Xander Bartell,Shari84@example.net,Blandaworth,985.421.8861 x449,65
9897,Andreane Walker,Marian_Quitzon@example.org,Porterville,1-305-945-8694 x082,64
9898,Sandy Abernathy,Jermain21@example.net,North Lauriane,795.866.1376 x82293,49
9899,Tammy Ullrich,Jodi_Lynch38@example.net,Buffalo Grove,1-377-578-3264,28
9900,Terry Larson Sr.,Wilma_Barton@example.org,Victorchester,805.337.4670 x55545,44
9901,Emma Greenholt,Gregory_Lind36@example.org,East Tim,981-491-2660 x89344,35
9902,Zion McLaughlin MD,Mildred_Leuschke@example.org,West Salvador,541.588.5244 x7962,23
9903,Daron Toy,Caleb_Langworth8@example.org,South Albert,753.851.3007 x137,46
9904,Maverick Schneider,Kaya21@example.com,New Mattie,936-859-8967 x973,58
9905,Etha McClure,Celia.Quitzon@example.net,North Bennettchester,433-736-5071 x0939,36
9906,Alysa Herman,Immanuel_Block0@example.com,Sengerberg,1-847-813-7955 x8764,54
9907,Nicole Walter,Kristina41@example.net,Bernhardside,380.452.8878 x41026,30
9908,Caroline Price,Leah27@example.org,Redding,319.280.7080,39
9909,Rosalia Deckow DDS,Melinda39@example.net,Lake Delbert,(693) 926-0215 x1012,22
9910,Corey O'Kon,Laney_Gottlieb79@example.org,Boyerfield,(791) 532-2436 x95369,46
9911,Roderick Fay,Rosalyn78@example.org,Kuhlman-Murazikstead,438.674.2869,20
9912,Isabelle Connelly,Angelina_Dibbert81@example.net,New Paula,1-925-674-8032 x88209,42
9913,Calvin Schaefer,Alanna.Waters@example.org,Fort Jacqueschester,704-303-6095,52
9914,Elisabeth Goodwin,Casimir_Rodriguez@example.net,North Frankburgh,629.452.7234 x701,55
9915,Kathy Tromp,Alexandra_Friesen79@example.net,Emelieburgh,(468) 765-5205,33
9916,Darlene Borer,Jaylon_Kulas@example.com,Heidenreichfield,(845) 340-7937 x76232,45
9917,Sharon Reichert,Myrtle_Cummings76@example.org,Port Lesly,584-810-8431 x7484,24
9918,Kane Hansen,Lance_Hintz@example.com,West Rosemarie,293.386.7633 x1541,61
9919,Ms. Melody Weissnat,Eduardo.Botsford49@example.org,Kateside,202.634.0936 x88971,39
9920,Connor Barrows,Jaylon80@example.net,Des Moines,444-348-3487,49
9921,Marcelo Fahey,Joann.Kiehn50@example.com,Lake Birdiehaven,1-952-315-2306 x4946,27
9922,Clifford Blick,Myah_Medhurst@example.org,Ocala,(950) 634-1457 x28172,36
9923,Heather Windler,Eldred_Hessel@example.com,Ebertview,858-745-7775 x2476,25
9924,Ms. Wendy Gibson I,Nicole5@example.org,Madelynstead,(385) 733-3500 x2538,28
9925,Eva Koepp PhD,Estefania.Green73@example.org,Davonteworth,(238) 764-4941 x470,60
9926,Frank Stracke,Katharina.Tremblay@example.com,West Wilsontown,(866) 227-5074,40
9927,Willard Buckridge,Elna_Mohr68@example.com,Port Fredyview,(575) 743-7975 x95711,36
9928,Tomasa Connelly,Martine.Stoltenberg95@example.org,North Maximustown,900.318.8437 x37312,53
9929,Jeromy Jacobs,Rosie31@example.net,Fort Ericaburgh,(922) 712-4532,55
9930,Ms. Deanna Kohler,Vladimir_Kuhic14@example.com,Trantowworth,1-448-348-7443,22
9931,Nancy Buckridge,Ashlee_Bradtke@example.net,Grantborough,1-331-553-8793,54
9932,Malvina Mitchell,Lafayette14@example.com,Dorcasstead,(731) 952-8452 x826,50
9933,Rachelle Baumbach,Paxton.Mertz80@example.org,Wolfchester,1-518-743-8601 x69790,34
9934,Theodore King,Makenna_MacGyver@example.com,Lavonnehaven,323.321.0037,36
9935,Bertha Kreiger-Kuhic,Dayne.Lebsack@example.com,Fort Jonathan,(972) 453-3874,60
9936,Matthew Fay,Margarete69@example.net,Fort Jameson,239-307-6417 x1375,36
9937,Estella Dare,Donna58@example.net,Scranton,815-678-2174 x45486,23
9938,Agnes Hoeger II,Christophe_Rutherford@example.com,North Dwightworth,(262) 454-5207 x4515,64
9939,Darren Kihn-Grimes,Chaim.Leffler@example.net,West Michellefort,(796) 832-7287 x084,65
9940,Richie Bartell MD,Virginia_OConnell@example.org,Fort Ricardo,(262) 690-0990 x18132,51
9941,Tod Padberg,Kevin.Greenholt70@example.org,Fort Kristenside,(374) 297-4039 x96537,51
9942,Hanna Stokes,Henriette.MacGyver75@example.org,Port Jaclyn,971.744.4785,29
9943,Aaron Gottlieb,Oswald14@example.com,Camillaland,(264) 665-8044 x7815,59
9944,Lindsey Ritchie,Gavin.Mitchell-Lueilwitz42@example.com,Port Leilashire,557.351.0462 x0020,45
9945,Blanca Koss PhD,Allison_Boehm@example.org,West Silvialand,1-589-516-8163 x17296,37
9946,Hilda Douglas,Mattie16@example.com,Vonburgh,808-589-3174,58
9947,Ansel Leannon V,Brandon43@example.net,Treutelfurt,453-545-9818 x301,33
9948,Chelsea Heidenreich,Dena.Stark@example.net,Lake Tavares,288-441-9249 x98844,54
9949,Ms. Jeannette Effertz DVM,Jermaine2@example.com,Fort Michaelfurt,620-516-3299 x5193,19
9950,Monte Collins,Kevin88@example.org,Hattiesburg,1-248-358-8974 x876,29
9951,Mckenzie O'Connell Jr.,Minnie_Vandervort89@example.org,Port Brooklyn,511.879.0984,50
9952,Elva Davis,Dave97@example.net,Port Nestorton,(699) 942-9028,65
9953,Neal Ward,Gregory_Dooley@example.org,Monahanburgh,1-396-224-4788,46
9954,Tracey Reichel,Jacob.Witting@example.org,North Mamieland,557-929-1172 x65247,62
9955,Leticia Mann,Marilyn_Bergstrom-Fahey@example.com,San Francisco,965-439-4738 x592,30
9956,Lela Von,Ally_Fahey19@example.com,West Ward,1-522-633-7589 x4391,24
9957,Margie Hodkiewicz,Stacey.Brown@example.net,La Mesa,857.822.7619,60
9958,Rhett White,Muriel28@example.org,Rathworth,891.756.7988 x719,31
9959,Allen Goodwin,Loren_Luettgen10@example.com,North Kellyfield,858.232.4004 x217,52
9960,Geoffrey Runolfsson,Tara.McKenzie@example.com,Wilmington,(440) 848-5917 x338,28
9961,Lillie Emmerich,Bessie.Bahringer92@example.com,Lyleborough,(469) 805-4552,57
9962,Penny Kozey,Carrie61@example.org,Salt Lake City,907.805.7163,33
9963,Mr. Peter Crist,Axel9@example.com,South Donnyfurt,1-911-839-3657 x316,55
9964,Mariam Thiel Sr.,Mitchell14@example.com,Juanitastead,(479) 756-6844 x30498,49
9965,Mona Stokes PhD,Rosetta17@example.net,Rosieland,348-775-2605,45
9966,Allen Shields,Reva_Botsford-Kassulke98@example.com,South Scottie,(507) 625-4574 x562,57
9967,Chester Monahan,Donna.Grant0@example.com,Jaskolskiview,1-397-270-4911,52
9968,Marcelino Prohaska,Dennis.Moen@example.org,York,549.992.0236 x2811,46
9969,Monserrate Fritsch,Mildred.Dibbert79@example.com,Lodi,(625) 574-8778,19
9970,Ericka Muller,Marty30@example.org,Fort Loriside,1-908-787-2505 x95916,39
9971,Mr. Frederick Hessel,Genevieve.Bode62@example.org,West Brennan,(820) 736-0042 x1097,48
9972,Rodney Jerde,Dixie.Lindgren23@example.com,Rogeliostad,353.480.8922 x3155,40
9973,Clay Ruecker,Mabel.Veum@example.org,Cartwrightboro,(741) 529-6833 x7703,51
9974,Mr. Scotty Anderson,Roy92@example.net,Fort Rosemary,576-720-5288 x81117,40
9975,Thelma Davis-Bergstrom,Juliet84@example.net,West Caryfurt,(566) 345-1512 x62640,48
9976,Lamar Treutel,Eve_Altenwerth@example.net,New Clarafurt,1-827-231-6083 x8964,46
9977,Loretta Aufderhar,River.Metz@example.com,Lake Stephonworth,1-462-961-8414,36
9978,Caroline Nader,Ella.Trantow@example.net,Lake Rahulbury,778.902.1569 x7282,45
9979,Lillian Towne-Hermiston,Jeanne_Lowe10@example.net,Quigleystad,411.964.2717,34
9980,Kendra Dooley,Kaleigh.Beahan@example.org,Bartonstad,905-660-1296 x64675,56
9981,Ronald Strosin,Omar.Walker49@example.com,Fort Colleenstead,274-816-2777 x68871,61
9982,Dillon Crooks DVM,Hannah_Labadie75@example.org,New Kattietown,494.936.9225 x7598,22
9983,Mr. Salvatore Grady,Dominick_Dickens57@example.org,West Vanessa,671.592.6267,32
9984,Jess Schinner,Pam97@example.net,Cranston,293.300.4832 x7913,48
9985,Pam Wilderman,Nelda72@example.net,Palm Coast,705.722.9399,45
9986,Caleb Hegmann,Orville_Grimes18@example.com,New Richmondbury,(943) 995-0181 x302,33
9987,Stefanie Pacocha,Jaida6@example.com,Lauderhill,(714) 603-0437,29
9988,Meagan Rodriguez,Melvin_Hettinger52@example.org,O'Haraburgh,244.359.6174 x8243,54
9989,Delpha O'Hara DDS,Gerardo.Hudson@example.net,West Esperanzachester,752-416-6348,24
9990,Reba VonRueden,Fernando_Kreiger85@example.com,Joanaborough,1-924-203-7497 x6821,54
9991,Virgil Mraz V,Tiffany.Feeney@example.net,North Alan,636.630.6652,40
9992,Dave Hane,Dagmar.Schamberger28@example.org,Lake Ken,(662) 581-1208,27
9993,Dr. Saige Stanton II,Meredith55@example.net,Erdmanbury,897-965-9103 x48826,52
9994,Noemie Powlowski,Sonia_Aufderhar43@example.net,Jenkinsfort,1-616-757-1621 x90995,22
9995,Cassandra Bauch,Alda.Wintheiser@example.org,Koelpinburgh,891-711-5820 x9183,27
9996,Jordane Kassulke-Fadel,Lacy.Parker35@example.com,Stromanburgh,(256) 408-4231 x71045,61
9997,Mr. Ludwig Stoltenberg,Linda.Koss@example.com,Salmashire,1-817-452-4797 x468,41
9998,Betty Hermann,Tony_Rempel15@example.net,West Zoilaborough,722-941-3448,61
9999,Raphaelle Waters,Jerry_Schimmel@example.org,Harrisburg,809.843.2131 x3115,47
10000,Mr. Tony Bartoletti,Henderson.Erdman38@example.net,Baytown,1-665-285-3702 x0696,49
